#VRML V2.0 utf8
# 3D model generated by easyeda2kicad.py (https://github.com/uPesy/easyeda2kicad.py)

Shape{
    appearance Appearance {
        material  Material 	{
            diffuseColor 1.0 0.6431372549019608 0.1803921568627451
            specularColor 0.5019607843137255 0.3215686274509804 0.09019607843137255
            ambientIntensity 0.6971
            transparency 0.0
            shininess 0.5
        }
    }
    geometry IndexedFaceSet {
        ccw TRUE
        solid FALSE
        coord DEF co Coordinate {
            point [
                -0.0138 -0.9626 3.2941, -0.0138 -0.9626 3.2307, 0.1403 -0.9626 3.2307, -0.0138 -0.9626 3.5482, -0.0138 -0.9626 3.5012, 0.1403 -0.9626 3.5012, 0.2014 -0.9626 3.7095, 0.2137 -0.9626 3.711, 0.1499 -0.9626 3.711, 0.2428 -0.9626 3.5492, 0.2325 -0.9626 3.5482, 0.2855 -0.9626 3.5482, 0.3154 -0.9626 3.6913, 0.3154 -0.9626 3.64, 0.3587 -0.9626 3.64, 0.6716 -0.9626 3.5495, 0.6553 -0.9626 3.5933, 0.5965 -0.9626 3.5933, 0.3254 -0.9626 3.295, 0.3185 -0.9626 3.2941, 0.3587 -0.9626 3.2941, 0.2903 -0.9626 3.2946, 0.2855 -0.9626 3.2962, 0.2855 -0.9626 3.2941, 0.5159 -0.9626 3.3676, 0.5159 -0.9626 3.3137, 0.5459 -0.9626 3.3137, -0.8053 -0.9626 3.4894, -0.8029 -0.9626 3.5012, -1.0919 -0.9626 3.5012, -0.1515 -0.9626 3.5841, -0.1209 -0.9626 3.5577, -0.0138 -0.9626 3.711, -0.2797 -0.9626 3.711, -0.2536 -0.9626 3.6934, -0.2164 -0.9626 3.6506, -0.1921 -0.9626 3.6035, -0.1853 -0.9626 3.6012, -0.3615 -0.9626 3.7477, -0.3044 -0.9626 3.7276, -0.0138 -0.9626 4.0551, -0.5174 -0.9626 3.7254, -0.4649 -0.9626 3.7457, -1.0919 -0.9626 4.0551, -0.4084 -0.9626 3.7526, -0.7523 -0.9626 3.6058, -0.742 -0.9626 3.6153, -1.0919 -0.9626 3.711, -0.5405 -0.9626 3.711, -0.545 -0.9626 3.7082, -0.7038 -0.9626 3.6409, -0.6613 -0.9626 3.656, -0.6213 -0.9626 3.6604, -0.5718 -0.9626 3.6853, -0.6082 -0.9626 3.6597, -0.5951 -0.9626 3.6581, -1.0919 -0.9626 3.5482, -0.7963 -0.9626 3.5343, -0.7897 -0.9626 3.5482, -0.7772 -0.9626 3.5747, -0.6669 -0.9626 3.2972, -0.6866 -0.9626 3.3034, -1.0919 -0.9626 3.2941, -0.7271 -0.9626 3.3247, -0.758 -0.9626 3.3519, -0.7623 -0.9626 3.3568, -0.7863 -0.9626 3.3935, -0.8014 -0.9626 3.4362, -0.8058 -0.9626 3.476, -0.6163 -0.9626 3.2351, -0.6386 -0.9626 3.2519, -1.0919 -0.9626 3.2307, -0.6555 -0.9626 3.2728, -0.6654 -0.9626 3.2941, -1.0919 -0.9626 0.9843, -0.59 -0.9626 3.2241, -0.6058 -0.9626 3.2307, -0.5116 -0.9626 3.2307, -0.5312 -0.9626 3.2232, -0.0138 -0.9626 0.9843, -0.5587 -0.9626 3.2198, -0.5632 -0.9626 3.2199, -0.452 -0.9626 3.2941, -0.4521 -0.9626 3.2939, -0.4655 -0.9626 3.2685, -0.4831 -0.9626 3.2487, -0.5058 -0.9626 3.2329, -0.1215 -0.9626 3.3462, -0.1539 -0.9626 3.3191, -0.0997 -0.9626 3.3762, -0.4733 -0.9626 3.4099, -0.3207 -0.9626 3.4896, -0.4932 -0.9626 3.428, -0.5173 -0.9626 3.441, -0.1505 -0.9626 3.463, -0.1558 -0.9626 3.4849, -0.1646 -0.9626 3.5012, -0.7312 -0.9626 3.5012, -0.2984 -0.9626 3.3645, -0.2854 -0.9626 3.4293, -0.3062 -0.9626 3.3615, -0.3133 -0.9626 3.3567, -0.2978 -0.9626 3.2958, -0.3054 -0.9626 3.2985, -0.3129 -0.9626 3.3036, -0.3165 -0.9626 3.3071, -0.7246 -0.9626 3.433, -0.7109 -0.9626 3.4097, -0.6531 -0.9626 3.398, -0.6905 -0.9626 3.3887, -0.6657 -0.9626 3.3735, -0.611 -0.9626 3.4357, -0.6343 -0.9626 3.4195, -0.734 -0.9626 3.4782, -0.7327 -0.9626 3.4609, -0.0843 -0.9626 3.4903, -0.0794 -0.9626 3.4543, -0.0794 -0.9626 3.4493, -0.085 -0.9626 3.412, -0.1887 -0.9626 3.3024, -0.2251 -0.9626 3.2949, -0.2923 -0.9626 3.2949, -0.5858 -0.9626 3.4453, -0.5587 -0.9626 3.4486, -0.5448 -0.9626 3.4478, -0.29 -0.9626 3.3655, -0.2889 -0.9626 3.3654, -0.2855 -0.9626 3.3647, -0.3253 -0.9626 3.3302, -0.3252 -0.9626 3.3333, -0.4448 -0.9626 3.345, -0.3232 -0.9626 3.3421, -0.3191 -0.9626 3.3501, -0.3214 -0.9626 3.3143, -0.3243 -0.9626 3.322, -0.4454 -0.9626 3.322, -0.4448 -0.9626 3.3336, -0.173 -0.9626 3.393, -0.1605 -0.9626 3.4108, -0.1527 -0.9626 3.4311, -0.15 -0.9626 3.4532, -0.2832 -0.9626 3.3644, -0.2319 -0.9626 3.3644, -0.2116 -0.9626 3.3683, -0.1915 -0.9626 3.3775, -0.1747 -0.9626 3.3913, -0.2479 -0.9626 3.542, -0.7209 -0.9626 3.5312, -0.7307 -0.9626 3.5058, -0.2388 -0.9626 3.542, -0.1664 -0.9626 3.5046, -0.1796 -0.9626 3.5194, -0.1973 -0.9626 3.5317, -0.2172 -0.9626 3.5393, -0.7091 -0.9626 3.5482, -0.5598 -0.9626 3.575, -0.5682 -0.9626 3.5796, -0.2692 -0.9626 3.6052, -0.2938 -0.9626 3.6369, -0.3025 -0.9626 3.645, -0.3347 -0.9626 3.6668, -0.3706 -0.9626 3.68, -0.5937 -0.9626 3.5889, -0.6202 -0.9626 3.5921, -0.6319 -0.9626 3.5915, -0.2491 -0.9626 3.5482, -0.253 -0.9626 3.5679, -0.4073 -0.9626 3.6843, -0.4119 -0.9626 3.6843, -0.5437 -0.9626 3.6091, -0.4499 -0.9626 3.6787, -0.5186 -0.9626 3.6399, -0.4871 -0.9626 3.6635, -0.66 -0.9626 3.5849, -0.6854 -0.9626 3.5715, -0.7052 -0.9626 3.5538, -0.1141 -0.9626 3.5482, -0.0979 -0.9626 3.5252, -0.0885 -0.9626 3.5012, 0.5814 -0.9626 3.3137, 0.5814 -0.9626 3.2955, 0.5965 -0.9626 3.2941, 0.5459 -0.9626 3.2941, 0.5965 -0.9626 3.5012, 0.5778 -0.9626 3.4556, 0.5778 -0.9626 3.4372, 0.5732 -0.9626 3.386, 0.5732 -0.9626 3.3676, 0.5459 -0.9626 3.3676, 0.5459 -0.9626 3.4372, 0.5459 -0.9626 3.386, 0.5159 -0.9626 3.4372, 0.5159 -0.9626 3.386, 0.5459 -0.9626 3.2955, 0.4953 -0.9626 3.2955, 0.4845 -0.9626 3.2941, 0.4953 -0.9626 3.4556, 0.1652 -0.9626 3.35, 0.1683 -0.9626 3.3824, 0.1612 -0.9626 3.3442, 0.1584 -0.9626 3.3371, 0.2189 -0.9626 3.3016, 0.2116 -0.9626 3.2968, 0.229 -0.9626 3.2955, 0.2042 -0.9626 3.2941, 0.249 -0.9626 3.2955, 0.1499 -0.9626 3.2941, 0.1607 -0.9626 3.3099, 0.1582 -0.9626 3.3167, 0.2127 -0.9626 3.3955, 0.2058 -0.9626 3.3962, 0.1951 -0.9626 3.3634, 0.1499 -0.9626 3.2307, 0.1818 -0.9626 3.2941, 0.1813 -0.9626 3.2942, 0.1736 -0.9626 3.2971, 0.1713 -0.9626 3.3553, 0.1798 -0.9626 3.3597, 0.1822 -0.9626 3.3911, 0.1947 -0.9626 3.3951, 0.1669 -0.9626 3.3018, 0.1649 -0.9626 3.3039, 0.2853 -0.9626 3.3575, 0.2762 -0.9626 3.3202, 0.2855 -0.9626 3.3574, 0.2834 -0.9626 3.3157, 0.2855 -0.9626 3.3149, 0.1872 -0.9626 3.41, 0.1499 -0.9626 3.5012, 0.1723 -0.9626 3.4042, 0.1683 -0.9626 3.4018, 0.229 -0.9626 3.3132, 0.2284 -0.9626 3.3132, 0.2253 -0.9626 3.3084, 0.282 -0.9626 3.3609, 0.249 -0.9626 3.3691, 0.2762 -0.9626 3.2995, 0.2347 -0.9626 3.4051, 0.2401 -0.9626 3.4, 0.2792 -0.9626 3.392, 0.1571 -0.9626 3.3261, 0.1572 -0.9626 3.3285, 0.229 -0.9626 3.3682, 0.2283 -0.9626 3.3769, 0.2262 -0.9626 3.3841, 0.2239 -0.9626 3.3883, 0.2442 -0.9626 3.3936, 0.2474 -0.9626 3.3846, 0.277 -0.9626 3.3855, 0.2077 -0.9626 3.4125, 0.2195 -0.9626 3.4114, 0.228 -0.9626 3.4089, 0.2208 -0.9626 3.3915, 0.2173 -0.9626 3.3938, 0.2797 -0.9626 3.3644, 0.2774 -0.9626 3.3704, 0.2763 -0.9626 3.379, 0.2943 -0.9626 3.2941, 0.2855 -0.9626 3.2307, 0.3072 -0.9626 3.2928, 0.348 -0.9626 3.4074, 0.348 -0.9626 3.3879, 0.2827 -0.9626 3.3974, 0.2855 -0.9626 3.4, 0.2855 -0.9626 3.5012, 0.2892 -0.9626 3.4034, 0.294 -0.9626 3.4064, 0.3525 -0.9626 3.3186, 0.35 -0.9626 3.3122, 0.3463 -0.9626 3.3069, 0.3048 -0.9626 3.4106, 0.3209 -0.9626 3.4125, 0.3587 -0.9626 3.5012, 0.3349 -0.9626 3.4112, 0.3467 -0.9626 3.3455, 0.3504 -0.9626 3.34, 0.3526 -0.9626 3.3341, 0.3534 -0.9626 3.3266, 0.3405 -0.9626 3.3019, 0.336 -0.9626 3.2991, 0.3189 -0.9626 3.3962, 0.3129 -0.9626 3.3957, 0.297 -0.9626 3.3808, 0.3076 -0.9626 3.3943, 0.3031 -0.9626 3.3919, 0.2972 -0.9626 3.3781, 0.298 -0.9626 3.375, 0.2994 -0.9626 3.3723, 0.3014 -0.9626 3.3702, 0.3084 -0.9626 3.3657, 0.3329 -0.9626 3.3945, 0.3209 -0.9626 3.3603, 0.3443 -0.9626 3.3901, 0.3286 -0.9626 3.3572, 0.3419 -0.9626 3.3498, 0.3001 -0.9626 3.3893, 0.2983 -0.9626 3.3867, 0.2973 -0.9626 3.384, 0.2959 -0.9626 3.3108, 0.3067 -0.9626 3.3458, 0.2947 -0.9626 3.3512, 0.3092 -0.9626 3.3092, 0.3101 -0.9626 3.3092, 0.3199 -0.9626 3.3402, 0.3204 -0.9626 3.3103, 0.3328 -0.9626 3.3246, 0.3326 -0.9626 3.3271, 0.3255 -0.9626 3.3122, 0.3274 -0.9626 3.3133, 0.3297 -0.9626 3.3154, 0.3314 -0.9626 3.318, 0.3324 -0.9626 3.3208, 0.3317 -0.9626 3.3303, 0.3302 -0.9626 3.3329, 0.3277 -0.9626 3.3355, 0.6945 -0.9626 3.5495, 0.5965 -0.9626 3.5482, 1.378 -0.9626 3.5482, 1.378 -0.9626 3.711, 0.6335 -0.9626 3.7097, 0.5965 -0.9626 3.711, 0.5886 -0.9626 3.5933, 0.5732 -0.9626 3.5495, 0.5459 -0.9626 3.5482, 0.5504 -0.9626 3.5495, 0.5459 -0.9626 3.711, 0.5965 -0.9626 3.6707, 0.6114 -0.9626 3.7097, 0.4845 -0.9626 3.711, 0.396 -0.9626 3.711, 0.4568 -0.9626 3.7097, 0.4111 -0.9626 3.7097, 0.4111 -0.9626 3.5495, 0.396 -0.9626 3.5482, 0.4552 -0.9626 3.5495, 0.4845 -0.9626 3.5482, 0.4826 -0.9626 3.5529, 0.5371 -0.9626 3.6027, 0.5293 -0.9626 3.5862, 0.5229 -0.9626 3.6831, 0.5328 -0.9626 3.6691, 0.5173 -0.9626 3.572, 0.5008 -0.9626 3.5601, 0.4845 -0.9626 3.5537, 0.5173 -0.9626 3.6885, 0.4812 -0.9626 3.707, 0.4845 -0.9626 3.7058, 0.5006 -0.9626 3.6999, 0.5388 -0.9626 3.6539, 0.5415 -0.9626 3.6317, 0.541 -0.9626 3.6215, 0.3587 -0.9626 3.711, 0.3772 -0.9626 3.7097, 0.3587 -0.9626 3.7097, 0.3772 -0.9626 3.6913, 0.3809 -0.9626 3.5678, 0.3809 -0.9626 3.5495, 0.3587 -0.9626 3.5482, 0.3154 -0.9626 3.5678, 0.3587 -0.9626 3.5678, 0.3154 -0.9626 3.6217, 0.3587 -0.9626 3.6217, 0.3727 -0.9626 3.6217, 0.3727 -0.9626 3.64, 0.3587 -0.9626 3.6913, 0.2947 -0.9626 3.7097, 0.2855 -0.9626 3.711, 0.2947 -0.9626 3.5495, 0.2627 -0.9626 3.7058, 0.2459 -0.9626 3.7107, 0.2418 -0.9626 3.711, 0.3587 -0.9626 3.5495, 0.2627 -0.9626 3.6842, 0.26 -0.9626 3.5548, 0.2289 -0.9626 3.5655, 0.247 -0.9626 3.5689, 0.2627 -0.9626 3.576, 0.2627 -0.9626 3.5562, 0.2447 -0.9626 3.6914, 0.2249 -0.9626 3.6937, 0.1645 -0.9626 3.6278, 0.1724 -0.9626 3.593, 0.1802 -0.9626 3.5821, 0.1833 -0.9626 3.579, 0.1938 -0.9626 3.5716, 0.2052 -0.9626 3.5672, 0.2213 -0.9626 3.5653, 0.1813 -0.9626 3.6759, 0.1726 -0.9626 3.6638, 0.1922 -0.9626 3.6849, 0.2048 -0.9626 3.6908, 0.2187 -0.9626 3.6935, 0.1672 -0.9626 3.65, 0.2609 -0.9626 3.6852, 0.1647 -0.9626 3.6219, 0.1672 -0.9626 3.6059, 0.2247 -0.9626 3.7124, 0.1499 -0.9626 4.0551, 0.2855 -0.9626 4.0551, 0.225 -0.9626 3.7124, 0.1543 -0.9626 3.6736, 0.1659 -0.9626 3.6888, 0.1697 -0.9626 3.6925, 0.1847 -0.9626 3.703, 0.1499 -0.9626 3.5903, 0.146 -0.9626 3.6003, 0.1403 -0.9626 3.5482, 0.1428 -0.9626 3.6266, 0.1431 -0.9626 3.6349, 0.1403 -0.9626 3.711, 0.1467 -0.9626 3.6558, 0.1499 -0.9626 3.6634, 0.1762 -0.9626 3.558, 0.1633 -0.9626 3.5687, 0.1499 -0.9626 3.5482, 0.1526 -0.9626 3.5836, 0.2183 -0.9626 3.5468, 0.2087 -0.9626 3.5473, 0.2043 -0.9626 3.5482, 0.1913 -0.9626 3.5509, 0.2034 -0.9626 3.2939, 0.1934 -0.9626 3.2928, 0.4529 -0.9626 3.4099, 0.4737 -0.9626 3.4099, 0.4845 -0.9626 3.5012, 0.5459 -0.9626 3.4556, 0.5459 -0.9626 3.5012, 0.428 -0.9626 3.2941, 0.4162 -0.9626 3.3239, 0.4186 -0.9626 3.3145, 0.4192 -0.9626 3.3145, 0.396 -0.9626 3.5012, 0.396 -0.9626 3.382, 0.4216 -0.9626 3.3237, 0.4201 -0.9626 3.3184, 0.396 -0.9626 3.2941, 0.396 -0.9626 3.3282, 0.3639 -0.9626 3.4099, 0.3863 -0.9626 3.4099, 0.4087 -0.9626 3.2957, 0.4081 -0.9626 3.2941, 0.3999 -0.9626 3.2749, 0.3587 -0.9626 3.2307, 0.368 -0.9626 3.2433, 0.368 -0.9626 3.2611, 0.3721 -0.9626 3.2598, 0.3794 -0.9626 3.2588, 0.3832 -0.9626 3.2591, 0.3876 -0.9626 3.2605, 0.3914 -0.9626 3.2628, 0.396 -0.9626 3.2452, 0.3896 -0.9626 3.2427, 0.396 -0.9626 3.2307, 0.3809 -0.9626 3.2416, 0.3765 -0.9626 3.2418, 0.3954 -0.9626 3.2669, 0.396 -0.9626 3.268, 0.4845 -0.9626 3.2307, 0.4043 -0.9626 3.2508, 0.3974 -0.9626 3.2458, 0.4218 -0.9626 3.2782, 0.4126 -0.9626 3.2604, -1.378 -0.9626 0.9843, -1.378 -0.9626 3.2307, -1.378 -0.9626 3.2941, -1.378 -0.9626 3.5012, -1.378 -0.9626 3.5482, -1.378 -0.9626 3.711, -1.378 -0.9626 4.0551, 0.1362 -0.9626 3.5678, 0.1362 -0.9626 3.5495, 0.0518 -0.9626 3.5495, 0.0725 -0.9626 3.7097, 0.0725 -0.9626 3.5678, 0.0518 -0.9626 3.7097, 0.1403 -0.9626 3.2941, 0.1379 -0.9626 3.2955, 0.0518 -0.9626 3.2955, 0.1379 -0.9626 3.3137, 0.1343 -0.9626 3.4372, 0.0725 -0.9626 3.3676, 0.0725 -0.9626 3.3137, 0.1297 -0.9626 3.3676, 0.1297 -0.9626 3.386, 0.0725 -0.9626 3.386, 0.0725 -0.9626 3.4372, 0.0518 -0.9626 3.4556, 0.1343 -0.9626 3.4556, 0.1403 -0.9626 4.0551, 0.3587 -0.9626 4.0551, 0.396 -0.9626 4.0551, 0.4845 -0.9626 4.0551, 0.5459 -0.9626 4.0551, 0.5965 -0.9626 4.0551, 1.378 -0.9626 4.0551, 1.378 -0.9626 3.5012, 0.6117 -0.9626 3.2955, 0.6117 -0.9626 3.4556, 0.8722 -0.9626 3.2955, 0.8558 -0.9626 3.3393, 0.7892 -0.9626 3.3393, 0.8119 -0.9626 3.4556, 0.834 -0.9626 3.4556, 0.7738 -0.9626 3.2955, 0.7509 -0.9626 3.2955, 0.6557 -0.9626 3.2955, 0.7298 -0.9626 3.3321, 0.7179 -0.9626 3.3179, 0.895 -0.9626 3.2955, 1.378 -0.9626 3.2941, 0.7013 -0.9626 3.306, 0.6831 -0.9626 3.2989, 0.7179 -0.9626 3.4344, 0.7234 -0.9626 3.429, 0.7334 -0.9626 3.4151, 0.7393 -0.9626 3.3998, 0.6573 -0.9626 3.4556, 0.6818 -0.9626 3.4529, 0.7011 -0.9626 3.4459, 0.742 -0.9626 3.3776, 0.7416 -0.9626 3.3674, 0.7377 -0.9626 3.3487, 0.5459 -0.9626 3.2307, 0.5965 -0.9626 3.2307, 1.378 -0.9626 3.2307, 0.1403 -0.9626 0.9843, 0.1499 -0.9626 0.9843, 0.2855 -0.9626 0.9843, 0.3587 -0.9626 0.9843, 0.396 -0.9626 0.9843, 0.4845 -0.9626 0.9843, 0.5459 -0.9626 0.9843, 0.5965 -0.9626 0.9843, 1.378 -0.9626 0.9843, -1.378 0.9665 0.5118, -1.378 0.9665 0.3937, -1.5039 0.9583 0.5118, -1.5039 0.9583 0.3937, -1.5451 0.9501 0.5118, -1.5451 0.9501 0.3937, -1.6276 0.9337 0.5118, -1.6276 0.9337 0.3937, -1.7073 0.9066 0.5118, -1.7073 0.9066 0.3937, -1.7471 0.8931 0.5118, -1.7471 0.8931 0.3937, -1.8602 0.8373 0.5118, -1.8602 0.8373 0.3937, -1.9651 0.7672 0.5118, -1.9651 0.7672 0.3937, -1.9968 0.7395 0.5118, -1.9968 0.7395 0.3937, -2.06 0.684 0.5118, -2.06 0.684 0.3937, -2.1155 0.6208 0.5118, -2.1155 0.6208 0.3937, -2.1432 0.5892 0.5118, -2.1432 0.5892 0.3937, -2.2133 0.4843 0.5118, -2.2133 0.4843 0.3937, -2.2691 0.3711 0.5118, -2.2691 0.3711 0.3937, -2.2826 0.3313 0.5118, -2.2826 0.3313 0.3937, -2.3097 0.2516 0.5118, -2.3097 0.2516 0.3937, -2.3261 0.1691 0.5118, -2.3261 0.1691 0.3937, -2.3343 0.1279 0.5118, -2.3343 0.1279 0.3937, -2.3425 0.002 0.5118, -2.3425 0.002 0.3937, -2.3343 -0.1239 0.5118, -2.3343 -0.1239 0.3937, -2.3261 -0.1652 0.5118, -2.3261 -0.1652 0.3937, -2.3097 -0.2477 0.5118, -2.3097 -0.2477 0.3937, -2.2826 -0.3273 0.5118, -2.2826 -0.3273 0.3937, -2.2691 -0.3672 0.5118, -2.2691 -0.3672 0.3937, -2.2133 -0.4803 0.5118, -2.2133 -0.4803 0.3937, -2.1432 -0.5852 0.5118, -2.1432 -0.5852 0.3937, -2.1155 -0.6168 0.5118, -2.1155 -0.6168 0.3937, -2.06 -0.6801 0.5118, -2.06 -0.6801 0.3937, -1.9968 -0.7356 0.5118, -1.9968 -0.7356 0.3937, -1.9651 -0.7633 0.5118, -1.9651 -0.7633 0.3937, -1.8602 -0.8334 0.5118, -1.8602 -0.8334 0.3937, -1.7471 -0.8892 0.5118, -1.7471 -0.8892 0.3937, -1.7073 -0.9027 0.5118, -1.7073 -0.9027 0.3937, -1.6276 -0.9297 0.5118, -1.6276 -0.9297 0.3937, -1.5451 -0.9461 0.5118, -1.5451 -0.9461 0.3937, -1.5039 -0.9543 0.5118, -1.5039 -0.9543 0.3937, -1.378 -0.9626 0.5118, -1.378 -0.9626 0.3937, 2.3425 0.002 0.5118, 2.3425 0.002 0.3937, 2.3343 0.1279 0.5118, 2.3343 0.1279 0.3937, 2.3261 0.1691 0.5118, 2.3261 0.1691 0.3937, 2.3097 0.2516 0.5118, 2.3097 0.2516 0.3937, 2.2826 0.3313 0.5118, 2.2826 0.3313 0.3937, 2.2691 0.3711 0.5118, 2.2691 0.3711 0.3937, 2.2133 0.4843 0.5118, 2.2133 0.4843 0.3937, 2.1432 0.5892 0.5118, 2.1432 0.5892 0.3937, 2.1155 0.6208 0.5118, 2.1155 0.6208 0.3937, 2.06 0.684 0.5118, 2.06 0.684 0.3937, 1.9968 0.7395 0.5118, 1.9968 0.7395 0.3937, 1.9651 0.7672 0.5118, 1.9651 0.7672 0.3937, 1.8602 0.8373 0.5118, 1.8602 0.8373 0.3937, 1.7471 0.8931 0.5118, 1.7471 0.8931 0.3937, 1.7073 0.9066 0.5118, 1.7073 0.9066 0.3937, 1.6276 0.9337 0.5118, 1.6276 0.9337 0.3937, 1.5451 0.9501 0.5118, 1.5451 0.9501 0.3937, 1.5039 0.9583 0.5118, 1.5039 0.9583 0.3937, 1.378 0.9665 0.5118, 1.378 0.9665 0.3937, 1.378 -0.9626 0.5118, 1.378 -0.9626 0.3937, 1.5039 -0.9543 0.5118, 1.5039 -0.9543 0.3937, 1.5451 -0.9461 0.5118, 1.5451 -0.9461 0.3937, 1.6276 -0.9297 0.5118, 1.6276 -0.9297 0.3937, 1.7073 -0.9027 0.5118, 1.7073 -0.9027 0.3937, 1.7471 -0.8892 0.5118, 1.7471 -0.8892 0.3937, 1.8602 -0.8334 0.5118, 1.8602 -0.8334 0.3937, 1.9651 -0.7633 0.5118, 1.9651 -0.7633 0.3937, 1.9968 -0.7356 0.5118, 1.9968 -0.7356 0.3937, 2.06 -0.6801 0.5118, 2.06 -0.6801 0.3937, 2.1155 -0.6168 0.5118, 2.1155 -0.6168 0.3937, 2.1432 -0.5852 0.5118, 2.1432 -0.5852 0.3937, 2.2133 -0.4803 0.5118, 2.2133 -0.4803 0.3937, 2.2691 -0.3672 0.5118, 2.2691 -0.3672 0.3937, 2.2826 -0.3273 0.5118, 2.2826 -0.3273 0.3937, 2.3097 -0.2477 0.5118, 2.3097 -0.2477 0.3937, 2.3261 -0.1652 0.5118, 2.3261 -0.1652 0.3937, 2.3343 -0.1239 0.5118, 2.3343 -0.1239 0.3937, -1.378 0.9665 0.9843, -1.378 0.9665 4.0551, 1.378 0.9665 0.9843, 1.378 0.9665 4.0551, 1.5039 -0.9543 0.9843, 1.5039 -0.9543 4.0551, 1.5451 -0.9461 4.0551, 1.5451 -0.9461 0.9843, 1.6276 -0.9297 4.0551, 1.6276 -0.9297 0.9843, 1.7073 -0.9027 4.0551, 1.7073 -0.9027 0.9843, 1.7471 -0.8892 4.0551, 1.7471 -0.8892 0.9843, 1.8602 -0.8334 4.0551, 1.8602 -0.8334 0.9843, 1.9651 -0.7633 4.0551, 1.9651 -0.7633 0.9843, 1.9968 -0.7356 4.0551, 1.9968 -0.7356 0.9843, 2.06 -0.6801 4.0551, 2.06 -0.6801 0.9843, 2.1155 -0.6168 4.0551, 2.1155 -0.6168 0.9843, 2.1432 -0.5852 4.0551, 2.1432 -0.5852 0.9843, 2.2133 -0.4803 4.0551, 2.2133 -0.4803 0.9843, 2.2691 -0.3672 4.0551, 2.2691 -0.3672 0.9843, 2.2826 -0.3273 4.0551, 2.2826 -0.3273 0.9843, 2.3097 -0.2477 4.0551, 2.3097 -0.2477 0.9843, 2.3261 -0.1652 4.0551, 2.3261 -0.1652 0.9843, 2.3343 -0.1239 4.0551, 2.3343 -0.1239 0.9843, 2.3425 0.002 4.0551, 2.3425 0.002 0.9843, 2.3343 0.1279 4.0551, 2.3343 0.1279 0.9843, 2.3261 0.1691 4.0551, 2.3261 0.1691 0.9843, 2.3097 0.2516 4.0551, 2.3097 0.2516 0.9843, 2.2826 0.3313 4.0551, 2.2826 0.3313 0.9843, 2.2691 0.3711 4.0551, 2.2691 0.3711 0.9843, 2.2133 0.4843 4.0551, 2.2133 0.4843 0.9843, 2.1432 0.5892 4.0551, 2.1432 0.5892 0.9843, 2.1155 0.6208 4.0551, 2.1155 0.6208 0.9843, 2.06 0.684 4.0551, 2.06 0.684 0.9843, 1.9968 0.7395 4.0551, 1.9968 0.7395 0.9843, 1.9651 0.7672 4.0551, 1.9651 0.7672 0.9843, 1.8602 0.8373 4.0551, 1.8602 0.8373 0.9843, 1.7471 0.8931 4.0551, 1.7471 0.8931 0.9843, 1.7073 0.9066 4.0551, 1.7073 0.9066 0.9843, 1.6276 0.9337 4.0551, 1.6276 0.9337 0.9843, 1.5451 0.9501 4.0551, 1.5451 0.9501 0.9843, 1.5039 0.9583 4.0551, 1.5039 0.9583 0.9843, -2.3425 0.002 4.0551, -2.3425 0.002 0.9843, -2.3343 -0.1239 4.0551, -2.3343 -0.1239 0.9843, -2.3261 -0.1652 4.0551, -2.3261 -0.1652 0.9843, -2.3097 -0.2477 4.0551, -2.3097 -0.2477 0.9843, -2.2826 -0.3273 4.0551, -2.2826 -0.3273 0.9843, -2.2691 -0.3672 4.0551, -2.2691 -0.3672 0.9843, -2.2133 -0.4803 4.0551, -2.2133 -0.4803 0.9843, -2.1432 -0.5852 4.0551, -2.1432 -0.5852 0.9843, -2.1155 -0.6168 4.0551, -2.1155 -0.6168 0.9843, -2.06 -0.6801 4.0551, -2.06 -0.6801 0.9843, -1.9968 -0.7356 4.0551, -1.9968 -0.7356 0.9843, -1.9651 -0.7633 4.0551, -1.9651 -0.7633 0.9843, -1.8602 -0.8334 4.0551, -1.8602 -0.8334 0.9843, -1.7471 -0.8892 4.0551, -1.7471 -0.8892 0.9843, -1.7073 -0.9027 4.0551, -1.7073 -0.9027 0.9843, -1.6276 -0.9297 4.0551, -1.6276 -0.9297 0.9843, -1.5451 -0.9461 4.0551, -1.5451 -0.9461 0.9843, -1.5039 -0.9543 0.9843, -1.5039 -0.9543 4.0551, -1.5039 0.9583 4.0551, -1.5039 0.9583 0.9843, -1.5451 0.9501 4.0551, -1.5451 0.9501 0.9843, -1.6276 0.9337 4.0551, -1.6276 0.9337 0.9843, -1.7073 0.9066 4.0551, -1.7073 0.9066 0.9843, -1.7471 0.8931 4.0551, -1.7471 0.8931 0.9843, -1.8602 0.8373 4.0551, -1.8602 0.8373 0.9843, -1.9651 0.7672 4.0551, -1.9651 0.7672 0.9843, -1.9968 0.7395 4.0551, -1.9968 0.7395 0.9843, -2.06 0.684 4.0551, -2.06 0.684 0.9843, -2.1155 0.6208 4.0551, -2.1155 0.6208 0.9843, -2.1432 0.5892 4.0551, -2.1432 0.5892 0.9843, -2.2133 0.4843 4.0551, -2.2133 0.4843 0.9843, -2.2691 0.3711 4.0551, -2.2691 0.3711 0.9843, -2.2826 0.3313 4.0551, -2.2826 0.3313 0.9843, -2.3097 0.2516 4.0551, -2.3097 0.2516 0.9843, -2.3261 0.1691 4.0551, -2.3261 0.1691 0.9843, -2.3343 0.1279 4.0551, -2.3343 0.1279 0.9843
            ]
        }
        coordIndex [
            0,1,2,-1,3,4,5,-1,6,7,8,-1,9,10,11,-1,12,13,14,-1,15,16,17,-1,18,19,20,-1,21,22,23,-1,24,25,26,-1,27,28,29,-1,30,31,32,-1,32,31,3,-1,33,34,32,-1,32,34,35,-1,35,36,32,-1,32,36,37,-1,32,37,30,-1,38,39,40,-1,41,42,43,-1,43,42,40,-1,40,42,44,-1,40,44,38,-1,45,46,47,-1,41,43,48,-1,48,43,47,-1,48,47,49,-1,46,50,47,-1,47,50,51,-1,47,51,49,-1,49,51,52,-1,49,52,53,-1,53,52,54,-1,53,54,55,-1,29,28,56,-1,28,57,56,-1,56,57,58,-1,56,58,47,-1,47,58,59,-1,47,59,45,-1,60,61,62,-1,61,63,62,-1,62,63,64,-1,62,64,65,-1,65,66,62,-1,62,66,67,-1,62,67,29,-1,29,67,68,-1,29,68,27,-1,69,70,71,-1,71,70,72,-1,71,72,62,-1,62,72,73,-1,62,73,60,-1,74,75,71,-1,71,75,76,-1,71,76,69,-1,77,78,79,-1,79,78,80,-1,79,80,74,-1,74,80,81,-1,74,81,75,-1,0,82,1,-1,1,82,83,-1,1,83,84,-1,84,85,1,-1,1,85,86,-1,1,86,77,-1,87,88,0,-1,87,0,89,-1,90,91,92,-1,92,91,93,-1,94,95,91,-1,91,95,96,-1,91,96,97,-1,98,99,100,-1,100,99,101,-1,102,103,82,-1,82,103,104,-1,82,104,105,-1,106,107,108,-1,108,107,109,-1,108,109,110,-1,111,97,112,-1,112,97,113,-1,112,113,108,-1,108,113,114,-1,108,114,106,-1,115,116,4,-1,4,116,117,-1,4,117,0,-1,0,117,118,-1,0,118,89,-1,88,119,0,-1,0,119,120,-1,0,120,82,-1,82,120,121,-1,82,121,102,-1,111,122,97,-1,97,122,123,-1,97,123,91,-1,91,123,124,-1,91,124,93,-1,98,125,99,-1,99,125,126,-1,99,126,127,-1,128,129,130,-1,130,129,131,-1,130,131,99,-1,99,131,132,-1,99,132,101,-1,105,133,82,-1,82,133,134,-1,82,134,135,-1,135,134,128,-1,135,128,136,-1,136,128,130,-1,137,138,99,-1,99,138,139,-1,99,139,91,-1,91,139,140,-1,91,140,94,-1,127,141,99,-1,99,141,142,-1,99,142,143,-1,143,144,99,-1,99,144,145,-1,99,145,137,-1,146,147,148,-1,148,97,146,-1,146,97,96,-1,146,96,149,-1,149,96,150,-1,150,151,149,-1,149,151,152,-1,149,152,153,-1,154,155,156,-1,157,158,155,-1,158,159,155,-1,155,159,160,-1,155,160,161,-1,156,162,154,-1,154,162,163,-1,154,163,164,-1,147,146,154,-1,154,146,165,-1,154,165,155,-1,155,165,166,-1,155,166,157,-1,161,167,155,-1,155,167,168,-1,155,168,169,-1,169,168,170,-1,169,170,171,-1,171,170,172,-1,173,174,164,-1,164,174,175,-1,164,175,154,-1,31,176,3,-1,3,176,177,-1,3,177,4,-1,4,177,178,-1,4,178,115,-1,179,180,181,-1,181,180,182,-1,183,184,185,-1,186,187,179,-1,179,187,26,-1,26,187,188,-1,26,188,24,-1,185,189,190,-1,190,189,191,-1,190,191,192,-1,180,193,182,-1,182,193,194,-1,182,194,195,-1,195,194,196,-1,197,198,199,-1,199,198,200,-1,201,202,203,-1,203,202,204,-1,203,204,205,-1,206,207,208,-1,209,210,211,-1,212,213,206,-1,206,213,214,-1,206,214,215,-1,197,216,198,-1,198,216,217,-1,198,217,218,-1,218,217,211,-1,218,211,219,-1,219,211,210,-1,215,220,206,-1,206,220,221,-1,206,221,207,-1,222,223,224,-1,224,223,225,-1,224,225,226,-1,227,228,229,-1,229,228,230,-1,231,232,203,-1,203,232,233,-1,203,233,201,-1,222,234,223,-1,223,234,235,-1,223,235,236,-1,236,235,205,-1,236,205,22,-1,237,238,239,-1,208,240,206,-1,206,240,241,-1,206,241,228,-1,228,241,200,-1,228,200,230,-1,230,200,198,-1,242,243,211,-1,211,243,244,-1,211,244,245,-1,238,246,239,-1,239,246,247,-1,239,247,248,-1,227,249,228,-1,228,249,250,-1,228,250,251,-1,245,252,211,-1,211,252,253,-1,211,253,209,-1,234,254,235,-1,235,254,255,-1,235,255,247,-1,247,255,256,-1,247,256,248,-1,21,23,257,-1,257,23,258,-1,257,258,259,-1,260,261,20,-1,262,263,264,-1,264,263,265,-1,264,265,266,-1,267,268,20,-1,20,268,269,-1,266,270,264,-1,264,270,271,-1,264,271,272,-1,272,271,273,-1,272,273,260,-1,274,275,261,-1,261,275,276,-1,261,276,20,-1,20,276,277,-1,20,277,267,-1,269,278,20,-1,20,278,279,-1,20,279,18,-1,280,281,282,-1,282,281,283,-1,282,283,284,-1,282,285,280,-1,280,285,286,-1,280,286,287,-1,287,288,280,-1,280,288,289,-1,280,289,290,-1,290,289,291,-1,290,291,292,-1,292,291,293,-1,292,293,261,-1,261,293,294,-1,261,294,274,-1,295,296,284,-1,284,296,297,-1,284,297,282,-1,298,299,226,-1,226,299,300,-1,226,300,224,-1,298,301,299,-1,299,301,302,-1,299,302,303,-1,303,302,304,-1,303,305,306,-1,304,307,303,-1,303,307,308,-1,303,308,309,-1,309,310,303,-1,303,310,311,-1,303,311,305,-1,306,312,303,-1,303,312,313,-1,303,313,314,-1,315,15,316,-1,317,318,319,-1,319,318,320,-1,15,17,316,-1,316,17,321,-1,316,321,322,-1,323,324,325,-1,325,324,326,-1,325,326,320,-1,320,326,327,-1,320,327,319,-1,328,329,330,-1,330,329,331,-1,331,329,332,-1,332,329,333,-1,332,333,334,-1,334,333,335,-1,334,335,336,-1,337,338,323,-1,339,340,325,-1,338,341,323,-1,323,341,342,-1,323,342,335,-1,335,342,343,-1,335,343,336,-1,339,325,344,-1,330,345,328,-1,328,345,346,-1,328,346,325,-1,325,346,347,-1,325,347,344,-1,340,348,325,-1,325,348,349,-1,325,349,323,-1,323,349,350,-1,323,350,337,-1,329,351,352,-1,352,351,353,-1,352,354,329,-1,329,354,355,-1,329,355,333,-1,333,355,356,-1,333,356,357,-1,358,359,360,-1,360,359,361,-1,361,359,362,-1,362,359,355,-1,362,355,363,-1,363,355,354,-1,363,354,14,-1,14,354,364,-1,14,364,12,-1,353,351,365,-1,365,351,366,-1,365,366,367,-1,368,366,369,-1,369,366,370,-1,356,371,357,-1,357,371,367,-1,357,367,11,-1,11,367,366,-1,11,366,372,-1,372,366,368,-1,9,11,373,-1,374,375,372,-1,372,375,376,-1,372,376,11,-1,11,376,377,-1,11,377,373,-1,378,379,380,-1,381,382,372,-1,372,382,383,-1,372,383,384,-1,384,385,372,-1,372,385,386,-1,372,386,374,-1,387,388,389,-1,389,388,390,-1,379,391,380,-1,380,391,390,-1,380,390,392,-1,392,390,388,-1,378,380,393,-1,393,380,394,-1,393,394,372,-1,372,394,395,-1,372,395,381,-1,7,396,397,-1,397,396,398,-1,398,396,399,-1,398,399,370,-1,8,400,401,-1,401,402,8,-1,8,402,403,-1,8,403,6,-1,404,405,406,-1,407,408,409,-1,409,408,410,-1,409,410,8,-1,8,410,411,-1,8,411,400,-1,412,413,414,-1,414,413,415,-1,416,417,228,-1,228,417,418,-1,228,418,414,-1,414,418,419,-1,414,419,412,-1,237,239,251,-1,251,239,262,-1,251,262,228,-1,228,262,264,-1,228,264,416,-1,22,205,23,-1,23,205,204,-1,23,204,258,-1,258,204,420,-1,258,420,212,-1,212,420,421,-1,212,421,213,-1,422,423,424,-1,184,183,425,-1,425,183,426,-1,425,426,196,-1,196,426,424,-1,196,424,195,-1,195,424,423,-1,195,423,427,-1,428,429,430,-1,424,431,422,-1,422,431,432,-1,422,432,433,-1,433,432,428,-1,433,428,434,-1,434,428,430,-1,435,436,20,-1,20,436,437,-1,260,20,272,-1,272,20,437,-1,272,437,431,-1,431,437,438,-1,431,438,432,-1,439,436,440,-1,440,436,435,-1,440,435,441,-1,442,443,444,-1,259,258,19,-1,19,258,442,-1,19,442,20,-1,20,442,444,-1,20,444,435,-1,435,444,445,-1,435,445,446,-1,446,447,435,-1,435,447,448,-1,435,448,449,-1,450,451,452,-1,452,451,453,-1,452,453,442,-1,442,453,454,-1,442,454,443,-1,449,455,435,-1,435,455,456,-1,435,456,441,-1,457,458,452,-1,452,458,459,-1,452,459,450,-1,427,460,457,-1,457,460,461,-1,457,461,458,-1,462,74,463,-1,463,74,71,-1,463,71,464,-1,464,71,62,-1,464,62,465,-1,465,62,29,-1,465,29,466,-1,466,29,56,-1,466,56,467,-1,467,56,47,-1,467,47,468,-1,468,47,43,-1,469,470,406,-1,406,470,471,-1,472,409,32,-1,405,407,406,-1,406,407,409,-1,406,409,469,-1,469,409,472,-1,469,472,473,-1,5,406,3,-1,3,406,471,-1,3,471,32,-1,32,471,474,-1,32,474,472,-1,475,476,477,-1,476,475,478,-1,478,475,5,-1,478,5,479,-1,480,481,482,-1,482,481,478,-1,482,478,483,-1,483,478,479,-1,483,479,484,-1,484,479,485,-1,2,475,0,-1,0,475,477,-1,0,477,4,-1,4,477,486,-1,4,486,5,-1,5,486,487,-1,5,487,479,-1,7,397,8,-1,8,397,488,-1,8,488,409,-1,409,488,40,-1,409,40,32,-1,32,40,39,-1,32,39,33,-1,2,212,475,-1,475,212,206,-1,475,206,5,-1,5,206,228,-1,5,228,406,-1,406,228,414,-1,406,414,404,-1,404,414,415,-1,183,323,426,-1,426,323,335,-1,426,335,424,-1,424,335,333,-1,424,333,431,-1,431,333,357,-1,431,357,272,-1,272,357,11,-1,272,11,264,-1,264,11,10,-1,264,10,416,-1,370,366,398,-1,398,366,351,-1,398,351,489,-1,489,351,329,-1,489,329,490,-1,490,329,328,-1,490,328,491,-1,491,328,325,-1,491,325,492,-1,492,325,320,-1,492,320,493,-1,493,320,318,-1,493,318,494,-1,319,315,317,-1,317,315,316,-1,317,316,495,-1,496,497,183,-1,498,499,500,-1,190,186,185,-1,185,186,179,-1,185,179,183,-1,183,179,181,-1,183,181,496,-1,183,501,502,-1,503,504,181,-1,181,504,505,-1,181,505,496,-1,504,506,507,-1,500,503,498,-1,498,503,181,-1,498,181,508,-1,508,181,509,-1,508,509,502,-1,502,509,495,-1,502,495,183,-1,183,495,316,-1,183,316,323,-1,323,316,322,-1,323,322,324,-1,507,510,504,-1,504,510,511,-1,504,511,505,-1,512,513,501,-1,501,513,514,-1,501,514,515,-1,497,516,183,-1,183,516,517,-1,183,517,501,-1,501,517,518,-1,501,518,512,-1,515,519,501,-1,501,519,520,-1,501,520,504,-1,504,520,521,-1,504,521,506,-1,427,457,195,-1,195,457,522,-1,195,522,182,-1,182,522,523,-1,182,523,181,-1,181,523,524,-1,181,524,509,-1,77,79,1,-1,1,79,525,-1,1,525,2,-1,2,525,526,-1,2,526,212,-1,212,526,527,-1,212,527,258,-1,258,527,528,-1,258,528,442,-1,442,528,529,-1,442,529,452,-1,452,529,530,-1,452,530,457,-1,457,530,531,-1,457,531,522,-1,522,531,532,-1,522,532,523,-1,523,532,533,-1,523,533,524,-1,534,535,536,-1,536,535,537,-1,536,537,538,-1,538,537,539,-1,538,539,540,-1,540,539,541,-1,540,541,542,-1,542,541,543,-1,542,543,544,-1,544,543,545,-1,544,545,546,-1,546,545,547,-1,546,547,548,-1,548,547,549,-1,548,549,550,-1,550,549,551,-1,550,551,552,-1,552,551,553,-1,552,553,554,-1,554,553,555,-1,554,555,556,-1,556,555,557,-1,556,557,558,-1,558,557,559,-1,558,559,560,-1,560,559,561,-1,560,561,562,-1,562,561,563,-1,562,563,564,-1,564,563,565,-1,564,565,566,-1,566,565,567,-1,566,567,568,-1,568,567,569,-1,568,569,570,-1,570,569,571,-1,570,571,572,-1,572,571,573,-1,572,573,574,-1,574,573,575,-1,574,575,576,-1,576,575,577,-1,576,577,578,-1,578,577,579,-1,578,579,580,-1,580,579,581,-1,580,581,582,-1,582,581,583,-1,582,583,584,-1,584,583,585,-1,584,585,586,-1,586,585,587,-1,586,587,588,-1,588,587,589,-1,588,589,590,-1,590,589,591,-1,590,591,592,-1,592,591,593,-1,592,593,594,-1,594,593,595,-1,594,595,596,-1,596,595,597,-1,596,597,598,-1,598,597,599,-1,598,599,600,-1,600,599,601,-1,600,601,602,-1,602,601,603,-1,602,603,604,-1,604,603,605,-1,604,605,606,-1,606,605,607,-1,608,609,610,-1,610,609,611,-1,610,611,612,-1,612,611,613,-1,612,613,614,-1,614,613,615,-1,614,615,616,-1,616,615,617,-1,616,617,618,-1,618,617,619,-1,618,619,620,-1,620,619,621,-1,620,621,622,-1,622,621,623,-1,622,623,624,-1,624,623,625,-1,624,625,626,-1,626,625,627,-1,626,627,628,-1,628,627,629,-1,628,629,630,-1,630,629,631,-1,630,631,632,-1,632,631,633,-1,632,633,634,-1,634,633,635,-1,634,635,636,-1,636,635,637,-1,636,637,638,-1,638,637,639,-1,638,639,640,-1,640,639,641,-1,640,641,642,-1,642,641,643,-1,642,643,644,-1,644,643,645,-1,646,647,648,-1,648,647,649,-1,648,649,650,-1,650,649,651,-1,650,651,652,-1,652,651,653,-1,652,653,654,-1,654,653,655,-1,654,655,656,-1,656,655,657,-1,656,657,658,-1,658,657,659,-1,658,659,660,-1,660,659,661,-1,660,661,662,-1,662,661,663,-1,662,663,664,-1,664,663,665,-1,664,665,666,-1,666,665,667,-1,666,667,668,-1,668,667,669,-1,668,669,670,-1,670,669,671,-1,670,671,672,-1,672,671,673,-1,672,673,674,-1,674,673,675,-1,674,675,676,-1,676,675,677,-1,676,677,678,-1,678,677,679,-1,678,679,680,-1,680,679,681,-1,680,681,608,-1,608,681,609,-1,606,607,646,-1,646,607,647,-1,644,645,534,-1,534,645,535,-1,682,683,684,-1,684,683,685,-1,524,533,686,-1,687,494,318,-1,318,317,687,-1,687,317,495,-1,687,495,509,-1,509,524,687,-1,687,524,686,-1,687,686,688,-1,688,686,689,-1,688,689,690,-1,690,689,691,-1,690,691,692,-1,692,691,693,-1,692,693,694,-1,694,693,695,-1,694,695,696,-1,696,695,697,-1,696,697,698,-1,698,697,699,-1,698,699,700,-1,700,699,701,-1,700,701,702,-1,702,701,703,-1,702,703,704,-1,704,703,705,-1,704,705,706,-1,706,705,707,-1,706,707,708,-1,708,707,709,-1,708,709,710,-1,710,709,711,-1,710,711,712,-1,712,711,713,-1,712,713,714,-1,714,713,715,-1,714,715,716,-1,716,715,717,-1,716,717,718,-1,718,717,719,-1,718,719,720,-1,720,719,721,-1,720,721,722,-1,722,721,723,-1,722,723,724,-1,724,723,725,-1,724,725,726,-1,726,725,727,-1,726,727,728,-1,728,727,729,-1,728,729,730,-1,730,729,731,-1,730,731,732,-1,732,731,733,-1,732,733,734,-1,734,733,735,-1,734,735,736,-1,736,735,737,-1,736,737,738,-1,738,737,739,-1,738,739,740,-1,740,739,741,-1,740,741,742,-1,742,741,743,-1,742,743,744,-1,744,743,745,-1,744,745,746,-1,746,745,747,-1,746,747,748,-1,748,747,749,-1,748,749,750,-1,750,749,751,-1,750,751,752,-1,752,751,753,-1,752,753,754,-1,754,753,755,-1,754,755,685,-1,685,755,684,-1,756,757,758,-1,758,757,759,-1,758,759,760,-1,760,759,761,-1,760,761,762,-1,762,761,763,-1,762,763,764,-1,764,763,765,-1,764,765,766,-1,766,765,767,-1,766,767,768,-1,768,767,769,-1,768,769,770,-1,770,769,771,-1,770,771,772,-1,772,771,773,-1,772,773,774,-1,774,773,775,-1,774,775,776,-1,776,775,777,-1,776,777,778,-1,778,777,779,-1,778,779,780,-1,780,779,781,-1,780,781,782,-1,782,781,783,-1,782,783,784,-1,784,783,785,-1,784,785,786,-1,786,785,787,-1,786,787,788,-1,788,787,789,-1,788,789,790,-1,790,462,463,-1,790,463,788,-1,788,463,464,-1,788,464,465,-1,465,466,788,-1,788,466,467,-1,788,467,791,-1,791,467,468,-1,683,682,792,-1,792,682,793,-1,792,793,794,-1,794,793,795,-1,794,795,796,-1,796,795,797,-1,796,797,798,-1,798,797,799,-1,798,799,800,-1,800,799,801,-1,800,801,802,-1,802,801,803,-1,802,803,804,-1,804,803,805,-1,804,805,806,-1,806,805,807,-1,806,807,808,-1,808,807,809,-1,808,809,810,-1,810,809,811,-1,810,811,812,-1,812,811,813,-1,812,813,814,-1,814,813,815,-1,814,815,816,-1,816,815,817,-1,816,817,818,-1,818,817,819,-1,818,819,820,-1,820,819,821,-1,820,821,822,-1,822,821,823,-1,822,823,824,-1,824,823,825,-1,824,825,756,-1,756,825,757,-1,
        ]
    }
}
Shape{
    appearance Appearance {
        material  Material 	{
            diffuseColor 0.9686274509803922 0.8784313725490196 0.6
            specularColor 0.6784313725490196 0.615686274509804 0.4196078431372549
            ambientIntensity 0.8737
            transparency 0.0
            shininess 0.5
        }
    }
    geometry IndexedFaceSet {
        ccw TRUE
        solid FALSE
        coord DEF co Coordinate {
            point [
                1.4325 -0.1197 3.5039, 1.437 -0.1225 3.7008, 1.46 -0.1031 3.5039, 1.4627 -0.1067 3.7008, 1.4831 -0.0801 3.5039, 1.4866 -0.0828 3.7008, 1.4996 -0.0526 3.5039, 1.5025 -0.0571 3.7008, 1.2563 -0.0526 3.5039, 1.2535 -0.0571 3.7008, 1.2729 -0.0801 3.5039, 1.2693 -0.0828 3.7008, 1.2959 -0.1031 3.5039, 1.2932 -0.1067 3.7008, 1.3234 -0.1197 3.5039, 1.3189 -0.1225 3.7008, 1.3234 0.1236 3.5039, 1.3189 0.1265 3.7008, 1.2959 0.1071 3.5039, 1.2932 0.1106 3.7008, 1.2729 0.084 3.5039, 1.2693 0.0868 3.7008, 1.2563 0.0566 3.5039, 1.2535 0.061 3.7008, 0.0546 -0.1197 3.5039, 0.0591 -0.1225 3.7008, 0.082 -0.1031 3.5039, 0.0848 -0.1067 3.7008, 0.1051 -0.0801 3.5039, 0.1086 -0.0828 3.7008, 0.1216 -0.0526 3.5039, 0.1245 -0.0571 3.7008, -0.1216 -0.0526 3.5039, -0.1245 -0.0571 3.7008, -0.1051 -0.0801 3.5039, -0.1086 -0.0828 3.7008, -0.082 -0.1031 3.5039, -0.0848 -0.1067 3.7008, -0.0546 -0.1197 3.5039, -0.0591 -0.1225 3.7008, -0.0546 0.1236 3.5039, -0.0591 0.1265 3.7008, -0.082 0.1071 3.5039, -0.0848 0.1106 3.7008, -0.1051 0.084 3.5039, -0.1086 0.0868 3.7008, -0.1216 0.0566 3.5039, -0.1245 0.061 3.7008, 0.0 0.3983 1.0985, 0.0 0.3957 0.9449, -0.1019 0.3823 0.9449, 0.3964 0.002 1.0985, 0.3937 0.002 0.9449, 0.3803 0.1039 0.9449, 0.0 -0.3944 1.0985, 0.0 -0.3917 0.9449, 0.1019 -0.3783 0.9449, -0.3964 0.002 1.0985, -0.3937 0.002 0.9449, -0.3803 -0.0999 0.9449, -0.3803 0.1039 0.9449, -0.4063 0.0151 1.678, -0.416 0.0286 2.2717, -0.422 0.1151 3.5005, -0.4256 0.0424 2.8793, -0.4349 0.0565 3.5005, -0.4349 -0.0525 3.5005, -0.4256 -0.0384 2.8793, -0.422 -0.1112 3.5005, -0.416 -0.0247 2.2717, -0.4063 -0.0112 1.678, -0.1019 -0.3783 0.9449, -0.0132 -0.4043 1.678, -0.0266 -0.414 2.2717, -0.1131 -0.4201 3.5005, -0.0404 -0.4236 2.8793, -0.0545 -0.4329 3.5005, 0.0545 -0.4329 3.5005, 0.0404 -0.4236 2.8793, 0.1131 -0.4201 3.5005, 0.0266 -0.414 2.2717, 0.0132 -0.4043 1.678, 0.3803 -0.0999 0.9449, 0.4063 -0.0112 1.678, 0.416 -0.0247 2.2717, 0.422 -0.1112 3.5005, 0.4256 -0.0384 2.8793, 0.4349 -0.0525 3.5005, 0.4349 0.0565 3.5005, 0.4256 0.0424 2.8793, 0.422 0.1151 3.5005, 0.416 0.0286 2.2717, 0.4063 0.0151 1.678, 0.1019 0.3823 0.9449, 0.0132 0.4083 1.678, 0.0266 0.418 2.2717, 0.1131 0.424 3.5005, 0.0404 0.4275 2.8793, 0.0545 0.4369 3.5005, -0.0545 0.4369 3.5005, -0.0404 0.4275 2.8793, -0.1131 0.424 3.5005, -0.0266 0.418 2.2717, -0.0132 0.4083 1.678, 0.4177 -0.1308 3.5005, 0.3849 -0.2077 3.5005, 0.341 -0.1949 0.9449, 0.3788 -0.2167 3.5005, 0.3381 -0.277 3.5005, 0.2784 -0.2764 0.9449, 0.3085 -0.3066 3.5005, 0.279 -0.3361 3.5005, 0.1969 -0.339 0.9449, 0.2186 -0.3769 3.5005, 0.2097 -0.3829 3.5005, 0.1328 -0.4157 3.5005, -0.1328 -0.4157 3.5005, -0.2097 -0.3829 3.5005, -0.1969 -0.339 0.9449, -0.2186 -0.3769 3.5005, -0.279 -0.3361 3.5005, -0.2784 -0.2764 0.9449, -0.3085 -0.3066 3.5005, -0.3381 -0.277 3.5005, -0.341 -0.1949 0.9449, -0.3788 -0.2167 3.5005, -0.3849 -0.2077 3.5005, -0.4177 -0.1308 3.5005, -0.4177 0.1348 3.5005, -0.3849 0.2117 3.5005, -0.341 0.1988 0.9449, -0.3788 0.2206 3.5005, -0.3381 0.2809 3.5005, -0.2784 0.2804 0.9449, -0.3085 0.3105 3.5005, -0.279 0.34 3.5005, -0.1969 0.3429 0.9449, -0.2186 0.3808 3.5005, -0.2097 0.3869 3.5005, -0.1328 0.4197 3.5005, 0.1328 0.4197 3.5005, 0.2097 0.3869 3.5005, 0.1969 0.3429 0.9449, 0.2186 0.3808 3.5005, 0.279 0.34 3.5005, 0.2784 0.2804 0.9449, 0.3085 0.3105 3.5005, 0.3381 0.2809 3.5005, 0.341 0.1988 0.9449, 0.3788 0.2206 3.5005, 0.3849 0.2117 3.5005, 0.4177 0.1348 3.5005
            ]
        }
        coordIndex [
            0,1,2,-1,2,1,3,-1,2,3,4,-1,4,3,5,-1,4,5,6,-1,6,5,7,-1,8,9,10,-1,10,9,11,-1,10,11,12,-1,12,11,13,-1,12,13,14,-1,14,13,15,-1,16,17,18,-1,18,17,19,-1,18,19,20,-1,20,19,21,-1,20,21,22,-1,22,21,23,-1,24,25,26,-1,26,25,27,-1,26,27,28,-1,28,27,29,-1,28,29,30,-1,30,29,31,-1,32,33,34,-1,34,33,35,-1,34,35,36,-1,36,35,37,-1,36,37,38,-1,38,37,39,-1,40,41,42,-1,42,41,43,-1,42,43,44,-1,44,43,45,-1,44,45,46,-1,46,45,47,-1,48,49,50,-1,51,52,53,-1,54,55,56,-1,57,58,59,-1,58,57,60,-1,57,61,60,-1,60,61,62,-1,60,62,63,-1,63,62,64,-1,63,64,65,-1,66,67,68,-1,68,67,69,-1,68,69,59,-1,59,69,70,-1,59,70,57,-1,55,54,71,-1,54,72,71,-1,71,72,73,-1,71,73,74,-1,74,73,75,-1,74,75,76,-1,77,78,79,-1,79,78,80,-1,79,80,56,-1,56,80,81,-1,56,81,54,-1,52,51,82,-1,51,83,82,-1,82,83,84,-1,82,84,85,-1,85,84,86,-1,85,86,87,-1,88,89,90,-1,90,89,91,-1,90,91,53,-1,53,91,92,-1,53,92,51,-1,49,48,93,-1,48,94,93,-1,93,94,95,-1,93,95,96,-1,96,95,97,-1,96,97,98,-1,99,100,101,-1,101,100,102,-1,101,102,50,-1,50,102,103,-1,50,103,48,-1,85,104,82,-1,82,104,105,-1,82,105,106,-1,105,107,106,-1,106,107,108,-1,106,108,109,-1,108,110,109,-1,109,110,111,-1,109,111,112,-1,111,113,112,-1,112,113,114,-1,112,114,56,-1,56,114,115,-1,56,115,79,-1,74,116,71,-1,71,116,117,-1,71,117,118,-1,117,119,118,-1,118,119,120,-1,118,120,121,-1,120,122,121,-1,121,122,123,-1,121,123,124,-1,123,125,124,-1,124,125,126,-1,124,126,59,-1,59,126,127,-1,59,127,68,-1,63,128,60,-1,60,128,129,-1,60,129,130,-1,129,131,130,-1,130,131,132,-1,130,132,133,-1,132,134,133,-1,133,134,135,-1,133,135,136,-1,135,137,136,-1,136,137,138,-1,136,138,50,-1,50,138,139,-1,50,139,101,-1,96,140,93,-1,93,140,141,-1,93,141,142,-1,141,143,142,-1,142,143,144,-1,142,144,145,-1,144,146,145,-1,145,146,147,-1,145,147,148,-1,147,149,148,-1,148,149,150,-1,148,150,53,-1,53,150,151,-1,53,151,90,-1,
        ]
    }
}
Shape{
    appearance Appearance {
        material  Material 	{
            diffuseColor 0.7529411764705882 0.7529411764705882 0.7529411764705882
            specularColor 0.3764705882352941 0.3764705882352941 0.3764705882352941
            ambientIntensity 0.7529
            transparency 0.0
            shininess 0.5
        }
    }
    geometry IndexedFaceSet {
        ccw TRUE
        solid FALSE
        coord DEF co Coordinate {
            point [
                0.0848 0.1106 3.7008, 0.1155 0.214 3.7008, 0.0591 0.1265 3.7008, 0.0732 0.2321 3.7008, 0.0591 0.2361 3.7008, 0.2342 0.061 3.7008, 0.2301 0.0751 3.7008, 0.1245 0.061 3.7008, 0.2121 0.1175 3.7008, 0.1086 0.0868 3.7008, 0.1863 0.1557 3.7008, 0.1537 0.1882 3.7008
            ]
        }
        coordIndex [
            0,1,2,-1,2,1,3,-1,2,3,4,-1,5,6,7,-1,7,6,8,-1,7,8,9,-1,9,8,10,-1,9,10,0,-1,0,10,11,-1,0,11,1,-1,
        ]
    }
}
Shape{
    appearance Appearance {
        material  Material 	{
            diffuseColor 0.9686274509803922 0.8784313725490196 0.6
            specularColor 0.6784313725490196 0.615686274509804 0.4196078431372549
            ambientIntensity 0.8737
            transparency 0.0
            shininess 0.5
        }
    }
    geometry IndexedFaceSet {
        ccw TRUE
        solid FALSE
        coord DEF co Coordinate {
            point [
                -0.1086 0.0868 3.7008, -0.2121 0.1175 3.7008, -0.1245 0.061 3.7008, -0.2301 0.0751 3.7008, -0.2342 0.061 3.7008, -0.0591 0.2361 3.7008, -0.0732 0.2321 3.7008, -0.0591 0.1265 3.7008, -0.1155 0.214 3.7008, -0.0848 0.1106 3.7008, -0.1537 0.1882 3.7008, -0.1863 0.1557 3.7008
            ]
        }
        coordIndex [
            0,1,2,-1,2,1,3,-1,2,3,4,-1,5,6,7,-1,7,6,8,-1,7,8,9,-1,9,8,10,-1,9,10,0,-1,0,10,11,-1,0,11,1,-1,
        ]
    }
}
Shape{
    appearance Appearance {
        material  Material 	{
            diffuseColor 0.7529411764705882 0.7529411764705882 0.7529411764705882
            specularColor 0.3764705882352941 0.3764705882352941 0.3764705882352941
            ambientIntensity 0.7529
            transparency 0.0
            shininess 0.5
        }
    }
    geometry IndexedFaceSet {
        ccw TRUE
        solid FALSE
        coord DEF co Coordinate {
            point [
                0.1086 -0.0828 3.7008, 0.2121 -0.1136 3.7008, 0.1245 -0.0571 3.7008, 0.2301 -0.0712 3.7008, 0.2342 -0.0571 3.7008, 0.0591 -0.2322 3.7008, 0.0732 -0.2282 3.7008, 0.0591 -0.1225 3.7008, 0.1155 -0.2101 3.7008, 0.0848 -0.1067 3.7008, 0.1537 -0.1843 3.7008, 0.1863 -0.1517 3.7008
            ]
        }
        coordIndex [
            0,1,2,-1,2,1,3,-1,2,3,4,-1,5,6,7,-1,7,6,8,-1,7,8,9,-1,9,8,10,-1,9,10,0,-1,0,10,11,-1,0,11,1,-1,
        ]
    }
}
Shape{
    appearance Appearance {
        material  Material 	{
            diffuseColor 0.9686274509803922 0.8784313725490196 0.6
            specularColor 0.6784313725490196 0.615686274509804 0.4196078431372549
            ambientIntensity 0.8737
            transparency 0.0
            shininess 0.5
        }
    }
    geometry IndexedFaceSet {
        ccw TRUE
        solid FALSE
        coord DEF co Coordinate {
            point [
                1.378 0.3983 1.0985, 1.378 0.3957 0.9449, 1.2761 0.3823 0.9449, 1.7743 0.002 1.0985, 1.7717 0.002 0.9449, 1.7582 0.1039 0.9449, 1.378 -0.3944 1.0985, 1.378 -0.3917 0.9449, 1.4798 -0.3783 0.9449, 0.9816 0.002 1.0985, 0.9843 0.002 0.9449, 0.9977 -0.0999 0.9449, 0.9977 0.1039 0.9449, 0.9717 0.0151 1.678, 0.9619 0.0286 2.2717, 0.9559 0.1151 3.5005, 0.9524 0.0424 2.8793, 0.943 0.0565 3.5005, 0.943 -0.0525 3.5005, 0.9524 -0.0384 2.8793, 0.9559 -0.1112 3.5005, 0.9619 -0.0247 2.2717, 0.9717 -0.0112 1.678, 1.2761 -0.3783 0.9449, 1.3648 -0.4043 1.678, 1.3513 -0.414 2.2717, 1.2648 -0.4201 3.5005, 1.3375 -0.4236 2.8793, 1.3234 -0.4329 3.5005, 1.4325 -0.4329 3.5005, 1.4184 -0.4236 2.8793, 1.4911 -0.4201 3.5005, 1.4046 -0.414 2.2717, 1.3911 -0.4043 1.678, 1.7582 -0.0999 0.9449, 1.7842 -0.0112 1.678, 1.794 -0.0247 2.2717, 1.8 -0.1112 3.5005, 1.8035 -0.0384 2.8793, 1.8129 -0.0525 3.5005, 1.8129 0.0565 3.5005, 1.8035 0.0424 2.8793, 1.8 0.1151 3.5005, 1.794 0.0286 2.2717, 1.7842 0.0151 1.678, 1.4798 0.3823 0.9449, 1.3911 0.4083 1.678, 1.4046 0.418 2.2717, 1.4911 0.424 3.5005, 1.4184 0.4275 2.8793, 1.4325 0.4369 3.5005, 1.3234 0.4369 3.5005, 1.3375 0.4275 2.8793, 1.2648 0.424 3.5005, 1.3513 0.418 2.2717, 1.3648 0.4083 1.678, 1.7957 -0.1308 3.5005, 1.7628 -0.2077 3.5005, 1.7189 -0.1949 0.9449, 1.7568 -0.2167 3.5005, 1.716 -0.277 3.5005, 1.6563 -0.2764 0.9449, 1.6865 -0.3066 3.5005, 1.6569 -0.3361 3.5005, 1.5748 -0.339 0.9449, 1.5966 -0.3769 3.5005, 1.5876 -0.3829 3.5005, 1.5107 -0.4157 3.5005, 1.2452 -0.4157 3.5005, 1.1683 -0.3829 3.5005, 1.1811 -0.339 0.9449, 1.1593 -0.3769 3.5005, 1.099 -0.3361 3.5005, 1.0996 -0.2764 0.9449, 1.0694 -0.3066 3.5005, 1.0399 -0.277 3.5005, 1.037 -0.1949 0.9449, 0.9991 -0.2167 3.5005, 0.9931 -0.2077 3.5005, 0.9602 -0.1308 3.5005, 0.9602 0.1348 3.5005, 0.9931 0.2117 3.5005, 1.037 0.1988 0.9449, 0.9991 0.2206 3.5005, 1.0399 0.2809 3.5005, 1.0996 0.2804 0.9449, 1.0694 0.3105 3.5005, 1.099 0.34 3.5005, 1.1811 0.3429 0.9449, 1.1593 0.3808 3.5005, 1.1683 0.3869 3.5005, 1.2452 0.4197 3.5005, 1.5107 0.4197 3.5005, 1.5876 0.3869 3.5005, 1.5748 0.3429 0.9449, 1.5966 0.3808 3.5005, 1.6569 0.34 3.5005, 1.6563 0.2804 0.9449, 1.6865 0.3105 3.5005, 1.716 0.2809 3.5005, 1.7189 0.1988 0.9449, 1.7568 0.2206 3.5005, 1.7628 0.2117 3.5005, 1.7957 0.1348 3.5005
            ]
        }
        coordIndex [
            0,1,2,-1,3,4,5,-1,6,7,8,-1,9,10,11,-1,10,9,12,-1,9,13,12,-1,12,13,14,-1,12,14,15,-1,15,14,16,-1,15,16,17,-1,18,19,20,-1,20,19,21,-1,20,21,11,-1,11,21,22,-1,11,22,9,-1,7,6,23,-1,6,24,23,-1,23,24,25,-1,23,25,26,-1,26,25,27,-1,26,27,28,-1,29,30,31,-1,31,30,32,-1,31,32,8,-1,8,32,33,-1,8,33,6,-1,4,3,34,-1,3,35,34,-1,34,35,36,-1,34,36,37,-1,37,36,38,-1,37,38,39,-1,40,41,42,-1,42,41,43,-1,42,43,5,-1,5,43,44,-1,5,44,3,-1,1,0,45,-1,0,46,45,-1,45,46,47,-1,45,47,48,-1,48,47,49,-1,48,49,50,-1,51,52,53,-1,53,52,54,-1,53,54,2,-1,2,54,55,-1,2,55,0,-1,37,56,34,-1,34,56,57,-1,34,57,58,-1,57,59,58,-1,58,59,60,-1,58,60,61,-1,60,62,61,-1,61,62,63,-1,61,63,64,-1,63,65,64,-1,64,65,66,-1,64,66,8,-1,8,66,67,-1,8,67,31,-1,26,68,23,-1,23,68,69,-1,23,69,70,-1,69,71,70,-1,70,71,72,-1,70,72,73,-1,72,74,73,-1,73,74,75,-1,73,75,76,-1,75,77,76,-1,76,77,78,-1,76,78,11,-1,11,78,79,-1,11,79,20,-1,15,80,12,-1,12,80,81,-1,12,81,82,-1,81,83,82,-1,82,83,84,-1,82,84,85,-1,84,86,85,-1,85,86,87,-1,85,87,88,-1,87,89,88,-1,88,89,90,-1,88,90,2,-1,2,90,91,-1,2,91,53,-1,48,92,45,-1,45,92,93,-1,45,93,94,-1,93,95,94,-1,94,95,96,-1,94,96,97,-1,96,98,97,-1,97,98,99,-1,97,99,100,-1,99,101,100,-1,100,101,102,-1,100,102,5,-1,5,102,103,-1,5,103,42,-1,
        ]
    }
}
Shape{
    appearance Appearance {
        material  Material 	{
            diffuseColor 0.7529411764705882 0.7529411764705882 0.7529411764705882
            specularColor 0.3764705882352941 0.3764705882352941 0.3764705882352941
            ambientIntensity 0.7529
            transparency 0.0
            shininess 0.5
        }
    }
    geometry IndexedFaceSet {
        ccw TRUE
        solid FALSE
        coord DEF co Coordinate {
            point [
                1.4627 0.1106 3.7008, 1.4935 0.214 3.7008, 1.437 0.1265 3.7008, 1.4511 0.2321 3.7008, 1.437 0.2361 3.7008, 1.6121 0.061 3.7008, 1.6081 0.0751 3.7008, 1.5025 0.061 3.7008, 1.59 0.1175 3.7008, 1.4866 0.0868 3.7008, 1.5642 0.1557 3.7008, 1.5316 0.1882 3.7008
            ]
        }
        coordIndex [
            0,1,2,-1,2,1,3,-1,2,3,4,-1,5,6,7,-1,7,6,8,-1,7,8,9,-1,9,8,10,-1,9,10,0,-1,0,10,11,-1,0,11,1,-1,
        ]
    }
}
Shape{
    appearance Appearance {
        material  Material 	{
            diffuseColor 0.9686274509803922 0.8784313725490196 0.6
            specularColor 0.6784313725490196 0.615686274509804 0.4196078431372549
            ambientIntensity 0.8737
            transparency 0.0
            shininess 0.5
        }
    }
    geometry IndexedFaceSet {
        ccw TRUE
        solid FALSE
        coord DEF co Coordinate {
            point [
                1.2693 0.0868 3.7008, 1.1659 0.1175 3.7008, 1.2535 0.061 3.7008, 1.1478 0.0751 3.7008, 1.1438 0.061 3.7008, 1.3189 0.2361 3.7008, 1.3048 0.2321 3.7008, 1.3189 0.1265 3.7008, 1.2624 0.214 3.7008, 1.2932 0.1106 3.7008, 1.2243 0.1882 3.7008, 1.1917 0.1557 3.7008
            ]
        }
        coordIndex [
            0,1,2,-1,2,1,3,-1,2,3,4,-1,5,6,7,-1,7,6,8,-1,7,8,9,-1,9,8,10,-1,9,10,0,-1,0,10,11,-1,0,11,1,-1,
        ]
    }
}
Shape{
    appearance Appearance {
        material  Material 	{
            diffuseColor 0.7529411764705882 0.7529411764705882 0.7529411764705882
            specularColor 0.3764705882352941 0.3764705882352941 0.3764705882352941
            ambientIntensity 0.7529
            transparency 0.0
            shininess 0.5
        }
    }
    geometry IndexedFaceSet {
        ccw TRUE
        solid FALSE
        coord DEF co Coordinate {
            point [
                1.4866 -0.0828 3.7008, 1.59 -0.1136 3.7008, 1.5025 -0.0571 3.7008, 1.6081 -0.0712 3.7008, 1.6121 -0.0571 3.7008, 1.437 -0.2322 3.7008, 1.4511 -0.2282 3.7008, 1.437 -0.1225 3.7008, 1.4935 -0.2101 3.7008, 1.4627 -0.1067 3.7008, 1.5316 -0.1843 3.7008, 1.5642 -0.1517 3.7008
            ]
        }
        coordIndex [
            0,1,2,-1,2,1,3,-1,2,3,4,-1,5,6,7,-1,7,6,8,-1,7,8,9,-1,9,8,10,-1,9,10,0,-1,0,10,11,-1,0,11,1,-1,
        ]
    }
}
Shape{
    appearance Appearance {
        material  Material 	{
            diffuseColor 0.9686274509803922 0.8784313725490196 0.6
            specularColor 0.6784313725490196 0.615686274509804 0.4196078431372549
            ambientIntensity 0.8737
            transparency 0.0
            shininess 0.5
        }
    }
    geometry IndexedFaceSet {
        ccw TRUE
        solid FALSE
        coord DEF co Coordinate {
            point [
                0.3788 0.2206 3.5005, 0.3381 0.2809 3.5005, 0.3348 0.2782 3.5449, 0.3085 0.3105 3.5005, 0.279 0.34 3.5005, 0.2762 0.3368 3.5449, 0.2186 0.3808 3.5005, 0.2097 0.3869 3.5005, 0.2076 0.3831 3.5449, 0.4177 0.1348 3.5005, 0.4136 0.1335 3.5449, 0.422 0.1151 3.5005, 0.4349 0.0566 3.5076, 0.4349 0.0565 3.5005, 0.4223 0.0581 3.5726, 0.4304 0.0575 3.5451, 0.4304 0.0575 3.5449, 0.4153 0.0584 3.5867, 0.4002 0.1292 3.5871, 0.4055 0.0589 3.6066, 0.378 0.1221 3.6251, 0.3921 0.0593 3.6249, 0.3881 0.0594 3.6304, 0.3482 0.1127 3.6569, 0.3608 0.06 3.6569, 0.335 0.0604 3.6743, 0.3124 0.1013 3.6809, 0.3221 0.0606 3.6801, 0.3 0.0608 3.69, 0.2723 0.0885 3.6957, 0.2795 0.0609 3.6954, 0.2727 0.0609 3.6972, 0.2301 0.0751 3.7008, 0.2342 0.061 3.7008, 0.0591 0.2361 3.7008, 0.0732 0.2321 3.7008, 0.059 0.2479 3.7005, 0.0866 0.2743 3.6957, 0.0589 0.2815 3.6954, 0.0993 0.3143 3.6809, 0.0587 0.3133 3.6858, 0.0589 0.2863 3.6946, 0.1107 0.3502 3.6569, 0.0583 0.3473 3.668, 0.0586 0.3241 3.6802, 0.1202 0.3799 3.6251, 0.0579 0.3697 3.6511, 0.0581 0.3624 3.6566, 0.0565 0.4172 3.5868, 0.0568 0.4113 3.6001, 0.1272 0.4021 3.5871, 0.0573 0.3958 3.6233, 0.0573 0.3943 3.625, 0.056 0.4268 3.5654, 0.1315 0.4156 3.5449, 0.0555 0.4321 3.5448, 0.1328 0.4197 3.5005, 0.1131 0.424 3.5005, 0.0554 0.4338 3.5383, 0.0545 0.4369 3.5005, 0.1155 0.214 3.7008, 0.1367 0.2529 3.6957, 0.1568 0.2898 3.6809, 0.1748 0.3228 3.6569, 0.1897 0.3502 3.6251, 0.2009 0.3707 3.5871, 0.2672 0.3258 3.5871, 0.2524 0.3079 3.6251, 0.2325 0.2838 3.6569, 0.2086 0.2548 3.6809, 0.1819 0.2224 3.6957, 0.1537 0.1882 3.7008, 0.3239 0.2692 3.5871, 0.3059 0.2544 3.6251, 0.2818 0.2345 3.6569, 0.2528 0.2106 3.6809, 0.2204 0.1838 3.6957, 0.1863 0.1557 3.7008, 0.3849 0.2117 3.5005, 0.3811 0.2096 3.5449, 0.3687 0.2028 3.5871, 0.3483 0.1917 3.6251, 0.3208 0.1768 3.6569, 0.2878 0.1588 3.6809, 0.2509 0.1387 3.6957, 0.2121 0.1175 3.7008, 0.2186 -0.3769 3.5005, 0.279 -0.3361 3.5005, 0.2762 -0.3328 3.5449, 0.3085 -0.3066 3.5005, 0.3381 -0.277 3.5005, 0.3348 -0.2743 3.5449, 0.3788 -0.2167 3.5005, 0.3849 -0.2077 3.5005, 0.3811 -0.2057 3.5449, 0.2342 -0.0571 3.7008, 0.2301 -0.0712 3.7008, 0.2727 -0.057 3.6972, 0.2723 -0.0846 3.6957, 0.3124 -0.0973 3.6809, 0.3 -0.0568 3.69, 0.2795 -0.057 3.6954, 0.3482 -0.1087 3.6569, 0.335 -0.0565 3.6743, 0.3221 -0.0566 3.6801, 0.378 -0.1182 3.6251, 0.3881 -0.0555 3.6304, 0.3608 -0.0561 3.6569, 0.4002 -0.1252 3.5871, 0.4055 -0.0549 3.6066, 0.3921 -0.0554 3.6249, 0.4304 -0.0535 3.5449, 0.4304 -0.0536 3.5451, 0.4136 -0.1295 3.5449, 0.4223 -0.0542 3.5726, 0.4153 -0.0545 3.5867, 0.4177 -0.1308 3.5005, 0.422 -0.1112 3.5005, 0.4349 -0.0527 3.5076, 0.4349 -0.0525 3.5005, 0.1328 -0.4157 3.5005, 0.1315 -0.4117 3.5449, 0.1131 -0.4201 3.5005, 0.0547 -0.4329 3.5076, 0.0545 -0.4329 3.5005, 0.0561 -0.4203 3.5726, 0.0555 -0.4284 3.5451, 0.0555 -0.4285 3.5449, 0.0565 -0.4133 3.5867, 0.1272 -0.3982 3.5871, 0.0569 -0.4035 3.6066, 0.1202 -0.376 3.6251, 0.0573 -0.3902 3.6249, 0.0575 -0.3862 3.6304, 0.1107 -0.3462 3.6569, 0.0581 -0.3588 3.6569, 0.0585 -0.3331 3.6743, 0.0993 -0.3104 3.6809, 0.0586 -0.3201 3.6801, 0.0588 -0.2981 3.69, 0.0866 -0.2704 3.6957, 0.0589 -0.2775 3.6954, 0.059 -0.2707 3.6972, 0.0732 -0.2282 3.7008, 0.0591 -0.2322 3.7008, 0.2121 -0.1136 3.7008, 0.2509 -0.1347 3.6957, 0.2878 -0.1548 3.6809, 0.3208 -0.1728 3.6569, 0.3483 -0.1878 3.6251, 0.3687 -0.1989 3.5871, 0.3239 -0.2653 3.5871, 0.3059 -0.2505 3.6251, 0.2818 -0.2306 3.6569, 0.2528 -0.2066 3.6809, 0.2204 -0.1799 3.6957, 0.1863 -0.1517 3.7008, 0.2672 -0.3219 3.5871, 0.2524 -0.3039 3.6251, 0.2325 -0.2799 3.6569, 0.2086 -0.2509 3.6809, 0.1819 -0.2185 3.6957, 0.1537 -0.1843 3.7008, 0.2097 -0.3829 3.5005, 0.2076 -0.3792 3.5449, 0.2009 -0.3668 3.5871, 0.1897 -0.3463 3.6251, 0.1748 -0.3189 3.6569, 0.1568 -0.2859 3.6809, 0.1367 -0.249 3.6957, 0.1155 -0.2101 3.7008, -0.2186 0.3808 3.5005, -0.279 0.34 3.5005, -0.2762 0.3368 3.5449, -0.3085 0.3105 3.5005, -0.3381 0.2809 3.5005, -0.3348 0.2782 3.5449, -0.3788 0.2206 3.5005, -0.3849 0.2117 3.5005, -0.3811 0.2096 3.5449, -0.1131 0.424 3.5005, -0.1328 0.4197 3.5005, -0.1315 0.4156 3.5449, -0.2342 0.061 3.7008, -0.2301 0.0751 3.7008, -0.246 0.061 3.7005, -0.2723 0.0885 3.6957, -0.2795 0.0609 3.6954, -0.3124 0.1013 3.6809, -0.3113 0.0607 3.6858, -0.2844 0.0609 3.6946, -0.3482 0.1127 3.6569, -0.3453 0.0603 3.668, -0.3221 0.0606 3.6802, -0.378 0.1221 3.6251, -0.3677 0.0599 3.6511, -0.3605 0.06 3.6566, -0.4153 0.0584 3.5868, -0.4094 0.0587 3.6001, -0.4002 0.1292 3.5871, -0.3938 0.0593 3.6233, -0.3923 0.0593 3.625, -0.4248 0.058 3.5654, -0.4136 0.1335 3.5449, -0.4301 0.0575 3.5448, -0.4177 0.1348 3.5005, -0.422 0.1151 3.5005, -0.4318 0.0573 3.5383, -0.4349 0.0565 3.5005, -0.0545 0.4369 3.5005, -0.0554 0.4338 3.5383, -0.0555 0.4321 3.5448, -0.056 0.4268 3.5654, -0.1272 0.4021 3.5871, -0.0565 0.4172 3.5868, -0.1202 0.3799 3.6251, -0.0573 0.3958 3.6233, -0.0568 0.4113 3.6001, -0.1107 0.3502 3.6569, -0.0579 0.3697 3.6511, -0.0573 0.3943 3.625, -0.0993 0.3143 3.6809, -0.0583 0.3473 3.668, -0.0581 0.3624 3.6566, -0.0589 0.2815 3.6954, -0.0589 0.2863 3.6946, -0.0866 0.2743 3.6957, -0.0587 0.3133 3.6858, -0.0586 0.3241 3.6802, -0.0732 0.2321 3.7008, -0.0591 0.2361 3.7008, -0.059 0.2479 3.7005, -0.2121 0.1175 3.7008, -0.2509 0.1387 3.6957, -0.2878 0.1588 3.6809, -0.3208 0.1768 3.6569, -0.3483 0.1917 3.6251, -0.3687 0.2028 3.5871, -0.3239 0.2692 3.5871, -0.3059 0.2544 3.6251, -0.2818 0.2345 3.6569, -0.2528 0.2106 3.6809, -0.2204 0.1838 3.6957, -0.1863 0.1557 3.7008, -0.2672 0.3258 3.5871, -0.2524 0.3079 3.6251, -0.2325 0.2838 3.6569, -0.2086 0.2548 3.6809, -0.1819 0.2224 3.6957, -0.1537 0.1882 3.7008, -0.2097 0.3869 3.5005, -0.2076 0.3831 3.5449, -0.2009 0.3707 3.5871, -0.1897 0.3502 3.6251, -0.1748 0.3228 3.6569, -0.1568 0.2898 3.6809, -0.1367 0.2529 3.6957, -0.1155 0.214 3.7008, -0.3788 -0.2167 3.5005, -0.3381 -0.277 3.5005, -0.3348 -0.2743 3.5449, -0.3085 -0.3066 3.5005, -0.279 -0.3361 3.5005, -0.2762 -0.3328 3.5449, -0.2186 -0.3769 3.5005, -0.2097 -0.3829 3.5005, -0.2076 -0.3792 3.5449, -0.422 -0.1112 3.5005, -0.4177 -0.1308 3.5005, -0.4136 -0.1295 3.5449, -0.4349 -0.0525 3.5005, -0.4318 -0.0534 3.5383, -0.4301 -0.0535 3.5448, -0.4248 -0.054 3.5654, -0.4002 -0.1252 3.5871, -0.4153 -0.0545 3.5868, -0.378 -0.1182 3.6251, -0.3938 -0.0553 3.6233, -0.4094 -0.0548 3.6001, -0.3482 -0.1087 3.6569, -0.3677 -0.056 3.6511, -0.3923 -0.0554 3.625, -0.3124 -0.0973 3.6809, -0.3453 -0.0563 3.668, -0.3605 -0.0561 3.6566, -0.2795 -0.057 3.6954, -0.2844 -0.0569 3.6946, -0.2723 -0.0846 3.6957, -0.3113 -0.0567 3.6858, -0.3221 -0.0566 3.6802, -0.2301 -0.0712 3.7008, -0.2342 -0.0571 3.7008, -0.246 -0.0571 3.7005, -0.0591 -0.2322 3.7008, -0.0732 -0.2282 3.7008, -0.059 -0.2707 3.6972, -0.0866 -0.2704 3.6957, -0.0993 -0.3104 3.6809, -0.0588 -0.2981 3.69, -0.0589 -0.2775 3.6954, -0.1107 -0.3462 3.6569, -0.0585 -0.3331 3.6743, -0.0586 -0.3201 3.6801, -0.1202 -0.376 3.6251, -0.0575 -0.3862 3.6304, -0.0581 -0.3588 3.6569, -0.1272 -0.3982 3.5871, -0.0569 -0.4035 3.6066, -0.0573 -0.3902 3.6249, -0.0555 -0.4285 3.5449, -0.0555 -0.4284 3.5451, -0.1315 -0.4117 3.5449, -0.0561 -0.4203 3.5726, -0.0565 -0.4133 3.5867, -0.1328 -0.4157 3.5005, -0.1131 -0.4201 3.5005, -0.0547 -0.4329 3.5076, -0.0545 -0.4329 3.5005, -0.1155 -0.2101 3.7008, -0.1367 -0.249 3.6957, -0.1568 -0.2859 3.6809, -0.1748 -0.3189 3.6569, -0.1897 -0.3463 3.6251, -0.2009 -0.3668 3.5871, -0.2672 -0.3219 3.5871, -0.2524 -0.3039 3.6251, -0.2325 -0.2799 3.6569, -0.2086 -0.2509 3.6809, -0.1819 -0.2185 3.6957, -0.1537 -0.1843 3.7008, -0.3239 -0.2653 3.5871, -0.3059 -0.2505 3.6251, -0.2818 -0.2306 3.6569, -0.2528 -0.2066 3.6809, -0.2204 -0.1799 3.6957, -0.1863 -0.1517 3.7008, -0.3849 -0.2077 3.5005, -0.3811 -0.2057 3.5449, -0.3687 -0.1989 3.5871, -0.3483 -0.1878 3.6251, -0.3208 -0.1728 3.6569, -0.2878 -0.1548 3.6809, -0.2509 -0.1347 3.6957, -0.2121 -0.1136 3.7008, 1.7568 0.2206 3.5005, 1.716 0.2809 3.5005, 1.7127 0.2782 3.5449, 1.6865 0.3105 3.5005, 1.6569 0.34 3.5005, 1.6542 0.3368 3.5449, 1.5966 0.3808 3.5005, 1.5876 0.3869 3.5005, 1.5856 0.3831 3.5449, 1.7957 0.1348 3.5005, 1.7916 0.1335 3.5449, 1.8 0.1151 3.5005, 1.8128 0.0566 3.5076, 1.8129 0.0565 3.5005, 1.8002 0.0581 3.5726, 1.8084 0.0575 3.5451, 1.8084 0.0575 3.5449, 1.7932 0.0584 3.5867, 1.7781 0.1292 3.5871, 1.7834 0.0589 3.6066, 1.7559 0.1221 3.6251, 1.7701 0.0593 3.6249, 1.7661 0.0594 3.6304, 1.7262 0.1127 3.6569, 1.7387 0.06 3.6569, 1.713 0.0604 3.6743, 1.6903 0.1013 3.6809, 1.7001 0.0606 3.6801, 1.678 0.0608 3.69, 1.6503 0.0885 3.6957, 1.6575 0.0609 3.6954, 1.6507 0.0609 3.6972, 1.6081 0.0751 3.7008, 1.6121 0.061 3.7008, 1.437 0.2361 3.7008, 1.4511 0.2321 3.7008, 1.437 0.2479 3.7005, 1.4645 0.2743 3.6957, 1.4369 0.2815 3.6954, 1.4773 0.3143 3.6809, 1.4367 0.3133 3.6858, 1.4369 0.2863 3.6946, 1.4886 0.3502 3.6569, 1.4363 0.3473 3.668, 1.4365 0.3241 3.6802, 1.4981 0.3799 3.6251, 1.4359 0.3697 3.6511, 1.436 0.3624 3.6566, 1.4344 0.4172 3.5868, 1.4347 0.4113 3.6001, 1.5052 0.4021 3.5871, 1.4353 0.3958 3.6233, 1.4353 0.3943 3.625, 1.4339 0.4268 3.5654, 1.5094 0.4156 3.5449, 1.4335 0.4321 3.5448, 1.5107 0.4197 3.5005, 1.4911 0.424 3.5005, 1.4333 0.4338 3.5383, 1.4325 0.4369 3.5005, 1.4935 0.214 3.7008, 1.5147 0.2529 3.6957, 1.5348 0.2898 3.6809, 1.5527 0.3228 3.6569, 1.5677 0.3502 3.6251, 1.5788 0.3707 3.5871, 1.6452 0.3258 3.5871, 1.6304 0.3079 3.6251, 1.6105 0.2838 3.6569, 1.5866 0.2548 3.6809, 1.5598 0.2224 3.6957, 1.5316 0.1882 3.7008, 1.7018 0.2692 3.5871, 1.6839 0.2544 3.6251, 1.6598 0.2345 3.6569, 1.6308 0.2106 3.6809, 1.5984 0.1838 3.6957, 1.5642 0.1557 3.7008, 1.7628 0.2117 3.5005, 1.7591 0.2096 3.5449, 1.7467 0.2028 3.5871, 1.7262 0.1917 3.6251, 1.6988 0.1768 3.6569, 1.6658 0.1588 3.6809, 1.6289 0.1387 3.6957, 1.59 0.1175 3.7008, 1.5966 -0.3769 3.5005, 1.6569 -0.3361 3.5005, 1.6542 -0.3328 3.5449, 1.7568 -0.2167 3.5005, 1.7628 -0.2077 3.5005, 1.7591 -0.2057 3.5449, 1.6121 -0.0571 3.7008, 1.6081 -0.0712 3.7008, 1.6507 -0.057 3.6972, 1.6503 -0.0846 3.6957, 1.6903 -0.0973 3.6809, 1.678 -0.0568 3.69, 1.6575 -0.057 3.6954, 1.7262 -0.1087 3.6569, 1.713 -0.0565 3.6743, 1.7001 -0.0566 3.6801, 1.7559 -0.1182 3.6251, 1.7661 -0.0555 3.6304, 1.7387 -0.0561 3.6569, 1.7781 -0.1252 3.5871, 1.7834 -0.0549 3.6066, 1.7701 -0.0554 3.6249, 1.8084 -0.0535 3.5449, 1.8084 -0.0536 3.5451, 1.7916 -0.1295 3.5449, 1.8002 -0.0542 3.5726, 1.7932 -0.0545 3.5867, 1.7957 -0.1308 3.5005, 1.8 -0.1112 3.5005, 1.8128 -0.0527 3.5076, 1.8129 -0.0525 3.5005, 1.5107 -0.4157 3.5005, 1.5094 -0.4117 3.5449, 1.4911 -0.4201 3.5005, 1.4326 -0.4329 3.5076, 1.4325 -0.4329 3.5005, 1.4341 -0.4203 3.5726, 1.4335 -0.4284 3.5451, 1.4335 -0.4285 3.5449, 1.4344 -0.4133 3.5867, 1.5052 -0.3982 3.5871, 1.4349 -0.4035 3.6066, 1.4981 -0.376 3.6251, 1.4353 -0.3902 3.6249, 1.4354 -0.3862 3.6304, 1.4886 -0.3462 3.6569, 1.436 -0.3588 3.6569, 1.4364 -0.3331 3.6743, 1.4773 -0.3104 3.6809, 1.4365 -0.3201 3.6801, 1.4368 -0.2981 3.69, 1.4645 -0.2704 3.6957, 1.4369 -0.2775 3.6954, 1.4369 -0.2707 3.6972, 1.4511 -0.2282 3.7008, 1.437 -0.2322 3.7008, 1.5642 -0.1517 3.7008, 1.5316 -0.1843 3.7008, 1.5984 -0.1799 3.6957, 1.5598 -0.2185 3.6957, 1.6308 -0.2066 3.6809, 1.5866 -0.2509 3.6809, 1.6598 -0.2306 3.6569, 1.6105 -0.2799 3.6569, 1.6839 -0.2505 3.6251, 1.6304 -0.3039 3.6251, 1.7018 -0.2653 3.5871, 1.6452 -0.3219 3.5871, 1.7127 -0.2743 3.5449, 1.59 -0.1136 3.7008, 1.6289 -0.1347 3.6957, 1.6658 -0.1548 3.6809, 1.6988 -0.1728 3.6569, 1.7262 -0.1878 3.6251, 1.7467 -0.1989 3.5871, 1.716 -0.277 3.5005, 1.6865 -0.3066 3.5005, 1.5876 -0.3829 3.5005, 1.5856 -0.3792 3.5449, 1.5788 -0.3668 3.5871, 1.5677 -0.3463 3.6251, 1.5527 -0.3189 3.6569, 1.5348 -0.2859 3.6809, 1.5147 -0.249 3.6957, 1.4935 -0.2101 3.7008, 1.1593 0.3808 3.5005, 1.099 0.34 3.5005, 1.1017 0.3368 3.5449, 1.0694 0.3105 3.5005, 1.0399 0.2809 3.5005, 1.0432 0.2782 3.5449, 0.9991 0.2206 3.5005, 0.9931 0.2117 3.5005, 0.9968 0.2096 3.5449, 1.2648 0.424 3.5005, 1.2452 0.4197 3.5005, 1.2465 0.4156 3.5449, 1.1438 0.061 3.7008, 1.1478 0.0751 3.7008, 1.132 0.061 3.7005, 1.1056 0.0885 3.6957, 1.0984 0.0609 3.6954, 1.0656 0.1013 3.6809, 1.0667 0.0607 3.6858, 1.0936 0.0609 3.6946, 1.0298 0.1127 3.6569, 1.0326 0.0603 3.668, 1.0559 0.0606 3.6802, 1.0 0.1221 3.6251, 1.0103 0.0599 3.6511, 1.0175 0.06 3.6566, 0.9627 0.0584 3.5868, 0.9686 0.0587 3.6001, 0.9778 0.1292 3.5871, 0.9841 0.0593 3.6233, 0.9857 0.0593 3.625, 0.9531 0.058 3.5654, 0.9643 0.1335 3.5449, 0.9478 0.0575 3.5448, 0.9602 0.1348 3.5005, 0.9559 0.1151 3.5005, 0.9462 0.0573 3.5383, 0.943 0.0565 3.5005, 1.3234 0.4369 3.5005, 1.3226 0.4338 3.5383, 1.3224 0.4321 3.5448, 1.322 0.4268 3.5654, 1.2507 0.4021 3.5871, 1.3215 0.4172 3.5868, 1.2578 0.3799 3.6251, 1.3207 0.3958 3.6233, 1.3212 0.4113 3.6001, 1.2673 0.3502 3.6569, 1.32 0.3697 3.6511, 1.3206 0.3943 3.625, 1.2786 0.3143 3.6809, 1.3196 0.3473 3.668, 1.3199 0.3624 3.6566, 1.319 0.2815 3.6954, 1.319 0.2863 3.6946, 1.2914 0.2743 3.6957, 1.3192 0.3133 3.6858, 1.3194 0.3241 3.6802, 1.3048 0.2321 3.7008, 1.3189 0.2361 3.7008, 1.3189 0.2479 3.7005, 1.1659 0.1175 3.7008, 1.127 0.1387 3.6957, 1.0901 0.1588 3.6809, 1.0571 0.1768 3.6569, 1.0297 0.1917 3.6251, 1.0092 0.2028 3.5871, 1.0541 0.2692 3.5871, 1.072 0.2544 3.6251, 1.0961 0.2345 3.6569, 1.1251 0.2106 3.6809, 1.1575 0.1838 3.6957, 1.1917 0.1557 3.7008, 1.1107 0.3258 3.5871, 1.1255 0.3079 3.6251, 1.1454 0.2838 3.6569, 1.1693 0.2548 3.6809, 1.1961 0.2224 3.6957, 1.2243 0.1882 3.7008, 1.1683 0.3869 3.5005, 1.1703 0.3831 3.5449, 1.1771 0.3707 3.5871, 1.1882 0.3502 3.6251, 1.2032 0.3228 3.6569, 1.2211 0.2898 3.6809, 1.2412 0.2529 3.6957, 1.2624 0.214 3.7008, 0.9991 -0.2167 3.5005, 1.0399 -0.277 3.5005, 1.0432 -0.2743 3.5449, 1.0694 -0.3066 3.5005, 1.099 -0.3361 3.5005, 1.1017 -0.3328 3.5449, 1.1593 -0.3769 3.5005, 1.1683 -0.3829 3.5005, 1.1703 -0.3792 3.5449, 0.9559 -0.1112 3.5005, 0.9602 -0.1308 3.5005, 0.9643 -0.1295 3.5449, 0.943 -0.0525 3.5005, 0.9462 -0.0534 3.5383, 0.9478 -0.0535 3.5448, 0.9531 -0.054 3.5654, 0.9778 -0.1252 3.5871, 0.9627 -0.0545 3.5868, 1.0 -0.1182 3.6251, 0.9841 -0.0553 3.6233, 0.9686 -0.0548 3.6001, 1.0298 -0.1087 3.6569, 1.0103 -0.056 3.6511, 0.9857 -0.0554 3.625, 1.0656 -0.0973 3.6809, 1.0326 -0.0563 3.668, 1.0175 -0.0561 3.6566, 1.0984 -0.057 3.6954, 1.0936 -0.0569 3.6946, 1.1056 -0.0846 3.6957, 1.0667 -0.0567 3.6858, 1.0559 -0.0566 3.6802, 1.1478 -0.0712 3.7008, 1.1438 -0.0571 3.7008, 1.132 -0.0571 3.7005, 1.3189 -0.2322 3.7008, 1.3048 -0.2282 3.7008, 1.319 -0.2707 3.6972, 1.2914 -0.2704 3.6957, 1.2786 -0.3104 3.6809, 1.3191 -0.2981 3.69, 1.319 -0.2775 3.6954, 1.2673 -0.3462 3.6569, 1.3195 -0.3331 3.6743, 1.3194 -0.3201 3.6801, 1.2578 -0.376 3.6251, 1.3205 -0.3862 3.6304, 1.3199 -0.3588 3.6569, 1.2507 -0.3982 3.5871, 1.321 -0.4035 3.6066, 1.3206 -0.3902 3.6249, 1.3224 -0.4285 3.5449, 1.3224 -0.4284 3.5451, 1.2465 -0.4117 3.5449, 1.3218 -0.4203 3.5726, 1.3215 -0.4133 3.5867, 1.2452 -0.4157 3.5005, 1.2648 -0.4201 3.5005, 1.3233 -0.4329 3.5076, 1.3234 -0.4329 3.5005, 1.2624 -0.2101 3.7008, 1.2412 -0.249 3.6957, 1.2211 -0.2859 3.6809, 1.2032 -0.3189 3.6569, 1.1882 -0.3463 3.6251, 1.1771 -0.3668 3.5871, 1.1107 -0.3219 3.5871, 1.1255 -0.3039 3.6251, 1.1454 -0.2799 3.6569, 1.1693 -0.2509 3.6809, 1.1961 -0.2185 3.6957, 1.2243 -0.1843 3.7008, 1.0541 -0.2653 3.5871, 1.072 -0.2505 3.6251, 1.0961 -0.2306 3.6569, 1.1251 -0.2066 3.6809, 1.1575 -0.1799 3.6957, 1.1917 -0.1517 3.7008, 0.9931 -0.2077 3.5005, 0.9968 -0.2057 3.5449, 1.0092 -0.1989 3.5871, 1.0297 -0.1878 3.6251, 1.0571 -0.1728 3.6569, 1.0901 -0.1548 3.6809, 1.127 -0.1347 3.6957, 1.1659 -0.1136 3.7008, -1.3234 -0.1197 3.5039, -1.3189 -0.1225 3.7008, -1.2959 -0.1031 3.5039, -1.2932 -0.1067 3.7008, -1.2729 -0.0801 3.5039, -1.2693 -0.0828 3.7008, -1.2563 -0.0526 3.5039, -1.2535 -0.0571 3.7008, -1.4996 -0.0526 3.5039, -1.5025 -0.0571 3.7008, -1.4831 -0.0801 3.5039, -1.4866 -0.0828 3.7008, -1.46 -0.1031 3.5039, -1.4627 -0.1067 3.7008, -1.4325 -0.1197 3.5039, -1.437 -0.1225 3.7008, -1.4325 0.1236 3.5039, -1.437 0.1265 3.7008, -1.46 0.1071 3.5039, -1.4627 0.1106 3.7008, -1.4831 0.084 3.5039, -1.4866 0.0868 3.7008, -1.4996 0.0566 3.5039, -1.5025 0.061 3.7008, -1.378 -0.3944 1.0985, -1.378 -0.3917 0.9449, -1.2761 -0.3783 0.9449, -1.7743 0.002 1.0985, -1.7717 0.002 0.9449, -1.7582 -0.0999 0.9449, -1.378 0.3983 1.0985, -1.378 0.3957 0.9449, -1.4798 0.3823 0.9449, -0.9816 0.002 1.0985, -0.9843 0.002 0.9449, -0.9977 0.1039 0.9449, -0.9977 -0.0999 0.9449, -0.9717 -0.0112 1.678, -0.9619 -0.0247 2.2717, -0.9559 -0.1112 3.5005, -0.9524 -0.0384 2.8793, -0.943 -0.0525 3.5005, -0.943 0.0565 3.5005, -0.9524 0.0424 2.8793, -0.9559 0.1151 3.5005, -0.9619 0.0286 2.2717, -0.9717 0.0151 1.678, -1.2761 0.3823 0.9449, -1.3648 0.4083 1.678, -1.3513 0.418 2.2717, -1.2648 0.424 3.5005, -1.3375 0.4275 2.8793, -1.3234 0.4369 3.5005, -1.4325 0.4369 3.5005, -1.4184 0.4275 2.8793, -1.4911 0.424 3.5005, -1.4046 0.418 2.2717, -1.3911 0.4083 1.678, -1.7582 0.1039 0.9449, -1.7842 0.0151 1.678, -1.794 0.0286 2.2717, -1.8 0.1151 3.5005, -1.8035 0.0424 2.8793, -1.8129 0.0565 3.5005, -1.8129 -0.0525 3.5005, -1.8035 -0.0384 2.8793, -1.8 -0.1112 3.5005, -1.794 -0.0247 2.2717, -1.7842 -0.0112 1.678, -1.4798 -0.3783 0.9449, -1.3911 -0.4043 1.678, -1.4046 -0.414 2.2717, -1.4911 -0.4201 3.5005, -1.4184 -0.4236 2.8793, -1.4325 -0.4329 3.5005, -1.3234 -0.4329 3.5005, -1.3375 -0.4236 2.8793, -1.2648 -0.4201 3.5005, -1.3513 -0.414 2.2717, -1.3648 -0.4043 1.678, -0.9602 -0.1308 3.5005, -0.9931 -0.2077 3.5005, -1.037 -0.1949 0.9449, -0.9991 -0.2167 3.5005, -1.0399 -0.277 3.5005, -1.0996 -0.2764 0.9449, -1.0694 -0.3066 3.5005, -1.099 -0.3361 3.5005, -1.1811 -0.339 0.9449, -1.1593 -0.3769 3.5005, -1.1683 -0.3829 3.5005, -1.2452 -0.4157 3.5005, -1.5107 -0.4157 3.5005, -1.5876 -0.3829 3.5005, -1.5748 -0.339 0.9449, -1.5966 -0.3769 3.5005, -1.6569 -0.3361 3.5005, -1.6563 -0.2764 0.9449, -1.6865 -0.3066 3.5005, -1.716 -0.277 3.5005, -1.7189 -0.1949 0.9449, -1.7568 -0.2167 3.5005, -1.7628 -0.2077 3.5005, -1.7957 -0.1308 3.5005, -1.7957 0.1348 3.5005, -1.7628 0.2117 3.5005, -1.7189 0.1988 0.9449, -1.7568 0.2206 3.5005, -1.716 0.2809 3.5005, -1.6563 0.2804 0.9449, -1.6865 0.3105 3.5005, -1.6569 0.34 3.5005, -1.5748 0.3429 0.9449, -1.5966 0.3808 3.5005, -1.5876 0.3869 3.5005, -1.5107 0.4197 3.5005, -1.2452 0.4197 3.5005, -1.1683 0.3869 3.5005, -1.1811 0.3429 0.9449, -1.1593 0.3808 3.5005, -1.099 0.34 3.5005, -1.0996 0.2804 0.9449, -1.0694 0.3105 3.5005, -1.0399 0.2809 3.5005, -1.037 0.1988 0.9449, -0.9991 0.2206 3.5005, -0.9931 0.2117 3.5005, -0.9602 0.1348 3.5005, -1.1659 -0.1136 3.7008, -1.1478 -0.0712 3.7008, -1.1438 -0.0571 3.7008, -1.3189 -0.2322 3.7008, -1.3048 -0.2282 3.7008, -1.2624 -0.2101 3.7008, -1.2243 -0.1843 3.7008, -1.1917 -0.1517 3.7008, -1.59 0.1175 3.7008, -1.6081 0.0751 3.7008, -1.6121 0.061 3.7008, -1.437 0.2361 3.7008, -1.4511 0.2321 3.7008, -1.4935 0.214 3.7008, -1.5316 0.1882 3.7008, -1.5642 0.1557 3.7008, -1.2932 0.1106 3.7008, -1.2624 0.214 3.7008, -1.3189 0.1265 3.7008, -1.3048 0.2321 3.7008, -1.3189 0.2361 3.7008, -1.1438 0.061 3.7008, -1.1478 0.0751 3.7008, -1.2535 0.061 3.7008, -1.1659 0.1175 3.7008, -1.2693 0.0868 3.7008, -1.1917 0.1557 3.7008, -1.2243 0.1882 3.7008, -1.1017 -0.3328 3.5449, -1.0432 -0.2743 3.5449, -0.9968 -0.2057 3.5449, -1.1053 -0.057 3.6972, -1.1056 -0.0846 3.6957, -1.0656 -0.0973 3.6809, -1.0779 -0.0568 3.69, -1.0984 -0.057 3.6954, -1.0298 -0.1087 3.6569, -1.0429 -0.0565 3.6743, -1.0558 -0.0566 3.6801, -1.0 -0.1182 3.6251, -0.9898 -0.0555 3.6304, -1.0172 -0.0561 3.6569, -0.9778 -0.1252 3.5871, -0.9725 -0.0549 3.6066, -0.9858 -0.0554 3.6249, -0.9475 -0.0535 3.5449, -0.9475 -0.0536 3.5451, -0.9643 -0.1295 3.5449, -0.9557 -0.0542 3.5726, -0.9627 -0.0545 3.5867, -0.9431 -0.0527 3.5076, -1.2465 -0.4117 3.5449, -1.3233 -0.4329 3.5076, -1.3218 -0.4203 3.5726, -1.3224 -0.4284 3.5451, -1.3224 -0.4285 3.5449, -1.3215 -0.4133 3.5867, -1.2507 -0.3982 3.5871, -1.321 -0.4035 3.6066, -1.2578 -0.376 3.6251, -1.3206 -0.3902 3.6249, -1.3205 -0.3862 3.6304, -1.2673 -0.3462 3.6569, -1.3199 -0.3588 3.6569, -1.3195 -0.3331 3.6743, -1.2786 -0.3104 3.6809, -1.3194 -0.3201 3.6801, -1.3191 -0.2981 3.69, -1.2914 -0.2704 3.6957, -1.319 -0.2775 3.6954, -1.319 -0.2707 3.6972, -1.127 -0.1347 3.6957, -1.0901 -0.1548 3.6809, -1.0571 -0.1728 3.6569, -1.0297 -0.1878 3.6251, -1.0092 -0.1989 3.5871, -1.0541 -0.2653 3.5871, -1.072 -0.2505 3.6251, -1.0961 -0.2306 3.6569, -1.1251 -0.2066 3.6809, -1.1575 -0.1799 3.6957, -1.1107 -0.3219 3.5871, -1.1255 -0.3039 3.6251, -1.1454 -0.2799 3.6569, -1.1693 -0.2509 3.6809, -1.1961 -0.2185 3.6957, -1.1703 -0.3792 3.5449, -1.1771 -0.3668 3.5871, -1.1882 -0.3463 3.6251, -1.2032 -0.3189 3.6569, -1.2211 -0.2859 3.6809, -1.2412 -0.249 3.6957, -1.6542 0.3368 3.5449, -1.7591 0.2096 3.5449, -1.5094 0.4156 3.5449, -1.4333 0.4338 3.5383, -1.4335 0.4321 3.5448, -1.4339 0.4268 3.5654, -1.5052 0.4021 3.5871, -1.4344 0.4172 3.5868, -1.4981 0.3799 3.6251, -1.4353 0.3958 3.6233, -1.4347 0.4113 3.6001, -1.4886 0.3502 3.6569, -1.4359 0.3697 3.6511, -1.4353 0.3943 3.625, -1.4773 0.3143 3.6809, -1.4363 0.3473 3.668, -1.436 0.3624 3.6566, -1.4369 0.2815 3.6954, -1.4369 0.2863 3.6946, -1.4645 0.2743 3.6957, -1.4367 0.3133 3.6858, -1.4365 0.3241 3.6802, -1.437 0.2479 3.7005, -1.6239 0.061 3.7005, -1.6503 0.0885 3.6957, -1.6575 0.0609 3.6954, -1.6903 0.1013 3.6809, -1.6893 0.0607 3.6858, -1.6623 0.0609 3.6946, -1.7262 0.1127 3.6569, -1.7233 0.0603 3.668, -1.7001 0.0606 3.6802, -1.7559 0.1221 3.6251, -1.7456 0.0599 3.6511, -1.7384 0.06 3.6566, -1.7932 0.0584 3.5868, -1.7873 0.0587 3.6001, -1.7781 0.1292 3.5871, -1.7718 0.0593 3.6233, -1.7702 0.0593 3.625, -1.8028 0.058 3.5654, -1.7916 0.1335 3.5449, -1.8081 0.0575 3.5448, -1.8097 0.0573 3.5383, -1.5984 0.1838 3.6957, -1.5598 0.2224 3.6957, -1.6308 0.2106 3.6809, -1.5866 0.2548 3.6809, -1.6598 0.2345 3.6569, -1.6105 0.2838 3.6569, -1.6839 0.2544 3.6251, -1.6304 0.3079 3.6251, -1.7018 0.2692 3.5871, -1.6452 0.3258 3.5871, -1.7127 0.2782 3.5449, -1.6289 0.1387 3.6957, -1.6658 0.1588 3.6809, -1.6988 0.1768 3.6569, -1.7262 0.1917 3.6251, -1.7467 0.2028 3.5871, -1.5856 0.3831 3.5449, -1.5788 0.3707 3.5871, -1.5677 0.3502 3.6251, -1.5527 0.3228 3.6569, -1.5348 0.2898 3.6809, -1.5147 0.2529 3.6957, -1.0432 0.2782 3.5449, -1.1017 0.3368 3.5449, -1.1703 0.3831 3.5449, -1.3189 0.2479 3.7005, -1.2914 0.2743 3.6957, -1.319 0.2815 3.6954, -1.2786 0.3143 3.6809, -1.3192 0.3133 3.6858, -1.319 0.2863 3.6946, -1.2673 0.3502 3.6569, -1.3196 0.3473 3.668, -1.3194 0.3241 3.6802, -1.2578 0.3799 3.6251, -1.32 0.3697 3.6511, -1.3199 0.3624 3.6566, -1.3215 0.4172 3.5868, -1.3212 0.4113 3.6001, -1.2507 0.4021 3.5871, -1.3207 0.3958 3.6233, -1.3206 0.3943 3.625, -1.322 0.4268 3.5654, -1.2465 0.4156 3.5449, -1.3224 0.4321 3.5448, -1.3226 0.4338 3.5383, -0.9643 0.1335 3.5449, -0.9431 0.0566 3.5076, -0.9557 0.0581 3.5726, -0.9475 0.0575 3.5451, -0.9475 0.0575 3.5449, -0.9627 0.0584 3.5867, -0.9778 0.1292 3.5871, -0.9725 0.0589 3.6066, -1.0 0.1221 3.6251, -0.9858 0.0593 3.6249, -0.9898 0.0594 3.6304, -1.0298 0.1127 3.6569, -1.0172 0.06 3.6569, -1.0429 0.0604 3.6743, -1.0656 0.1013 3.6809, -1.0558 0.0606 3.6801, -1.0779 0.0608 3.69, -1.1056 0.0885 3.6957, -1.0984 0.0609 3.6954, -1.1053 0.0609 3.6972, -1.2412 0.2529 3.6957, -1.2211 0.2898 3.6809, -1.2032 0.3228 3.6569, -1.1882 0.3502 3.6251, -1.1771 0.3707 3.5871, -1.1107 0.3258 3.5871, -1.1255 0.3079 3.6251, -1.1454 0.2838 3.6569, -1.1693 0.2548 3.6809, -1.1961 0.2224 3.6957, -1.0541 0.2692 3.5871, -1.072 0.2544 3.6251, -1.0961 0.2345 3.6569, -1.1251 0.2106 3.6809, -1.1575 0.1838 3.6957, -0.9968 0.2096 3.5449, -1.0092 0.2028 3.5871, -1.0297 0.1917 3.6251, -1.0571 0.1768 3.6569, -1.0901 0.1588 3.6809, -1.127 0.1387 3.6957
            ]
        }
        coordIndex [
            0,1,2,-1,3,4,5,-1,6,7,8,-1,9,10,11,-1,11,10,12,-1,11,12,13,-1,14,15,10,-1,10,15,16,-1,10,16,12,-1,14,10,17,-1,17,10,18,-1,17,18,19,-1,19,18,20,-1,19,20,21,-1,21,20,22,-1,22,20,23,-1,22,23,24,-1,24,23,25,-1,25,23,26,-1,25,26,27,-1,27,26,28,-1,28,26,29,-1,28,29,30,-1,30,29,31,-1,31,29,32,-1,31,32,33,-1,34,35,36,-1,36,35,37,-1,36,37,38,-1,39,40,37,-1,37,40,41,-1,37,41,38,-1,42,43,39,-1,39,43,44,-1,39,44,40,-1,45,46,42,-1,42,46,47,-1,42,47,43,-1,48,49,50,-1,50,49,51,-1,50,51,45,-1,45,51,52,-1,45,52,46,-1,48,50,53,-1,53,50,54,-1,53,54,55,-1,54,56,57,-1,55,54,58,-1,58,54,57,-1,58,57,59,-1,35,60,37,-1,37,60,61,-1,37,61,39,-1,39,61,62,-1,39,62,42,-1,42,62,63,-1,42,63,45,-1,45,63,64,-1,45,64,50,-1,50,64,65,-1,50,65,54,-1,54,65,8,-1,54,8,56,-1,56,8,7,-1,4,6,5,-1,5,6,8,-1,5,8,66,-1,66,8,65,-1,66,65,67,-1,67,65,64,-1,67,64,68,-1,68,64,63,-1,68,63,69,-1,69,63,62,-1,69,62,70,-1,70,62,61,-1,70,61,71,-1,71,61,60,-1,1,3,2,-1,2,3,5,-1,2,5,72,-1,72,5,66,-1,72,66,73,-1,73,66,67,-1,73,67,74,-1,74,67,68,-1,74,68,75,-1,75,68,69,-1,75,69,76,-1,76,69,70,-1,76,70,77,-1,77,70,71,-1,78,0,79,-1,79,0,2,-1,79,2,80,-1,80,2,72,-1,80,72,81,-1,81,72,73,-1,81,73,82,-1,82,73,74,-1,82,74,83,-1,83,74,75,-1,83,75,84,-1,84,75,76,-1,84,76,85,-1,85,76,77,-1,85,32,84,-1,84,32,29,-1,84,29,83,-1,83,29,26,-1,83,26,82,-1,82,26,23,-1,82,23,81,-1,81,23,20,-1,81,20,80,-1,80,20,18,-1,80,18,79,-1,79,18,10,-1,79,10,78,-1,78,10,9,-1,86,87,88,-1,89,90,91,-1,92,93,94,-1,95,96,97,-1,97,96,98,-1,99,100,98,-1,98,100,101,-1,98,101,97,-1,102,103,99,-1,99,103,104,-1,99,104,100,-1,105,106,102,-1,102,106,107,-1,102,107,103,-1,108,109,105,-1,105,109,110,-1,105,110,106,-1,111,112,113,-1,113,112,114,-1,113,114,108,-1,108,114,115,-1,108,115,109,-1,113,116,117,-1,111,113,118,-1,118,113,117,-1,118,117,119,-1,120,121,122,-1,122,121,123,-1,122,123,124,-1,125,126,121,-1,121,126,127,-1,121,127,123,-1,125,121,128,-1,128,121,129,-1,128,129,130,-1,130,129,131,-1,130,131,132,-1,132,131,133,-1,133,131,134,-1,133,134,135,-1,135,134,136,-1,136,134,137,-1,136,137,138,-1,138,137,139,-1,139,137,140,-1,139,140,141,-1,141,140,142,-1,142,140,143,-1,142,143,144,-1,96,145,98,-1,98,145,146,-1,98,146,99,-1,99,146,147,-1,99,147,102,-1,102,147,148,-1,102,148,105,-1,105,148,149,-1,105,149,108,-1,108,149,150,-1,108,150,113,-1,113,150,94,-1,113,94,116,-1,116,94,93,-1,90,92,91,-1,91,92,94,-1,91,94,151,-1,151,94,150,-1,151,150,152,-1,152,150,149,-1,152,149,153,-1,153,149,148,-1,153,148,154,-1,154,148,147,-1,154,147,155,-1,155,147,146,-1,155,146,156,-1,156,146,145,-1,87,89,88,-1,88,89,91,-1,88,91,157,-1,157,91,151,-1,157,151,158,-1,158,151,152,-1,158,152,159,-1,159,152,153,-1,159,153,160,-1,160,153,154,-1,160,154,161,-1,161,154,155,-1,161,155,162,-1,162,155,156,-1,163,86,164,-1,164,86,88,-1,164,88,165,-1,165,88,157,-1,165,157,166,-1,166,157,158,-1,166,158,167,-1,167,158,159,-1,167,159,168,-1,168,159,160,-1,168,160,169,-1,169,160,161,-1,169,161,170,-1,170,161,162,-1,170,143,169,-1,169,143,140,-1,169,140,168,-1,168,140,137,-1,168,137,167,-1,167,137,134,-1,167,134,166,-1,166,134,131,-1,166,131,165,-1,165,131,129,-1,165,129,164,-1,164,129,121,-1,164,121,163,-1,163,121,120,-1,171,172,173,-1,174,175,176,-1,177,178,179,-1,180,181,182,-1,183,184,185,-1,185,184,186,-1,185,186,187,-1,188,189,186,-1,186,189,190,-1,186,190,187,-1,191,192,188,-1,188,192,193,-1,188,193,189,-1,194,195,191,-1,191,195,196,-1,191,196,192,-1,197,198,199,-1,199,198,200,-1,199,200,194,-1,194,200,201,-1,194,201,195,-1,197,199,202,-1,202,199,203,-1,202,203,204,-1,203,205,206,-1,204,203,207,-1,207,203,206,-1,207,206,208,-1,209,180,210,-1,210,180,182,-1,210,182,211,-1,211,182,212,-1,212,182,213,-1,212,213,214,-1,215,216,213,-1,213,216,217,-1,213,217,214,-1,218,219,215,-1,215,219,220,-1,215,220,216,-1,221,222,218,-1,218,222,223,-1,218,223,219,-1,224,225,226,-1,226,225,227,-1,226,227,221,-1,221,227,228,-1,221,228,222,-1,229,230,226,-1,226,230,231,-1,226,231,224,-1,184,232,186,-1,186,232,233,-1,186,233,188,-1,188,233,234,-1,188,234,191,-1,191,234,235,-1,191,235,194,-1,194,235,236,-1,194,236,199,-1,199,236,237,-1,199,237,203,-1,203,237,179,-1,203,179,205,-1,205,179,178,-1,175,177,176,-1,176,177,179,-1,176,179,238,-1,238,179,237,-1,238,237,239,-1,239,237,236,-1,239,236,240,-1,240,236,235,-1,240,235,241,-1,241,235,234,-1,241,234,242,-1,242,234,233,-1,242,233,243,-1,243,233,232,-1,172,174,173,-1,173,174,176,-1,173,176,244,-1,244,176,238,-1,244,238,245,-1,245,238,239,-1,245,239,246,-1,246,239,240,-1,246,240,247,-1,247,240,241,-1,247,241,248,-1,248,241,242,-1,248,242,249,-1,249,242,243,-1,250,171,251,-1,251,171,173,-1,251,173,252,-1,252,173,244,-1,252,244,253,-1,253,244,245,-1,253,245,254,-1,254,245,246,-1,254,246,255,-1,255,246,247,-1,255,247,256,-1,256,247,248,-1,256,248,257,-1,257,248,249,-1,257,229,256,-1,256,229,226,-1,256,226,255,-1,255,226,221,-1,255,221,254,-1,254,221,218,-1,254,218,253,-1,253,218,215,-1,253,215,252,-1,252,215,213,-1,252,213,251,-1,251,213,182,-1,251,182,250,-1,250,182,181,-1,258,259,260,-1,261,262,263,-1,264,265,266,-1,267,268,269,-1,270,267,271,-1,271,267,269,-1,271,269,272,-1,272,269,273,-1,273,269,274,-1,273,274,275,-1,276,277,274,-1,274,277,278,-1,274,278,275,-1,279,280,276,-1,276,280,281,-1,276,281,277,-1,282,283,279,-1,279,283,284,-1,279,284,280,-1,285,286,287,-1,287,286,288,-1,287,288,282,-1,282,288,289,-1,282,289,283,-1,290,291,287,-1,287,291,292,-1,287,292,285,-1,293,294,295,-1,295,294,296,-1,297,298,296,-1,296,298,299,-1,296,299,295,-1,300,301,297,-1,297,301,302,-1,297,302,298,-1,303,304,300,-1,300,304,305,-1,300,305,301,-1,306,307,303,-1,303,307,308,-1,303,308,304,-1,309,310,311,-1,311,310,312,-1,311,312,306,-1,306,312,313,-1,306,313,307,-1,311,314,315,-1,309,311,316,-1,316,311,315,-1,316,315,317,-1,294,318,296,-1,296,318,319,-1,296,319,297,-1,297,319,320,-1,297,320,300,-1,300,320,321,-1,300,321,303,-1,303,321,322,-1,303,322,306,-1,306,322,323,-1,306,323,311,-1,311,323,266,-1,311,266,314,-1,314,266,265,-1,262,264,263,-1,263,264,266,-1,263,266,324,-1,324,266,323,-1,324,323,325,-1,325,323,322,-1,325,322,326,-1,326,322,321,-1,326,321,327,-1,327,321,320,-1,327,320,328,-1,328,320,319,-1,328,319,329,-1,329,319,318,-1,259,261,260,-1,260,261,263,-1,260,263,330,-1,330,263,324,-1,330,324,331,-1,331,324,325,-1,331,325,332,-1,332,325,326,-1,332,326,333,-1,333,326,327,-1,333,327,334,-1,334,327,328,-1,334,328,335,-1,335,328,329,-1,336,258,337,-1,337,258,260,-1,337,260,338,-1,338,260,330,-1,338,330,339,-1,339,330,331,-1,339,331,340,-1,340,331,332,-1,340,332,341,-1,341,332,333,-1,341,333,342,-1,342,333,334,-1,342,334,343,-1,343,334,335,-1,343,290,342,-1,342,290,287,-1,342,287,341,-1,341,287,282,-1,341,282,340,-1,340,282,279,-1,340,279,339,-1,339,279,276,-1,339,276,338,-1,338,276,274,-1,338,274,337,-1,337,274,269,-1,337,269,336,-1,336,269,268,-1,344,345,346,-1,347,348,349,-1,350,351,352,-1,353,354,355,-1,355,354,356,-1,355,356,357,-1,358,359,354,-1,354,359,360,-1,354,360,356,-1,358,354,361,-1,361,354,362,-1,361,362,363,-1,363,362,364,-1,363,364,365,-1,365,364,366,-1,366,364,367,-1,366,367,368,-1,368,367,369,-1,369,367,370,-1,369,370,371,-1,371,370,372,-1,372,370,373,-1,372,373,374,-1,374,373,375,-1,375,373,376,-1,375,376,377,-1,378,379,380,-1,380,379,381,-1,380,381,382,-1,383,384,381,-1,381,384,385,-1,381,385,382,-1,386,387,383,-1,383,387,388,-1,383,388,384,-1,389,390,386,-1,386,390,391,-1,386,391,387,-1,392,393,394,-1,394,393,395,-1,394,395,389,-1,389,395,396,-1,389,396,390,-1,392,394,397,-1,397,394,398,-1,397,398,399,-1,398,400,401,-1,399,398,402,-1,402,398,401,-1,402,401,403,-1,379,404,381,-1,381,404,405,-1,381,405,383,-1,383,405,406,-1,383,406,386,-1,386,406,407,-1,386,407,389,-1,389,407,408,-1,389,408,394,-1,394,408,409,-1,394,409,398,-1,398,409,352,-1,398,352,400,-1,400,352,351,-1,348,350,349,-1,349,350,352,-1,349,352,410,-1,410,352,409,-1,410,409,411,-1,411,409,408,-1,411,408,412,-1,412,408,407,-1,412,407,413,-1,413,407,406,-1,413,406,414,-1,414,406,405,-1,414,405,415,-1,415,405,404,-1,345,347,346,-1,346,347,349,-1,346,349,416,-1,416,349,410,-1,416,410,417,-1,417,410,411,-1,417,411,418,-1,418,411,412,-1,418,412,419,-1,419,412,413,-1,419,413,420,-1,420,413,414,-1,420,414,421,-1,421,414,415,-1,422,344,423,-1,423,344,346,-1,423,346,424,-1,424,346,416,-1,424,416,425,-1,425,416,417,-1,425,417,426,-1,426,417,418,-1,426,418,427,-1,427,418,419,-1,427,419,428,-1,428,419,420,-1,428,420,429,-1,429,420,421,-1,429,376,428,-1,428,376,373,-1,428,373,427,-1,427,373,370,-1,427,370,426,-1,426,370,367,-1,426,367,425,-1,425,367,364,-1,425,364,424,-1,424,364,362,-1,424,362,423,-1,423,362,354,-1,423,354,422,-1,422,354,353,-1,430,431,432,-1,433,434,435,-1,436,437,438,-1,438,437,439,-1,440,441,439,-1,439,441,442,-1,439,442,438,-1,443,444,440,-1,440,444,445,-1,440,445,441,-1,446,447,443,-1,443,447,448,-1,443,448,444,-1,449,450,446,-1,446,450,451,-1,446,451,447,-1,452,453,454,-1,454,453,455,-1,454,455,449,-1,449,455,456,-1,449,456,450,-1,454,457,458,-1,452,454,459,-1,459,454,458,-1,459,458,460,-1,461,462,463,-1,463,462,464,-1,463,464,465,-1,466,467,462,-1,462,467,468,-1,462,468,464,-1,466,462,469,-1,469,462,470,-1,469,470,471,-1,471,470,472,-1,471,472,473,-1,473,472,474,-1,474,472,475,-1,474,475,476,-1,476,475,477,-1,477,475,478,-1,477,478,479,-1,479,478,480,-1,480,478,481,-1,480,481,482,-1,482,481,483,-1,483,481,484,-1,483,484,485,-1,486,487,488,-1,488,487,489,-1,488,489,490,-1,490,489,491,-1,490,491,492,-1,492,491,493,-1,492,493,494,-1,494,493,495,-1,494,495,496,-1,496,495,497,-1,496,497,498,-1,498,497,432,-1,437,499,439,-1,439,499,500,-1,439,500,440,-1,440,500,501,-1,440,501,443,-1,443,501,502,-1,443,502,446,-1,446,502,503,-1,446,503,449,-1,449,503,504,-1,449,504,454,-1,454,504,435,-1,454,435,457,-1,457,435,434,-1,505,433,498,-1,498,433,435,-1,498,435,496,-1,496,435,504,-1,496,504,494,-1,494,504,503,-1,494,503,492,-1,492,503,502,-1,492,502,490,-1,490,502,501,-1,490,501,488,-1,488,501,500,-1,488,500,486,-1,486,500,499,-1,432,431,498,-1,498,431,506,-1,498,506,505,-1,507,430,508,-1,508,430,432,-1,508,432,509,-1,509,432,497,-1,509,497,510,-1,510,497,495,-1,510,495,511,-1,511,495,493,-1,511,493,512,-1,512,493,491,-1,512,491,513,-1,513,491,489,-1,513,489,514,-1,514,489,487,-1,514,484,513,-1,513,484,481,-1,513,481,512,-1,512,481,478,-1,512,478,511,-1,511,478,475,-1,511,475,510,-1,510,475,472,-1,510,472,509,-1,509,472,470,-1,509,470,508,-1,508,470,462,-1,508,462,507,-1,507,462,461,-1,515,516,517,-1,518,519,520,-1,521,522,523,-1,524,525,526,-1,527,528,529,-1,529,528,530,-1,529,530,531,-1,532,533,530,-1,530,533,534,-1,530,534,531,-1,535,536,532,-1,532,536,537,-1,532,537,533,-1,538,539,535,-1,535,539,540,-1,535,540,536,-1,541,542,543,-1,543,542,544,-1,543,544,538,-1,538,544,545,-1,538,545,539,-1,541,543,546,-1,546,543,547,-1,546,547,548,-1,547,549,550,-1,548,547,551,-1,551,547,550,-1,551,550,552,-1,553,524,554,-1,554,524,526,-1,554,526,555,-1,555,526,556,-1,556,526,557,-1,556,557,558,-1,559,560,557,-1,557,560,561,-1,557,561,558,-1,562,563,559,-1,559,563,564,-1,559,564,560,-1,565,566,562,-1,562,566,567,-1,562,567,563,-1,568,569,570,-1,570,569,571,-1,570,571,565,-1,565,571,572,-1,565,572,566,-1,573,574,570,-1,570,574,575,-1,570,575,568,-1,528,576,530,-1,530,576,577,-1,530,577,532,-1,532,577,578,-1,532,578,535,-1,535,578,579,-1,535,579,538,-1,538,579,580,-1,538,580,543,-1,543,580,581,-1,543,581,547,-1,547,581,523,-1,547,523,549,-1,549,523,522,-1,519,521,520,-1,520,521,523,-1,520,523,582,-1,582,523,581,-1,582,581,583,-1,583,581,580,-1,583,580,584,-1,584,580,579,-1,584,579,585,-1,585,579,578,-1,585,578,586,-1,586,578,577,-1,586,577,587,-1,587,577,576,-1,516,518,517,-1,517,518,520,-1,517,520,588,-1,588,520,582,-1,588,582,589,-1,589,582,583,-1,589,583,590,-1,590,583,584,-1,590,584,591,-1,591,584,585,-1,591,585,592,-1,592,585,586,-1,592,586,593,-1,593,586,587,-1,594,515,595,-1,595,515,517,-1,595,517,596,-1,596,517,588,-1,596,588,597,-1,597,588,589,-1,597,589,598,-1,598,589,590,-1,598,590,599,-1,599,590,591,-1,599,591,600,-1,600,591,592,-1,600,592,601,-1,601,592,593,-1,601,573,600,-1,600,573,570,-1,600,570,599,-1,599,570,565,-1,599,565,598,-1,598,565,562,-1,598,562,597,-1,597,562,559,-1,597,559,596,-1,596,559,557,-1,596,557,595,-1,595,557,526,-1,595,526,594,-1,594,526,525,-1,602,603,604,-1,605,606,607,-1,608,609,610,-1,611,612,613,-1,614,611,615,-1,615,611,613,-1,615,613,616,-1,616,613,617,-1,617,613,618,-1,617,618,619,-1,620,621,618,-1,618,621,622,-1,618,622,619,-1,623,624,620,-1,620,624,625,-1,620,625,621,-1,626,627,623,-1,623,627,628,-1,623,628,624,-1,629,630,631,-1,631,630,632,-1,631,632,626,-1,626,632,633,-1,626,633,627,-1,634,635,631,-1,631,635,636,-1,631,636,629,-1,637,638,639,-1,639,638,640,-1,641,642,640,-1,640,642,643,-1,640,643,639,-1,644,645,641,-1,641,645,646,-1,641,646,642,-1,647,648,644,-1,644,648,649,-1,644,649,645,-1,650,651,647,-1,647,651,652,-1,647,652,648,-1,653,654,655,-1,655,654,656,-1,655,656,650,-1,650,656,657,-1,650,657,651,-1,655,658,659,-1,653,655,660,-1,660,655,659,-1,660,659,661,-1,638,662,640,-1,640,662,663,-1,640,663,641,-1,641,663,664,-1,641,664,644,-1,644,664,665,-1,644,665,647,-1,647,665,666,-1,647,666,650,-1,650,666,667,-1,650,667,655,-1,655,667,610,-1,655,610,658,-1,658,610,609,-1,606,608,607,-1,607,608,610,-1,607,610,668,-1,668,610,667,-1,668,667,669,-1,669,667,666,-1,669,666,670,-1,670,666,665,-1,670,665,671,-1,671,665,664,-1,671,664,672,-1,672,664,663,-1,672,663,673,-1,673,663,662,-1,603,605,604,-1,604,605,607,-1,604,607,674,-1,674,607,668,-1,674,668,675,-1,675,668,669,-1,675,669,676,-1,676,669,670,-1,676,670,677,-1,677,670,671,-1,677,671,678,-1,678,671,672,-1,678,672,679,-1,679,672,673,-1,680,602,681,-1,681,602,604,-1,681,604,682,-1,682,604,674,-1,682,674,683,-1,683,674,675,-1,683,675,684,-1,684,675,676,-1,684,676,685,-1,685,676,677,-1,685,677,686,-1,686,677,678,-1,686,678,687,-1,687,678,679,-1,687,634,686,-1,686,634,631,-1,686,631,685,-1,685,631,626,-1,685,626,684,-1,684,626,623,-1,684,623,683,-1,683,623,620,-1,683,620,682,-1,682,620,618,-1,682,618,681,-1,681,618,613,-1,681,613,680,-1,680,613,612,-1,688,689,690,-1,690,689,691,-1,690,691,692,-1,692,691,693,-1,692,693,694,-1,694,693,695,-1,696,697,698,-1,698,697,699,-1,698,699,700,-1,700,699,701,-1,700,701,702,-1,702,701,703,-1,704,705,706,-1,706,705,707,-1,706,707,708,-1,708,707,709,-1,708,709,710,-1,710,709,711,-1,712,713,714,-1,715,716,717,-1,718,719,720,-1,721,722,723,-1,722,721,724,-1,721,725,724,-1,724,725,726,-1,724,726,727,-1,727,726,728,-1,727,728,729,-1,730,731,732,-1,732,731,733,-1,732,733,723,-1,723,733,734,-1,723,734,721,-1,719,718,735,-1,718,736,735,-1,735,736,737,-1,735,737,738,-1,738,737,739,-1,738,739,740,-1,741,742,743,-1,743,742,744,-1,743,744,720,-1,720,744,745,-1,720,745,718,-1,716,715,746,-1,715,747,746,-1,746,747,748,-1,746,748,749,-1,749,748,750,-1,749,750,751,-1,752,753,754,-1,754,753,755,-1,754,755,717,-1,717,755,756,-1,717,756,715,-1,713,712,757,-1,712,758,757,-1,757,758,759,-1,757,759,760,-1,760,759,761,-1,760,761,762,-1,763,764,765,-1,765,764,766,-1,765,766,714,-1,714,766,767,-1,714,767,712,-1,727,768,724,-1,724,768,769,-1,724,769,770,-1,769,771,770,-1,770,771,772,-1,770,772,773,-1,772,774,773,-1,773,774,775,-1,773,775,776,-1,775,777,776,-1,776,777,778,-1,776,778,714,-1,714,778,779,-1,714,779,765,-1,760,780,757,-1,757,780,781,-1,757,781,782,-1,781,783,782,-1,782,783,784,-1,782,784,785,-1,784,786,785,-1,785,786,787,-1,785,787,788,-1,787,789,788,-1,788,789,790,-1,788,790,717,-1,717,790,791,-1,717,791,754,-1,749,792,746,-1,746,792,793,-1,746,793,794,-1,793,795,794,-1,794,795,796,-1,794,796,797,-1,796,798,797,-1,797,798,799,-1,797,799,800,-1,799,801,800,-1,800,801,802,-1,800,802,720,-1,720,802,803,-1,720,803,743,-1,738,804,735,-1,735,804,805,-1,735,805,806,-1,805,807,806,-1,806,807,808,-1,806,808,809,-1,808,810,809,-1,809,810,811,-1,809,811,812,-1,811,813,812,-1,812,813,814,-1,812,814,723,-1,723,814,815,-1,723,815,732,-1,693,816,695,-1,695,816,817,-1,695,817,818,-1,819,820,689,-1,689,820,821,-1,689,821,691,-1,691,821,822,-1,691,822,693,-1,693,822,823,-1,693,823,816,-1,709,824,711,-1,711,824,825,-1,711,825,826,-1,827,828,705,-1,705,828,829,-1,705,829,707,-1,707,829,830,-1,707,830,709,-1,709,830,831,-1,709,831,824,-1,832,833,834,-1,834,833,835,-1,834,835,836,-1,837,838,839,-1,839,838,840,-1,839,840,841,-1,841,840,842,-1,841,842,832,-1,832,842,843,-1,832,843,833,-1,777,775,844,-1,774,772,845,-1,771,769,846,-1,818,817,847,-1,847,817,848,-1,849,850,848,-1,848,850,851,-1,848,851,847,-1,852,853,849,-1,849,853,854,-1,849,854,850,-1,855,856,852,-1,852,856,857,-1,852,857,853,-1,858,859,855,-1,855,859,860,-1,855,860,856,-1,861,862,863,-1,863,862,864,-1,863,864,858,-1,858,864,865,-1,858,865,859,-1,863,768,727,-1,861,863,866,-1,866,863,727,-1,866,727,729,-1,779,867,765,-1,765,867,868,-1,765,868,763,-1,869,870,867,-1,867,870,871,-1,867,871,868,-1,869,867,872,-1,872,867,873,-1,872,873,874,-1,874,873,875,-1,874,875,876,-1,876,875,877,-1,877,875,878,-1,877,878,879,-1,879,878,880,-1,880,878,881,-1,880,881,882,-1,882,881,883,-1,883,881,884,-1,883,884,885,-1,885,884,886,-1,886,884,820,-1,886,820,819,-1,817,816,848,-1,848,816,887,-1,848,887,849,-1,849,887,888,-1,849,888,852,-1,852,888,889,-1,852,889,855,-1,855,889,890,-1,855,890,858,-1,858,890,891,-1,858,891,863,-1,863,891,846,-1,863,846,768,-1,768,846,769,-1,772,771,845,-1,845,771,846,-1,845,846,892,-1,892,846,891,-1,892,891,893,-1,893,891,890,-1,893,890,894,-1,894,890,889,-1,894,889,895,-1,895,889,888,-1,895,888,896,-1,896,888,887,-1,896,887,823,-1,823,887,816,-1,775,774,844,-1,844,774,845,-1,844,845,897,-1,897,845,892,-1,897,892,898,-1,898,892,893,-1,898,893,899,-1,899,893,894,-1,899,894,900,-1,900,894,895,-1,900,895,901,-1,901,895,896,-1,901,896,822,-1,822,896,823,-1,778,777,902,-1,902,777,844,-1,902,844,903,-1,903,844,897,-1,903,897,904,-1,904,897,898,-1,904,898,905,-1,905,898,899,-1,905,899,906,-1,906,899,900,-1,906,900,907,-1,907,900,901,-1,907,901,821,-1,821,901,822,-1,821,820,907,-1,907,820,884,-1,907,884,906,-1,906,884,881,-1,906,881,905,-1,905,881,878,-1,905,878,904,-1,904,878,875,-1,904,875,903,-1,903,875,873,-1,903,873,902,-1,902,873,867,-1,902,867,778,-1,778,867,779,-1,801,799,908,-1,795,793,909,-1,743,803,910,-1,741,743,911,-1,911,743,910,-1,911,910,912,-1,912,910,913,-1,913,910,914,-1,913,914,915,-1,916,917,914,-1,914,917,918,-1,914,918,915,-1,919,920,916,-1,916,920,921,-1,916,921,917,-1,922,923,919,-1,919,923,924,-1,919,924,920,-1,925,926,927,-1,927,926,928,-1,927,928,922,-1,922,928,929,-1,922,929,923,-1,828,827,927,-1,927,827,930,-1,927,930,925,-1,826,825,931,-1,931,825,932,-1,931,932,933,-1,934,935,932,-1,932,935,936,-1,932,936,933,-1,937,938,934,-1,934,938,939,-1,934,939,935,-1,940,941,937,-1,937,941,942,-1,937,942,938,-1,943,944,945,-1,945,944,946,-1,945,946,940,-1,940,946,947,-1,940,947,941,-1,943,945,948,-1,948,945,949,-1,948,949,950,-1,949,792,749,-1,950,949,951,-1,951,949,749,-1,951,749,751,-1,831,830,952,-1,952,830,953,-1,952,953,954,-1,954,953,955,-1,954,955,956,-1,956,955,957,-1,956,957,958,-1,958,957,959,-1,958,959,960,-1,960,959,961,-1,960,961,962,-1,962,961,908,-1,825,824,932,-1,932,824,963,-1,932,963,934,-1,934,963,964,-1,934,964,937,-1,937,964,965,-1,937,965,940,-1,940,965,966,-1,940,966,945,-1,945,966,967,-1,945,967,949,-1,949,967,909,-1,949,909,792,-1,792,909,793,-1,796,795,962,-1,962,795,909,-1,962,909,960,-1,960,909,967,-1,960,967,958,-1,958,967,966,-1,958,966,956,-1,956,966,965,-1,956,965,954,-1,954,965,964,-1,954,964,952,-1,952,964,963,-1,952,963,831,-1,831,963,824,-1,908,799,962,-1,962,799,798,-1,962,798,796,-1,802,801,968,-1,968,801,908,-1,968,908,969,-1,969,908,961,-1,969,961,970,-1,970,961,959,-1,970,959,971,-1,971,959,957,-1,971,957,972,-1,972,957,955,-1,972,955,973,-1,973,955,953,-1,973,953,829,-1,829,953,830,-1,829,828,973,-1,973,828,927,-1,973,927,972,-1,972,927,922,-1,972,922,971,-1,971,922,919,-1,971,919,970,-1,970,919,916,-1,970,916,969,-1,969,916,914,-1,969,914,968,-1,968,914,910,-1,968,910,802,-1,802,910,803,-1,813,811,974,-1,810,808,975,-1,807,805,976,-1,836,835,977,-1,977,835,978,-1,977,978,979,-1,980,981,978,-1,978,981,982,-1,978,982,979,-1,983,984,980,-1,980,984,985,-1,980,985,981,-1,986,987,983,-1,983,987,988,-1,983,988,984,-1,989,990,991,-1,991,990,992,-1,991,992,986,-1,986,992,993,-1,986,993,987,-1,989,991,994,-1,994,991,995,-1,994,995,996,-1,995,804,738,-1,996,995,997,-1,997,995,738,-1,997,738,740,-1,815,998,732,-1,732,998,999,-1,732,999,730,-1,1000,1001,998,-1,998,1001,1002,-1,998,1002,999,-1,1000,998,1003,-1,1003,998,1004,-1,1003,1004,1005,-1,1005,1004,1006,-1,1005,1006,1007,-1,1007,1006,1008,-1,1008,1006,1009,-1,1008,1009,1010,-1,1010,1009,1011,-1,1011,1009,1012,-1,1011,1012,1013,-1,1013,1012,1014,-1,1014,1012,1015,-1,1014,1015,1016,-1,1016,1015,1017,-1,1017,1015,838,-1,1017,838,837,-1,835,833,978,-1,978,833,1018,-1,978,1018,980,-1,980,1018,1019,-1,980,1019,983,-1,983,1019,1020,-1,983,1020,986,-1,986,1020,1021,-1,986,1021,991,-1,991,1021,1022,-1,991,1022,995,-1,995,1022,976,-1,995,976,804,-1,804,976,805,-1,808,807,975,-1,975,807,976,-1,975,976,1023,-1,1023,976,1022,-1,1023,1022,1024,-1,1024,1022,1021,-1,1024,1021,1025,-1,1025,1021,1020,-1,1025,1020,1026,-1,1026,1020,1019,-1,1026,1019,1027,-1,1027,1019,1018,-1,1027,1018,843,-1,843,1018,833,-1,811,810,974,-1,974,810,975,-1,974,975,1028,-1,1028,975,1023,-1,1028,1023,1029,-1,1029,1023,1024,-1,1029,1024,1030,-1,1030,1024,1025,-1,1030,1025,1031,-1,1031,1025,1026,-1,1031,1026,1032,-1,1032,1026,1027,-1,1032,1027,842,-1,842,1027,843,-1,814,813,1033,-1,1033,813,974,-1,1033,974,1034,-1,1034,974,1028,-1,1034,1028,1035,-1,1035,1028,1029,-1,1035,1029,1036,-1,1036,1029,1030,-1,1036,1030,1037,-1,1037,1030,1031,-1,1037,1031,1038,-1,1038,1031,1032,-1,1038,1032,840,-1,840,1032,842,-1,840,838,1038,-1,1038,838,1015,-1,1038,1015,1037,-1,1037,1015,1012,-1,1037,1012,1036,-1,1036,1012,1009,-1,1036,1009,1035,-1,1035,1009,1006,-1,1035,1006,1034,-1,1034,1006,1004,-1,1034,1004,1033,-1,1033,1004,998,-1,1033,998,814,-1,814,998,815,-1,
        ]
    }
}
Shape{
    appearance Appearance {
        material  Material 	{
            diffuseColor 1.0 0.6431372549019608 0.1803921568627451
            specularColor 0.5019607843137255 0.3215686274509804 0.09019607843137255
            ambientIntensity 0.6971
            transparency 0.0
            shininess 0.5
        }
    }
    geometry IndexedFaceSet {
        ccw TRUE
        solid FALSE
        coord DEF co Coordinate {
            point [
                -0.4548 0.7158 4.0945, -0.9326 0.7218 4.0945, -0.7971 0.6176 4.0945, -2.2201 0.0875 4.0945, -2.1857 0.255 4.0945, -2.2716 0.2414 4.0945, -2.0208 0.5526 4.0945, -1.897 0.6706 4.0945, -1.9412 0.736 4.0945, -1.0864 0.7966 4.0945, 1.378 0.9272 4.0945, -1.378 0.9272 4.0945, -0.7971 -0.6137 4.0945, -0.9326 -0.7179 4.0945, -0.4548 -0.7119 4.0945, -1.8406 0.8032 4.0945, -1.7521 0.7613 4.0945, -1.732 0.8567 4.0945, -0.5809 0.6176 4.0945, -0.7651 0.5943 4.0945, -0.7283 0.5797 4.0945, -2.2952 0.1227 4.0945, -2.3031 0.002 4.0945, -2.2201 -0.0835 4.0945, -2.2952 -0.1188 4.0945, -2.1857 -0.251 4.0945, -2.0322 0.6562 4.0945, -2.112 0.5652 4.0945, -2.1184 0.4122 4.0945, -2.1792 0.4646 4.0945, -2.2327 0.356 4.0945, -0.689 0.5747 4.0945, -0.6497 0.5797 4.0945, -0.6129 0.5943 4.0945, 1.378 -0.9232 4.0945, -1.0864 -0.7927 4.0945, -1.378 -0.9232 4.0945, -1.2521 -0.8351 4.0945, -1.4229 -0.8433 4.0945, -2.2716 -0.2375 4.0945, -2.2327 -0.3521 4.0945, -2.1184 -0.4082 4.0945, -2.1792 -0.4606 4.0945, -2.0208 -0.5487 4.0945, -1.6174 0.8956 4.0945, -1.5918 0.821 4.0945, -1.4987 0.9193 4.0945, -1.4229 0.8472 4.0945, -1.2521 0.839 4.0945, 2.2081 -0.1632 4.0945, 2.2952 -0.1188 4.0945, 2.2244 0.002 4.0945, 2.3031 0.002 4.0945, 2.2081 0.1671 4.0945, 1.8482 -0.7018 4.0945, 1.9412 -0.732 4.0945, 1.9765 -0.5966 4.0945, 2.0322 -0.6522 4.0945, 2.0818 -0.4683 4.0945, -1.7521 -0.7573 4.0945, -1.732 -0.8528 4.0945, -1.5918 -0.817 4.0945, -1.6174 -0.8917 4.0945, -1.4987 -0.9153 4.0945, -2.112 -0.5613 4.0945, -2.0322 -0.6522 4.0945, -1.897 -0.6666 4.0945, -1.9412 -0.732 4.0945, -1.8406 -0.7993 4.0945, -0.3125 0.7886 4.0945, -0.1591 0.8333 4.0945, 0.0 0.8484 4.0945, 1.378 0.8484 4.0945, 1.4987 0.9193 4.0945, 1.5431 0.8322 4.0945, 2.0818 0.4722 4.0945, 2.112 0.5652 4.0945, 1.9765 0.6005 4.0945, 2.0322 0.6562 4.0945, 1.8482 0.7058 4.0945, 2.2952 0.1227 4.0945, 2.2716 0.2414 4.0945, 2.16 0.3259 4.0945, 2.2327 0.356 4.0945, 2.1792 0.4646 4.0945, 2.112 -0.5613 4.0945, 2.1792 -0.4606 4.0945, 2.16 -0.322 4.0945, 2.2327 -0.3521 4.0945, 2.2716 -0.2375 4.0945, 1.9412 0.736 4.0945, 1.8406 0.8032 4.0945, 1.7019 0.784 4.0945, 1.732 0.8567 4.0945, 1.6174 0.8956 4.0945, 1.4987 -0.9153 4.0945, 1.5431 -0.8282 4.0945, 1.6174 -0.8917 4.0945, 1.7019 -0.7801 4.0945, 1.732 -0.8528 4.0945, 1.8406 -0.7993 4.0945, -0.5809 -0.6137 4.0945, -0.6129 -0.5904 4.0945, -0.7651 -0.5904 4.0945, -0.6497 -0.5757 4.0945, -0.7283 -0.5757 4.0945, -0.689 -0.5708 4.0945, 1.378 -0.8445 4.0945, 0.0 -0.8445 4.0945, -0.1591 -0.8294 4.0945, -0.3125 -0.7847 4.0945, -0.8511 0.5604 4.0158, -0.9741 0.6549 4.0158, -0.8511 0.5604 0.9449, -0.9801 0.6585 0.9449, -0.9804 0.6579 4.0158, -1.1135 0.7227 4.0158, -1.1268 0.7275 0.9449, -1.1272 0.7262 4.0158, -1.2638 0.7611 4.0158, -1.2848 0.764 0.9449, -1.2849 0.7622 4.0158, -1.4187 0.7686 4.0158, -1.4469 0.7666 0.9449, -1.4465 0.7643 4.0158, -1.5719 0.7448 4.0158, -1.6059 0.7351 0.9449, -1.6049 0.7325 4.0158, -1.7173 0.6906 4.0158, -1.7547 0.6709 0.9449, -1.7531 0.6682 4.0158, -1.8488 0.6084 4.0158, -1.8868 0.5768 0.9449, -1.8844 0.5744 4.0158, -1.961 0.5014 4.0158, -1.9962 0.4572 0.9449, -1.9932 0.4551 4.0158, -2.0495 0.374 4.0158, -2.078 0.3172 0.9449, -2.0745 0.3157 4.0158, -2.1106 0.2314 4.0158, -2.1286 0.1632 0.9449, -2.1247 0.1624 4.0158, -2.1417 0.0795 4.0158, -2.1457 0.002 0.9449, -2.1417 0.002 4.0158, -2.1417 -0.0756 4.0158, -2.1286 -0.1592 0.9449, -2.1247 -0.1585 4.0158, -2.1106 -0.2275 4.0158, -2.078 -0.3133 0.9449, -2.0745 -0.3118 4.0158, -2.0495 -0.3701 4.0158, -1.9962 -0.4532 0.9449, -1.9932 -0.4512 4.0158, -1.961 -0.4974 4.0158, -1.8868 -0.5729 0.9449, -1.8844 -0.5704 4.0158, -1.8488 -0.6044 4.0158, -1.7547 -0.6669 0.9449, -1.7531 -0.6643 4.0158, -1.7173 -0.6867 4.0158, -1.6059 -0.7311 0.9449, -1.6049 -0.7285 4.0158, -1.5719 -0.7408 4.0158, -1.4469 -0.7626 0.9449, -1.4465 -0.7603 4.0158, -1.4187 -0.7647 4.0158, -1.2848 -0.7601 0.9449, -1.2849 -0.7582 4.0158, -1.2638 -0.7572 4.0158, -1.1268 -0.7235 0.9449, -1.1272 -0.7223 4.0158, -0.9801 -0.6546 0.9449, -1.1135 -0.7188 4.0158, -0.9804 -0.654 4.0158, -0.8511 -0.5564 0.9449, -0.9741 -0.6509 4.0158, -0.8511 -0.5564 4.0158, 1.7582 -0.0999 0.9449, 2.1081 -0.2353 0.9449, 2.1415 -0.0783 0.9449, 0.9977 -0.0999 0.9449, 0.1969 0.3429 0.9449, 0.2784 0.2804 0.9449, 0.3937 0.002 0.9449, 0.3803 -0.0999 0.9449, 1.1811 -0.339 0.9449, 1.2761 -0.3783 0.9449, -1.6563 0.2804 0.9449, -0.2784 -0.2764 0.9449, -0.341 -0.1949 0.9449, -0.9843 0.002 0.9449, -0.3803 -0.0999 0.9449, -0.9977 0.1039 0.9449, -0.3937 0.002 0.9449, -1.037 0.1988 0.9449, -1.7189 0.1988 0.9449, -1.7582 0.1039 0.9449, -1.7717 0.002 0.9449, -1.7582 -0.0999 0.9449, -1.7189 -0.1949 0.9449, 0.0 0.7697 0.9449, 1.0996 0.2804 0.9449, 1.1811 0.3429 0.9449, 1.7717 0.002 0.9449, 2.1415 0.0822 0.9449, 1.7582 0.1039 0.9449, 2.1081 0.2392 0.9449, 1.7189 0.1988 0.9449, 2.0428 0.3858 0.9449, 1.6563 0.2804 0.9449, 2.0428 -0.3819 0.9449, 1.7189 -0.1949 0.9449, 1.9485 -0.5117 0.9449, 1.6563 -0.2764 0.9449, 1.8292 -0.6191 0.9449, 1.5748 -0.339 0.9449, 1.6902 -0.6994 0.9449, 1.5376 -0.749 0.9449, 1.4798 -0.3783 0.9449, 1.378 -0.7657 0.9449, 0.341 -0.1949 0.9449, 1.378 -0.3917 0.9449, 0.0 -0.7657 0.9449, 0.0 -0.3917 0.9449, -0.1019 -0.3783 0.9449, 1.0996 -0.2764 0.9449, 1.037 -0.1949 0.9449, 0.3803 0.1039 0.9449, 0.341 0.1988 0.9449, -1.5748 0.3429 0.9449, -1.4798 0.3823 0.9449, -1.378 0.3957 0.9449, 1.378 0.7697 0.9449, 0.2784 -0.2764 0.9449, 0.1969 -0.339 0.9449, 0.1019 -0.3783 0.9449, -1.6563 -0.2764 0.9449, -1.5748 -0.339 0.9449, -1.4798 -0.3783 0.9449, -1.378 -0.3917 0.9449, -0.3803 0.1039 0.9449, -1.1811 0.3429 0.9449, -1.0996 0.2804 0.9449, -0.63 0.5034 0.9449, -0.689 0.496 0.9449, -0.341 0.1988 0.9449, -0.1443 0.756 0.9449, -0.1019 0.3823 0.9449, -0.2835 0.7154 0.9449, -0.1969 0.3429 0.9449, -0.4125 0.6494 0.9449, -0.2784 0.2804 0.9449, -0.5269 0.5604 0.9449, -0.5748 0.5254 0.9449, 0.0 0.3957 0.9449, 0.1019 0.3823 0.9449, 1.2761 0.3823 0.9449, 1.378 0.3957 0.9449, 1.5376 0.7529 0.9449, 1.4798 0.3823 0.9449, 1.6902 0.7033 0.9449, 1.5748 0.3429 0.9449, 1.8292 0.6231 0.9449, 1.9485 0.5157 0.9449, -0.7479 -0.4995 0.9449, -0.689 -0.492 0.9449, -1.037 -0.1949 0.9449, -0.63 -0.4995 0.9449, -0.5748 -0.5214 0.9449, -1.2761 -0.3783 0.9449, -1.1811 -0.339 0.9449, -1.0996 -0.2764 0.9449, -0.8031 -0.5214 0.9449, -1.2761 0.3823 0.9449, 0.9843 0.002 0.9449, 0.9977 0.1039 0.9449, 1.037 0.1988 0.9449, -0.1969 -0.339 0.9449, -0.9977 -0.0999 0.9449, -0.5269 -0.5564 0.9449, -0.4125 -0.6455 0.9449, -0.2835 -0.7115 0.9449, -0.1443 -0.7521 0.9449, -0.7479 0.5034 0.9449, -0.8031 0.5254 0.9449, 0.0 0.7697 4.0158, 1.378 0.7697 4.0158, 1.378 -0.7657 4.0158, 1.5277 -0.751 4.0158, 1.5373 -0.7481 4.0158, 1.6717 -0.7073 4.0158, 1.6894 -0.6979 4.0158, 1.8045 -0.6364 4.0158, 1.8277 -0.6173 4.0158, 1.9208 -0.5409 4.0158, 1.9462 -0.5099 4.0158, 2.0163 -0.4246 4.0158, 2.0399 -0.3803 4.0158, 2.0872 -0.2918 4.0158, 2.1047 -0.2342 4.0158, 2.1309 -0.1478 4.0158, 2.1378 -0.0779 4.0158, 2.1457 0.002 4.0158, 2.1378 0.0819 4.0158, 2.1309 0.1517 4.0158, 2.1047 0.2382 4.0158, 2.0872 0.2958 4.0158, 2.0399 0.3843 4.0158, 2.0163 0.4285 4.0158, 1.9462 0.5138 4.0158, 1.9208 0.5448 4.0158, 1.8277 0.6212 4.0158, 1.8045 0.6403 4.0158, 1.6894 0.7018 4.0158, 1.6717 0.7112 4.0158, 1.5373 0.752 4.0158, 1.5277 0.7549 4.0158, 0.0 -0.7657 4.0158, -0.5269 -0.5564 4.0158, -0.4125 -0.6455 4.0158, -0.2835 -0.7115 4.0158, -0.1443 -0.7521 4.0158, -0.1443 0.756 4.0158, -0.2835 0.7154 4.0158, -0.4125 0.6494 4.0158, -0.5269 0.5604 4.0158, -0.5748 -0.5214 4.0158, -0.63 -0.4995 4.0158, -0.689 -0.492 4.0158, -0.7479 -0.4995 4.0158, -0.8031 -0.5214 4.0158, -0.5748 0.5254 4.0158, -0.63 0.5034 4.0158, -0.689 0.496 4.0158, -0.7479 0.5034 4.0158, -0.8031 0.5254 4.0158
            ]
        }
        coordIndex [
            0,1,2,-1,3,4,5,-1,6,7,8,-1,9,10,11,-1,12,13,14,-1,8,7,15,-1,15,7,16,-1,15,16,17,-1,0,2,18,-1,18,2,19,-1,18,19,20,-1,5,21,3,-1,3,21,22,-1,3,22,23,-1,23,22,24,-1,23,24,25,-1,8,26,6,-1,6,26,27,-1,6,27,28,-1,28,27,29,-1,28,29,4,-1,4,29,30,-1,4,30,5,-1,20,31,18,-1,18,31,32,-1,18,32,33,-1,34,35,36,-1,36,35,37,-1,36,37,38,-1,24,39,25,-1,25,39,40,-1,25,40,41,-1,41,40,42,-1,41,42,43,-1,17,16,44,-1,44,16,45,-1,44,45,46,-1,46,45,47,-1,46,47,11,-1,11,47,48,-1,11,48,9,-1,49,50,51,-1,51,50,52,-1,51,52,53,-1,54,55,56,-1,56,55,57,-1,56,57,58,-1,59,60,61,-1,61,60,62,-1,61,62,38,-1,38,62,63,-1,38,63,36,-1,42,64,43,-1,43,64,65,-1,43,65,66,-1,66,65,67,-1,66,67,59,-1,59,67,68,-1,59,68,60,-1,0,69,1,-1,1,69,70,-1,1,70,9,-1,9,70,71,-1,9,71,10,-1,10,71,72,-1,10,72,73,-1,73,72,74,-1,75,76,77,-1,77,76,78,-1,77,78,79,-1,52,80,53,-1,53,80,81,-1,53,81,82,-1,82,81,83,-1,82,83,75,-1,75,83,84,-1,75,84,76,-1,57,85,58,-1,58,85,86,-1,58,86,87,-1,87,86,88,-1,87,88,49,-1,49,88,89,-1,49,89,50,-1,78,90,79,-1,79,90,91,-1,79,91,92,-1,92,91,93,-1,92,93,74,-1,74,93,94,-1,74,94,73,-1,34,95,96,-1,96,95,97,-1,96,97,98,-1,98,97,99,-1,98,99,54,-1,54,99,100,-1,54,100,55,-1,14,101,12,-1,12,101,102,-1,12,102,103,-1,103,102,104,-1,103,104,105,-1,105,104,106,-1,96,107,34,-1,34,107,108,-1,34,108,35,-1,35,108,109,-1,35,109,13,-1,13,109,110,-1,13,110,14,-1,111,112,113,-1,113,112,114,-1,112,115,114,-1,114,115,116,-1,114,116,117,-1,116,118,117,-1,117,118,119,-1,117,119,120,-1,119,121,120,-1,120,121,122,-1,120,122,123,-1,122,124,123,-1,123,124,125,-1,123,125,126,-1,125,127,126,-1,126,127,128,-1,126,128,129,-1,128,130,129,-1,129,130,131,-1,129,131,132,-1,131,133,132,-1,132,133,134,-1,132,134,135,-1,134,136,135,-1,135,136,137,-1,135,137,138,-1,137,139,138,-1,138,139,140,-1,138,140,141,-1,140,142,141,-1,141,142,143,-1,141,143,144,-1,143,145,144,-1,144,145,146,-1,144,146,147,-1,146,148,147,-1,147,148,149,-1,147,149,150,-1,149,151,150,-1,150,151,152,-1,150,152,153,-1,152,154,153,-1,153,154,155,-1,153,155,156,-1,155,157,156,-1,156,157,158,-1,156,158,159,-1,158,160,159,-1,159,160,161,-1,159,161,162,-1,161,163,162,-1,162,163,164,-1,162,164,165,-1,164,166,165,-1,165,166,167,-1,165,167,168,-1,167,169,168,-1,168,169,170,-1,168,170,171,-1,171,170,172,-1,171,172,173,-1,172,174,173,-1,173,174,175,-1,173,175,176,-1,176,175,177,-1,176,177,178,-1,179,180,181,-1,182,183,184,-1,185,186,187,-1,187,186,188,-1,189,132,135,-1,190,191,192,-1,192,191,193,-1,192,193,194,-1,194,193,195,-1,194,195,196,-1,189,135,197,-1,197,135,138,-1,197,138,198,-1,198,138,141,-1,198,141,199,-1,199,141,144,-1,199,144,200,-1,200,144,147,-1,200,147,201,-1,114,117,120,-1,202,203,204,-1,179,181,205,-1,205,181,206,-1,205,206,207,-1,207,206,208,-1,207,208,209,-1,209,208,210,-1,209,210,211,-1,180,179,212,-1,212,179,213,-1,212,213,214,-1,214,213,215,-1,214,215,216,-1,216,215,217,-1,216,217,218,-1,218,217,219,-1,219,217,220,-1,219,220,221,-1,186,222,188,-1,188,222,221,-1,188,221,223,-1,223,221,220,-1,224,225,226,-1,187,227,185,-1,185,227,228,-1,185,228,229,-1,229,228,182,-1,229,182,230,-1,230,182,184,-1,132,189,129,-1,129,189,231,-1,129,231,126,-1,126,231,232,-1,126,232,123,-1,123,232,233,-1,123,233,120,-1,202,204,234,-1,222,235,221,-1,221,235,236,-1,221,236,224,-1,224,236,237,-1,224,237,225,-1,147,150,201,-1,201,150,153,-1,201,153,238,-1,238,153,156,-1,238,156,239,-1,239,156,159,-1,239,159,240,-1,240,159,162,-1,240,162,241,-1,242,243,195,-1,195,243,244,-1,195,244,196,-1,245,246,247,-1,202,248,249,-1,249,248,250,-1,249,250,251,-1,251,250,252,-1,251,252,253,-1,253,252,254,-1,253,254,247,-1,247,254,255,-1,247,255,245,-1,249,256,202,-1,202,256,257,-1,202,257,183,-1,204,258,234,-1,234,258,259,-1,234,259,260,-1,260,259,261,-1,260,261,262,-1,262,261,263,-1,262,263,264,-1,264,263,211,-1,264,211,265,-1,265,211,210,-1,266,267,268,-1,268,267,269,-1,268,269,270,-1,162,165,241,-1,241,165,168,-1,241,168,271,-1,271,168,171,-1,271,171,272,-1,272,171,173,-1,272,173,273,-1,273,173,176,-1,273,176,268,-1,268,176,274,-1,268,274,266,-1,242,247,243,-1,243,247,120,-1,243,120,275,-1,275,120,233,-1,182,276,183,-1,183,276,277,-1,183,277,202,-1,202,277,278,-1,202,278,203,-1,190,192,279,-1,279,192,280,-1,279,280,226,-1,226,280,268,-1,226,268,224,-1,224,268,270,-1,224,270,281,-1,281,282,224,-1,224,282,283,-1,224,283,284,-1,246,285,247,-1,247,285,286,-1,247,286,120,-1,120,286,113,-1,120,113,114,-1,287,202,288,-1,288,202,234,-1,289,290,221,-1,221,290,219,-1,290,291,219,-1,219,291,292,-1,219,292,218,-1,292,293,218,-1,218,293,294,-1,218,294,216,-1,294,295,216,-1,216,295,296,-1,216,296,214,-1,296,297,214,-1,214,297,298,-1,214,298,212,-1,298,299,212,-1,212,299,300,-1,212,300,180,-1,300,301,180,-1,180,301,302,-1,180,302,181,-1,302,303,181,-1,181,303,304,-1,181,304,206,-1,304,305,206,-1,206,305,306,-1,206,306,208,-1,306,307,208,-1,208,307,308,-1,208,308,210,-1,308,309,210,-1,210,309,310,-1,210,310,265,-1,310,311,265,-1,265,311,312,-1,265,312,264,-1,312,313,264,-1,264,313,314,-1,264,314,262,-1,314,315,262,-1,262,315,316,-1,262,316,260,-1,260,316,317,-1,260,317,234,-1,234,317,318,-1,234,318,288,-1,289,221,319,-1,319,221,224,-1,281,320,282,-1,282,320,321,-1,282,321,283,-1,283,321,322,-1,283,322,284,-1,284,322,323,-1,284,323,224,-1,224,323,319,-1,202,287,248,-1,248,287,324,-1,248,324,250,-1,250,324,325,-1,250,325,252,-1,252,325,326,-1,252,326,254,-1,254,326,327,-1,320,281,270,-1,320,270,328,-1,328,270,269,-1,328,269,329,-1,329,269,267,-1,329,267,330,-1,330,267,266,-1,330,266,331,-1,331,266,274,-1,331,274,332,-1,332,274,176,-1,332,176,178,-1,254,327,333,-1,254,333,255,-1,255,333,334,-1,255,334,245,-1,245,334,335,-1,245,335,246,-1,246,335,336,-1,246,336,285,-1,285,336,337,-1,285,337,286,-1,286,337,111,-1,286,111,113,-1,13,12,178,-1,178,177,13,-1,13,177,175,-1,13,175,35,-1,175,174,35,-1,35,174,172,-1,35,172,37,-1,172,170,37,-1,37,170,169,-1,37,169,38,-1,169,167,38,-1,38,167,166,-1,38,166,61,-1,166,164,61,-1,61,164,163,-1,61,163,59,-1,163,161,59,-1,59,161,160,-1,59,160,66,-1,160,158,66,-1,66,158,157,-1,66,157,43,-1,157,155,43,-1,43,155,154,-1,43,154,41,-1,154,152,41,-1,41,152,151,-1,41,151,25,-1,151,149,25,-1,25,149,148,-1,25,148,23,-1,148,146,23,-1,23,146,145,-1,23,145,3,-1,3,145,143,-1,3,143,4,-1,143,142,4,-1,4,142,140,-1,4,140,28,-1,140,139,28,-1,28,139,137,-1,28,137,6,-1,6,137,136,-1,136,134,6,-1,6,134,133,-1,6,133,7,-1,133,131,7,-1,7,131,130,-1,7,130,16,-1,130,128,16,-1,16,128,127,-1,16,127,45,-1,127,125,45,-1,45,125,124,-1,45,124,47,-1,124,122,47,-1,47,122,121,-1,47,121,48,-1,121,119,48,-1,48,119,118,-1,48,118,9,-1,111,2,112,-1,112,2,1,-1,112,1,115,-1,115,1,9,-1,115,9,116,-1,116,9,118,-1,101,320,328,-1,101,328,102,-1,102,328,329,-1,102,329,104,-1,104,329,330,-1,104,330,106,-1,106,330,331,-1,106,331,105,-1,105,331,332,-1,105,332,103,-1,103,332,178,-1,103,178,12,-1,2,111,337,-1,2,337,19,-1,19,337,336,-1,19,336,20,-1,20,336,335,-1,20,335,31,-1,31,335,334,-1,31,334,32,-1,32,334,333,-1,32,333,33,-1,33,333,327,-1,33,327,18,-1,320,101,321,-1,321,101,14,-1,321,14,322,-1,322,14,110,-1,322,110,323,-1,323,110,109,-1,323,109,319,-1,319,109,108,-1,287,71,324,-1,324,71,70,-1,324,70,325,-1,325,70,69,-1,325,69,326,-1,326,69,0,-1,326,0,327,-1,327,0,18,-1,107,289,108,-1,108,289,319,-1,288,72,287,-1,287,72,71,-1,74,72,288,-1,288,318,74,-1,74,318,317,-1,74,317,92,-1,317,316,92,-1,92,316,315,-1,92,315,79,-1,315,314,79,-1,79,314,313,-1,79,313,77,-1,313,312,77,-1,77,312,311,-1,77,311,75,-1,311,310,75,-1,75,310,309,-1,75,309,82,-1,309,308,82,-1,82,308,307,-1,82,307,53,-1,307,306,53,-1,53,306,305,-1,53,305,51,-1,51,305,304,-1,51,304,49,-1,304,303,49,-1,49,303,302,-1,49,302,87,-1,87,302,301,-1,301,300,87,-1,87,300,299,-1,87,299,58,-1,299,298,58,-1,58,298,297,-1,58,297,56,-1,297,296,56,-1,56,296,295,-1,56,295,54,-1,295,294,54,-1,54,294,293,-1,54,293,98,-1,289,107,290,-1,290,107,96,-1,290,96,291,-1,291,96,98,-1,291,98,292,-1,292,98,293,-1,
        ]
    }
}
Shape{
    appearance Appearance {
        material  Material 	{
            diffuseColor 0.9686274509803922 0.8784313725490196 0.6
            specularColor 0.6784313725490196 0.615686274509804 0.4196078431372549
            ambientIntensity 0.8737
            transparency 0.0
            shininess 0.5
        }
    }
    geometry IndexedFaceSet {
        ccw TRUE
        solid FALSE
        coord DEF co Coordinate {
            point [
                -1.4627 -0.1067 3.7008, -1.4935 -0.2101 3.7008, -1.437 -0.1225 3.7008, -1.4511 -0.2282 3.7008, -1.437 -0.2322 3.7008, -1.6121 -0.0571 3.7008, -1.6081 -0.0712 3.7008, -1.5025 -0.0571 3.7008, -1.59 -0.1136 3.7008, -1.4866 -0.0828 3.7008, -1.5642 -0.1517 3.7008, -1.5316 -0.1843 3.7008, -1.7568 -0.2167 3.5005, -1.716 -0.277 3.5005, -1.7127 -0.2743 3.5449, -1.5966 -0.3769 3.5005, -1.5876 -0.3829 3.5005, -1.5856 -0.3792 3.5449, -1.8 -0.1112 3.5005, -1.7957 -0.1308 3.5005, -1.7916 -0.1295 3.5449, -1.8129 -0.0525 3.5005, -1.8097 -0.0534 3.5383, -1.8081 -0.0535 3.5448, -1.8028 -0.054 3.5654, -1.7781 -0.1252 3.5871, -1.7932 -0.0545 3.5868, -1.7559 -0.1182 3.6251, -1.7718 -0.0553 3.6233, -1.7873 -0.0548 3.6001, -1.7262 -0.1087 3.6569, -1.7456 -0.056 3.6511, -1.7702 -0.0554 3.625, -1.6903 -0.0973 3.6809, -1.7233 -0.0563 3.668, -1.7384 -0.0561 3.6566, -1.6575 -0.057 3.6954, -1.6623 -0.0569 3.6946, -1.6503 -0.0846 3.6957, -1.6893 -0.0567 3.6858, -1.7001 -0.0566 3.6802, -1.6239 -0.0571 3.7005, -1.4369 -0.2707 3.6972, -1.4645 -0.2704 3.6957, -1.4773 -0.3104 3.6809, -1.4368 -0.2981 3.69, -1.4369 -0.2775 3.6954, -1.4886 -0.3462 3.6569, -1.4364 -0.3331 3.6743, -1.4365 -0.3201 3.6801, -1.4981 -0.376 3.6251, -1.4354 -0.3862 3.6304, -1.436 -0.3588 3.6569, -1.5052 -0.3982 3.5871, -1.4349 -0.4035 3.6066, -1.4353 -0.3902 3.6249, -1.4335 -0.4285 3.5449, -1.4335 -0.4284 3.5451, -1.5094 -0.4117 3.5449, -1.4341 -0.4203 3.5726, -1.4344 -0.4133 3.5867, -1.5107 -0.4157 3.5005, -1.4911 -0.4201 3.5005, -1.4326 -0.4329 3.5076, -1.4325 -0.4329 3.5005, -1.5598 -0.2185 3.6957, -1.5984 -0.1799 3.6957, -1.5866 -0.2509 3.6809, -1.6308 -0.2066 3.6809, -1.6105 -0.2799 3.6569, -1.6598 -0.2306 3.6569, -1.6304 -0.3039 3.6251, -1.6839 -0.2505 3.6251, -1.6452 -0.3219 3.5871, -1.7018 -0.2653 3.5871, -1.6542 -0.3328 3.5449, -1.5147 -0.249 3.6957, -1.5348 -0.2859 3.6809, -1.5527 -0.3189 3.6569, -1.5677 -0.3463 3.6251, -1.5788 -0.3668 3.5871, -1.6569 -0.3361 3.5005, -1.6865 -0.3066 3.5005, -1.7628 -0.2077 3.5005, -1.7591 -0.2057 3.5449, -1.7467 -0.1989 3.5871, -1.7262 -0.1878 3.6251, -1.6988 -0.1728 3.6569, -1.6658 -0.1548 3.6809, -1.6289 -0.1347 3.6957, -1.319 -0.2775 3.6954, -1.3234 -0.2279 3.5039, -1.3191 -0.2981 3.69, -1.3194 -0.3201 3.6801, -1.3189 -0.1225 3.7008, -1.3234 -0.1197 3.5039, -1.3189 -0.2322 3.7008, -1.319 -0.2707 3.6972, -1.3205 -0.3862 3.6304, -1.3199 -0.3588 3.6569, -1.3195 -0.3331 3.6743, -1.3233 -0.4329 3.5076, -1.3224 -0.4285 3.5449, -1.3215 -0.4133 3.5867, -1.321 -0.4035 3.6066, -1.3206 -0.3902 3.6249, -1.378 -0.1923 1.0985, -1.378 -0.3944 1.0985, -1.3652 -0.2017 1.6615, -1.3648 -0.4043 1.678, -1.3518 -0.2108 2.2508, -1.3513 -0.414 2.2717, -1.3379 -0.2195 2.8653, -1.3375 -0.4236 2.8793, -1.3234 -0.4329 3.5005, -1.3224 -0.4284 3.5451, -1.3218 -0.4203 3.5726, -1.4325 -0.1197 3.5039, -1.4325 -0.2279 3.5039, -1.3911 -0.4043 1.678, -1.3907 -0.2017 1.6615, -1.4046 -0.414 2.2717, -1.4041 -0.2108 2.2508, -1.4184 -0.4236 2.8793, -1.418 -0.2195 2.8653, -1.7233 0.0603 3.668, -1.7384 0.06 3.6566, -1.6078 0.0566 3.5039, -1.8028 0.058 3.5654, -1.8081 0.0575 3.5448, -1.4996 0.0566 3.5039, -1.5025 0.061 3.7008, -1.6121 0.061 3.7008, -1.6239 0.061 3.7005, -1.6575 0.0609 3.6954, -1.6623 0.0609 3.6946, -1.6893 0.0607 3.6858, -1.7001 0.0606 3.6802, -1.7743 0.002 1.0985, -1.5722 0.002 1.0985, -1.7842 0.0151 1.678, -1.5816 0.0147 1.6615, -1.794 0.0286 2.2717, -1.5907 0.0281 2.2508, -1.8035 0.0424 2.8793, -1.5994 0.0421 2.8653, -1.8129 0.0565 3.5005, -1.8097 0.0573 3.5383, -1.7456 0.0599 3.6511, -1.7702 0.0593 3.625, -1.7718 0.0593 3.6233, -1.7873 0.0587 3.6001, -1.7932 0.0584 3.5868, -1.6078 -0.0526 3.5039, -1.4996 -0.0526 3.5039, -1.5816 -0.0108 1.6615, -1.7842 -0.0112 1.678, -1.5907 -0.0242 2.2508, -1.794 -0.0247 2.2717, -1.5994 -0.0381 2.8653, -1.8035 -0.0384 2.8793, -1.2563 -0.0526 3.5039, -1.2535 -0.0571 3.7008, -1.1481 -0.0526 3.5039, -1.1438 -0.0571 3.7008, -1.1053 -0.057 3.6972, -1.0984 -0.057 3.6954, -1.0779 -0.0568 3.69, -1.0558 -0.0566 3.6801, -1.0429 -0.0565 3.6743, -1.0172 -0.0561 3.6569, -0.9898 -0.0555 3.6304, -0.9858 -0.0554 3.6249, -0.9725 -0.0549 3.6066, -0.9627 -0.0545 3.5867, -0.9557 -0.0542 3.5726, -0.9475 -0.0536 3.5451, -0.9475 -0.0535 3.5449, -0.9816 0.002 1.0985, -1.1837 0.002 1.0985, -0.9717 -0.0112 1.678, -1.1743 -0.0108 1.6615, -0.9619 -0.0247 2.2717, -1.1652 -0.0242 2.2508, -0.9524 -0.0384 2.8793, -1.1565 -0.0381 2.8653, -0.943 -0.0525 3.5005, -0.9431 -0.0527 3.5076, -1.0984 0.0609 3.6954, -1.1481 0.0566 3.5039, -1.0779 0.0608 3.69, -1.0558 0.0606 3.6801, -1.2535 0.061 3.7008, -1.2563 0.0566 3.5039, -1.1438 0.061 3.7008, -1.1053 0.0609 3.6972, -0.9898 0.0594 3.6304, -1.0172 0.06 3.6569, -1.0429 0.0604 3.6743, -0.9431 0.0566 3.5076, -0.9475 0.0575 3.5449, -0.9627 0.0584 3.5867, -0.9725 0.0589 3.6066, -0.9858 0.0593 3.6249, -1.1743 0.0147 1.6615, -0.9717 0.0151 1.678, -1.1652 0.0281 2.2508, -0.9619 0.0286 2.2717, -1.1565 0.0421 2.8653, -0.9524 0.0424 2.8793, -0.943 0.0565 3.5005, -0.9475 0.0575 3.5451, -0.9557 0.0581 3.5726, -1.4363 0.3473 3.668, -1.4365 0.3241 3.6802, -1.4325 0.2318 3.5039, -1.4353 0.3943 3.625, -1.4359 0.3697 3.6511, -1.436 0.3624 3.6566, -1.4367 0.3133 3.6858, -1.4369 0.2863 3.6946, -1.4369 0.2815 3.6954, -1.437 0.1265 3.7008, -1.4325 0.1236 3.5039, -1.437 0.2361 3.7008, -1.437 0.2479 3.7005, -1.378 0.1962 1.0985, -1.378 0.3983 1.0985, -1.3907 0.2056 1.6615, -1.3911 0.4083 1.678, -1.4041 0.2147 2.2508, -1.4046 0.418 2.2717, -1.418 0.2234 2.8653, -1.4184 0.4275 2.8793, -1.4325 0.4369 3.5005, -1.4333 0.4338 3.5383, -1.4335 0.4321 3.5448, -1.4339 0.4268 3.5654, -1.4344 0.4172 3.5868, -1.4347 0.4113 3.6001, -1.4353 0.3958 3.6233, -1.3196 0.3473 3.668, -1.3199 0.3624 3.6566, -1.3234 0.2318 3.5039, -1.322 0.4268 3.5654, -1.3224 0.4321 3.5448, -1.3234 0.1236 3.5039, -1.3189 0.1265 3.7008, -1.3189 0.2361 3.7008, -1.3189 0.2479 3.7005, -1.319 0.2815 3.6954, -1.319 0.2863 3.6946, -1.3192 0.3133 3.6858, -1.3194 0.3241 3.6802, -1.3648 0.4083 1.678, -1.3652 0.2056 1.6615, -1.3513 0.418 2.2717, -1.3518 0.2147 2.2508, -1.3375 0.4275 2.8793, -1.3379 0.2234 2.8653, -1.3234 0.4369 3.5005, -1.3226 0.4338 3.5383, -1.32 0.3697 3.6511, -1.3206 0.3943 3.625, -1.3207 0.3958 3.6233, -1.3212 0.4113 3.6001, -1.3215 0.4172 3.5868, -1.2729 0.084 3.5039, -1.2693 0.0868 3.7008, -1.2959 0.1071 3.5039, -1.2932 0.1106 3.7008, -1.3168 -0.2262 3.5039, -1.1498 0.0631 3.5039, -1.4391 0.2301 3.5039, -1.6061 -0.0592 3.5039, -1.4275 -0.1831 0.9449, -1.563 -0.0476 0.9449, -1.563 0.0515 0.9449, -1.5695 0.002 0.9449, -1.4275 0.187 0.9449, -1.3284 0.187 0.9449, -1.378 0.1935 0.9449, -1.1929 0.0515 0.9449, -1.1929 -0.0476 0.9449, -1.1864 0.002 0.9449, -1.3284 -0.1831 0.9449, -1.378 -0.1896 0.9449, -1.2822 -0.1639 0.9449, -1.2598 -0.2026 3.5039, -1.2425 -0.1335 0.9449, -1.2109 -0.1651 3.5039, -1.2121 -0.0938 0.9449, -1.1734 -0.1161 3.5039, -1.1498 -0.0592 3.5039, -1.5438 -0.0938 0.9449, -1.5825 -0.1161 3.5039, -1.5134 -0.1335 0.9449, -1.545 -0.1651 3.5039, -1.4737 -0.1639 0.9449, -1.4961 -0.2026 3.5039, -1.4391 -0.2262 3.5039, -1.4737 0.1679 0.9449, -1.4961 0.2065 3.5039, -1.5134 0.1374 0.9449, -1.545 0.169 3.5039, -1.5438 0.0977 0.9449, -1.5825 0.1201 3.5039, -1.6061 0.0631 3.5039, -1.2121 0.0977 0.9449, -1.1734 0.1201 3.5039, -1.2425 0.1374 0.9449, -1.2109 0.169 3.5039, -1.2822 0.1679 0.9449, -1.2598 0.2065 3.5039, -1.3168 0.2301 3.5039, -1.46 -0.1031 3.5039, -1.4831 -0.0801 3.5039, -1.2729 -0.0801 3.5039, -1.2959 -0.1031 3.5039, -1.4831 0.084 3.5039, -1.46 0.1071 3.5039, -1.378 0.002 0.9449, -0.0848 -0.1067 3.7008, -0.1155 -0.2101 3.7008, -0.0591 -0.1225 3.7008, -0.0732 -0.2282 3.7008, -0.0591 -0.2322 3.7008, -0.2342 -0.0571 3.7008, -0.2301 -0.0712 3.7008, -0.1245 -0.0571 3.7008, -0.2121 -0.1136 3.7008, -0.1086 -0.0828 3.7008, -0.1863 -0.1517 3.7008, -0.1537 -0.1843 3.7008, 1.2932 -0.1067 3.7008, 1.2624 -0.2101 3.7008, 1.3189 -0.1225 3.7008, 1.3048 -0.2282 3.7008, 1.3189 -0.2322 3.7008, 1.1438 -0.0571 3.7008, 1.1478 -0.0712 3.7008, 1.2535 -0.0571 3.7008, 1.1659 -0.1136 3.7008, 1.2693 -0.0828 3.7008, 1.1917 -0.1517 3.7008, 1.2243 -0.1843 3.7008, 1.3196 0.3473 3.668, 1.3194 0.3241 3.6802, 1.3234 0.2318 3.5039, 1.3206 0.3943 3.625, 1.32 0.3697 3.6511, 1.3199 0.3624 3.6566, 1.3192 0.3133 3.6858, 1.319 0.2863 3.6946, 1.319 0.2815 3.6954, 1.3189 0.1265 3.7008, 1.3234 0.1236 3.5039, 1.3189 0.2361 3.7008, 1.3189 0.2479 3.7005, 1.378 0.1962 1.0985, 1.378 0.3983 1.0985, 1.3652 0.2056 1.6615, 1.3648 0.4083 1.678, 1.3518 0.2147 2.2508, 1.3513 0.418 2.2717, 1.3379 0.2234 2.8653, 1.3375 0.4275 2.8793, 1.3234 0.4369 3.5005, 1.3226 0.4338 3.5383, 1.3224 0.4321 3.5448, 1.322 0.4268 3.5654, 1.3215 0.4172 3.5868, 1.3212 0.4113 3.6001, 1.3207 0.3958 3.6233, 1.4363 0.3473 3.668, 1.436 0.3624 3.6566, 1.4325 0.2318 3.5039, 1.4339 0.4268 3.5654, 1.4335 0.4321 3.5448, 1.4325 0.1236 3.5039, 1.437 0.1265 3.7008, 1.437 0.2361 3.7008, 1.437 0.2479 3.7005, 1.4369 0.2815 3.6954, 1.4369 0.2863 3.6946, 1.4367 0.3133 3.6858, 1.4365 0.3241 3.6802, 1.3911 0.4083 1.678, 1.3907 0.2056 1.6615, 1.4046 0.418 2.2717, 1.4041 0.2147 2.2508, 1.4184 0.4275 2.8793, 1.418 0.2234 2.8653, 1.4325 0.4369 3.5005, 1.4333 0.4338 3.5383, 1.4359 0.3697 3.6511, 1.4353 0.3943 3.625, 1.4353 0.3958 3.6233, 1.4347 0.4113 3.6001, 1.4344 0.4172 3.5868, 1.3234 -0.1197 3.5039, 1.3234 -0.2279 3.5039, 1.319 -0.2707 3.6972, 1.319 -0.2775 3.6954, 1.3191 -0.2981 3.69, 1.3194 -0.3201 3.6801, 1.3195 -0.3331 3.6743, 1.3199 -0.3588 3.6569, 1.3205 -0.3862 3.6304, 1.3206 -0.3902 3.6249, 1.321 -0.4035 3.6066, 1.3215 -0.4133 3.5867, 1.3218 -0.4203 3.5726, 1.3224 -0.4284 3.5451, 1.3224 -0.4285 3.5449, 1.378 -0.3944 1.0985, 1.378 -0.1923 1.0985, 1.3648 -0.4043 1.678, 1.3652 -0.2017 1.6615, 1.3513 -0.414 2.2717, 1.3518 -0.2108 2.2508, 1.3375 -0.4236 2.8793, 1.3379 -0.2195 2.8653, 1.3234 -0.4329 3.5005, 1.3233 -0.4329 3.5076, 1.4369 -0.2775 3.6954, 1.4325 -0.2279 3.5039, 1.4368 -0.2981 3.69, 1.4365 -0.3201 3.6801, 1.437 -0.1225 3.7008, 1.4325 -0.1197 3.5039, 1.437 -0.2322 3.7008, 1.4369 -0.2707 3.6972, 1.4354 -0.3862 3.6304, 1.436 -0.3588 3.6569, 1.4364 -0.3331 3.6743, 1.4326 -0.4329 3.5076, 1.4335 -0.4285 3.5449, 1.4344 -0.4133 3.5867, 1.4349 -0.4035 3.6066, 1.4353 -0.3902 3.6249, 1.3907 -0.2017 1.6615, 1.3911 -0.4043 1.678, 1.4041 -0.2108 2.2508, 1.4046 -0.414 2.2717, 1.418 -0.2195 2.8653, 1.4184 -0.4236 2.8793, 1.4325 -0.4329 3.5005, 1.4335 -0.4284 3.5451, 1.4341 -0.4203 3.5726, 1.4996 -0.0526 3.5039, 1.5025 -0.0571 3.7008, 1.6078 -0.0526 3.5039, 1.6121 -0.0571 3.7008, 1.6507 -0.057 3.6972, 1.6575 -0.057 3.6954, 1.678 -0.0568 3.69, 1.7001 -0.0566 3.6801, 1.713 -0.0565 3.6743, 1.7387 -0.0561 3.6569, 1.7661 -0.0555 3.6304, 1.7701 -0.0554 3.6249, 1.7834 -0.0549 3.6066, 1.7932 -0.0545 3.5867, 1.8002 -0.0542 3.5726, 1.8084 -0.0536 3.5451, 1.8084 -0.0535 3.5449, 1.7743 0.002 1.0985, 1.5722 0.002 1.0985, 1.7842 -0.0112 1.678, 1.5816 -0.0108 1.6615, 1.794 -0.0247 2.2717, 1.5907 -0.0242 2.2508, 1.8035 -0.0384 2.8793, 1.5994 -0.0381 2.8653, 1.8129 -0.0525 3.5005, 1.8128 -0.0527 3.5076, 1.6575 0.0609 3.6954, 1.6078 0.0566 3.5039, 1.678 0.0608 3.69, 1.7001 0.0606 3.6801, 1.5025 0.061 3.7008, 1.4996 0.0566 3.5039, 1.6121 0.061 3.7008, 1.6507 0.0609 3.6972, 1.7661 0.0594 3.6304, 1.7387 0.06 3.6569, 1.713 0.0604 3.6743, 1.8128 0.0566 3.5076, 1.8084 0.0575 3.5449, 1.7932 0.0584 3.5867, 1.7834 0.0589 3.6066, 1.7701 0.0593 3.6249, 1.5816 0.0147 1.6615, 1.7842 0.0151 1.678, 1.5907 0.0281 2.2508, 1.794 0.0286 2.2717, 1.5994 0.0421 2.8653, 1.8035 0.0424 2.8793, 1.8129 0.0565 3.5005, 1.8084 0.0575 3.5451, 1.8002 0.0581 3.5726, 1.0326 0.0603 3.668, 1.0175 0.06 3.6566, 1.1481 0.0566 3.5039, 0.9531 0.058 3.5654, 0.9478 0.0575 3.5448, 1.2563 0.0566 3.5039, 1.2535 0.061 3.7008, 1.1438 0.061 3.7008, 1.132 0.061 3.7005, 1.0984 0.0609 3.6954, 1.0936 0.0609 3.6946, 1.0667 0.0607 3.6858, 1.0559 0.0606 3.6802, 0.9816 0.002 1.0985, 1.1837 0.002 1.0985, 0.9717 0.0151 1.678, 1.1743 0.0147 1.6615, 0.9619 0.0286 2.2717, 1.1652 0.0281 2.2508, 0.9524 0.0424 2.8793, 1.1565 0.0421 2.8653, 0.943 0.0565 3.5005, 0.9462 0.0573 3.5383, 1.0103 0.0599 3.6511, 0.9857 0.0593 3.625, 0.9841 0.0593 3.6233, 0.9686 0.0587 3.6001, 0.9627 0.0584 3.5868, 1.0326 -0.0563 3.668, 1.0559 -0.0566 3.6802, 1.1481 -0.0526 3.5039, 0.9857 -0.0554 3.625, 1.0103 -0.056 3.6511, 1.0175 -0.0561 3.6566, 1.0667 -0.0567 3.6858, 1.0936 -0.0569 3.6946, 1.0984 -0.057 3.6954, 1.2563 -0.0526 3.5039, 1.132 -0.0571 3.7005, 1.1743 -0.0108 1.6615, 0.9717 -0.0112 1.678, 1.1652 -0.0242 2.2508, 0.9619 -0.0247 2.2717, 1.1565 -0.0381 2.8653, 0.9524 -0.0384 2.8793, 0.943 -0.0525 3.5005, 0.9462 -0.0534 3.5383, 0.9478 -0.0535 3.5448, 0.9531 -0.054 3.5654, 0.9627 -0.0545 3.5868, 0.9686 -0.0548 3.6001, 0.9841 -0.0553 3.6233, 1.4831 0.084 3.5039, 1.4866 0.0868 3.7008, 1.46 0.1071 3.5039, 1.4627 0.1106 3.7008, -0.0583 0.3473 3.668, -0.0586 0.3241 3.6802, -0.0546 0.2318 3.5039, -0.0573 0.3943 3.625, -0.0579 0.3697 3.6511, -0.0581 0.3624 3.6566, -0.0587 0.3133 3.6858, -0.0589 0.2863 3.6946, -0.0589 0.2815 3.6954, -0.0591 0.1265 3.7008, -0.0546 0.1236 3.5039, -0.0591 0.2361 3.7008, -0.059 0.2479 3.7005, 0.0 0.1962 1.0985, 0.0 0.3983 1.0985, -0.0128 0.2056 1.6615, -0.0132 0.4083 1.678, -0.0262 0.2147 2.2508, -0.0266 0.418 2.2717, -0.0401 0.2234 2.8653, -0.0404 0.4275 2.8793, -0.0545 0.4369 3.5005, -0.0554 0.4338 3.5383, -0.0555 0.4321 3.5448, -0.056 0.4268 3.5654, -0.0565 0.4172 3.5868, -0.0568 0.4113 3.6001, -0.0573 0.3958 3.6233, 0.0583 0.3473 3.668, 0.0581 0.3624 3.6566, 0.0546 0.2318 3.5039, 0.056 0.4268 3.5654, 0.0555 0.4321 3.5448, 0.0546 0.1236 3.5039, 0.0591 0.1265 3.7008, 0.0591 0.2361 3.7008, 0.059 0.2479 3.7005, 0.0589 0.2815 3.6954, 0.0589 0.2863 3.6946, 0.0587 0.3133 3.6858, 0.0586 0.3241 3.6802, 0.0132 0.4083 1.678, 0.0128 0.2056 1.6615, 0.0266 0.418 2.2717, 0.0262 0.2147 2.2508, 0.0404 0.4275 2.8793, 0.0401 0.2234 2.8653, 0.0545 0.4369 3.5005, 0.0554 0.4338 3.5383, 0.0579 0.3697 3.6511, 0.0573 0.3943 3.625, 0.0573 0.3958 3.6233, 0.0568 0.4113 3.6001, 0.0565 0.4172 3.5868, -0.0546 -0.1197 3.5039, -0.0546 -0.2279 3.5039, -0.059 -0.2707 3.6972, -0.0589 -0.2775 3.6954, -0.0588 -0.2981 3.69, -0.0586 -0.3201 3.6801, -0.0585 -0.3331 3.6743, -0.0581 -0.3588 3.6569, -0.0575 -0.3862 3.6304, -0.0573 -0.3902 3.6249, -0.0569 -0.4035 3.6066, -0.0565 -0.4133 3.5867, -0.0561 -0.4203 3.5726, -0.0555 -0.4284 3.5451, -0.0555 -0.4285 3.5449, 0.0 -0.3944 1.0985, 0.0 -0.1923 1.0985, -0.0132 -0.4043 1.678, -0.0128 -0.2017 1.6615, -0.0266 -0.414 2.2717, -0.0262 -0.2108 2.2508, -0.0404 -0.4236 2.8793, -0.0401 -0.2195 2.8653, -0.0545 -0.4329 3.5005, -0.0547 -0.4329 3.5076, 0.0589 -0.2775 3.6954, 0.0546 -0.2279 3.5039, 0.0588 -0.2981 3.69, 0.0586 -0.3201 3.6801, 0.0591 -0.1225 3.7008, 0.0546 -0.1197 3.5039, 0.0591 -0.2322 3.7008, 0.059 -0.2707 3.6972, 0.0575 -0.3862 3.6304, 0.0581 -0.3588 3.6569, 0.0585 -0.3331 3.6743, 0.0547 -0.4329 3.5076, 0.0555 -0.4285 3.5449, 0.0565 -0.4133 3.5867, 0.0569 -0.4035 3.6066, 0.0573 -0.3902 3.6249, 0.0128 -0.2017 1.6615, 0.0132 -0.4043 1.678, 0.0262 -0.2108 2.2508, 0.0266 -0.414 2.2717, 0.0401 -0.2195 2.8653, 0.0404 -0.4236 2.8793, 0.0545 -0.4329 3.5005, 0.0555 -0.4284 3.5451, 0.0561 -0.4203 3.5726, -0.3453 0.0603 3.668, -0.3605 0.06 3.6566, -0.2298 0.0566 3.5039, -0.4248 0.058 3.5654, -0.4301 0.0575 3.5448, -0.1216 0.0566 3.5039, -0.1245 0.061 3.7008, -0.2342 0.061 3.7008, -0.246 0.061 3.7005, -0.2795 0.0609 3.6954, -0.2844 0.0609 3.6946, -0.3113 0.0607 3.6858, -0.3221 0.0606 3.6802, -0.3964 0.002 1.0985, -0.1942 0.002 1.0985, -0.4063 0.0151 1.678, -0.2037 0.0147 1.6615, -0.416 0.0286 2.2717, -0.2127 0.0281 2.2508, -0.4256 0.0424 2.8793, -0.2215 0.0421 2.8653, -0.4349 0.0565 3.5005, -0.4318 0.0573 3.5383, -0.3677 0.0599 3.6511, -0.3923 0.0593 3.625, -0.3938 0.0593 3.6233, -0.4094 0.0587 3.6001, -0.4153 0.0584 3.5868, -0.3453 -0.0563 3.668, -0.3221 -0.0566 3.6802, -0.2298 -0.0526 3.5039, -0.3923 -0.0554 3.625, -0.3677 -0.056 3.6511, -0.3605 -0.0561 3.6566, -0.3113 -0.0567 3.6858, -0.2844 -0.0569 3.6946, -0.2795 -0.057 3.6954, -0.1216 -0.0526 3.5039, -0.246 -0.0571 3.7005, -0.2037 -0.0108 1.6615, -0.4063 -0.0112 1.678, -0.2127 -0.0242 2.2508, -0.416 -0.0247 2.2717, -0.2215 -0.0381 2.8653, -0.4256 -0.0384 2.8793, -0.4349 -0.0525 3.5005, -0.4318 -0.0534 3.5383, -0.4301 -0.0535 3.5448, -0.4248 -0.054 3.5654, -0.4153 -0.0545 3.5868, -0.4094 -0.0548 3.6001, -0.3938 -0.0553 3.6233, 0.2795 0.0609 3.6954, 0.2298 0.0566 3.5039, 0.3 0.0608 3.69, 0.3221 0.0606 3.6801, 0.1245 0.061 3.7008, 0.1216 0.0566 3.5039, 0.2342 0.061 3.7008, 0.2727 0.0609 3.6972, 0.3881 0.0594 3.6304, 0.3608 0.06 3.6569, 0.335 0.0604 3.6743, 0.4349 0.0566 3.5076, 0.4304 0.0575 3.5449, 0.4153 0.0584 3.5867, 0.4055 0.0589 3.6066, 0.3921 0.0593 3.6249, 0.1942 0.002 1.0985, 0.3964 0.002 1.0985, 0.2037 0.0147 1.6615, 0.4063 0.0151 1.678, 0.2127 0.0281 2.2508, 0.416 0.0286 2.2717, 0.2215 0.0421 2.8653, 0.4256 0.0424 2.8793, 0.4349 0.0565 3.5005, 0.4304 0.0575 3.5451, 0.4223 0.0581 3.5726, 0.1216 -0.0526 3.5039, 0.1245 -0.0571 3.7008, 0.2298 -0.0526 3.5039, 0.2342 -0.0571 3.7008, 0.2727 -0.057 3.6972, 0.2795 -0.057 3.6954, 0.3 -0.0568 3.69, 0.3221 -0.0566 3.6801, 0.335 -0.0565 3.6743, 0.3608 -0.0561 3.6569, 0.3881 -0.0555 3.6304, 0.3921 -0.0554 3.6249, 0.4055 -0.0549 3.6066, 0.4153 -0.0545 3.5867, 0.4223 -0.0542 3.5726, 0.4304 -0.0536 3.5451, 0.4304 -0.0535 3.5449, 0.4063 -0.0112 1.678, 0.2037 -0.0108 1.6615, 0.416 -0.0247 2.2717, 0.2127 -0.0242 2.2508, 0.4256 -0.0384 2.8793, 0.2215 -0.0381 2.8653, 0.4349 -0.0525 3.5005, 0.4349 -0.0527 3.5076, 0.1051 0.084 3.5039, 0.1086 0.0868 3.7008, 0.082 0.1071 3.5039, 0.0848 0.1106 3.7008, -0.2282 -0.0592 3.5039, 0.0611 -0.2262 3.5039, 0.2282 0.0631 3.5039, -0.0611 0.2301 3.5039, -0.0496 0.187 0.9449, 0.0496 0.187 0.9449, 0.0 0.1935 0.9449, 0.185 0.0515 0.9449, 0.185 -0.0476 0.9449, 0.1916 0.002 0.9449, 0.0496 -0.1831 0.9449, -0.0496 -0.1831 0.9449, 0.0 -0.1896 0.9449, -0.185 -0.0476 0.9449, -0.185 0.0515 0.9449, -0.1916 0.002 0.9449, 0.0958 -0.1639 0.9449, 0.1181 -0.2026 3.5039, 0.1354 -0.1335 0.9449, 0.167 -0.1651 3.5039, 0.1659 -0.0938 0.9449, 0.2046 -0.1161 3.5039, 0.2282 -0.0592 3.5039, -0.1659 -0.0938 0.9449, -0.2046 -0.1161 3.5039, -0.1354 -0.1335 0.9449, -0.167 -0.1651 3.5039, -0.0958 -0.1639 0.9449, -0.1181 -0.2026 3.5039, -0.0611 -0.2262 3.5039, -0.0958 0.1679 0.9449, -0.1181 0.2065 3.5039, -0.1354 0.1374 0.9449, -0.167 0.169 3.5039, -0.1659 0.0977 0.9449, -0.2046 0.1201 3.5039, -0.2282 0.0631 3.5039, 0.1659 0.0977 0.9449, 0.2046 0.1201 3.5039, 0.1354 0.1374 0.9449, 0.167 0.169 3.5039, 0.0958 0.1679 0.9449, 0.1181 0.2065 3.5039, 0.0611 0.2301 3.5039, -0.082 -0.1031 3.5039, -0.1051 -0.0801 3.5039, -0.1051 0.084 3.5039, -0.082 0.1071 3.5039, 0.1051 -0.0801 3.5039, 0.082 -0.1031 3.5039, 1.1498 -0.0592 3.5039, 1.4391 -0.2262 3.5039, 1.6061 0.0631 3.5039, 1.3168 0.2301 3.5039, 1.3284 0.187 0.9449, 1.4275 0.187 0.9449, 1.378 0.1935 0.9449, 1.563 0.0515 0.9449, 1.563 -0.0476 0.9449, 1.5695 0.002 0.9449, 1.4275 -0.1831 0.9449, 1.3284 -0.1831 0.9449, 1.378 -0.1896 0.9449, 1.1929 -0.0476 0.9449, 1.1929 0.0515 0.9449, 1.1864 0.002 0.9449, 1.4737 -0.1639 0.9449, 1.4961 -0.2026 3.5039, 1.5134 -0.1335 0.9449, 1.545 -0.1651 3.5039, 1.5438 -0.0938 0.9449, 1.5825 -0.1161 3.5039, 1.6061 -0.0592 3.5039, 1.2121 -0.0938 0.9449, 1.1734 -0.1161 3.5039, 1.2425 -0.1335 0.9449, 1.2109 -0.1651 3.5039, 1.2822 -0.1639 0.9449, 1.2598 -0.2026 3.5039, 1.3168 -0.2262 3.5039, 1.2822 0.1679 0.9449, 1.2598 0.2065 3.5039, 1.2425 0.1374 0.9449, 1.2109 0.169 3.5039, 1.2121 0.0977 0.9449, 1.1734 0.1201 3.5039, 1.1498 0.0631 3.5039, 1.5438 0.0977 0.9449, 1.5825 0.1201 3.5039, 1.5134 0.1374 0.9449, 1.545 0.169 3.5039, 1.4737 0.1679 0.9449, 1.4961 0.2065 3.5039, 1.4391 0.2301 3.5039, 1.2959 -0.1031 3.5039, 1.2729 -0.0801 3.5039, 1.2729 0.084 3.5039, 1.2959 0.1071 3.5039, 1.4831 -0.0801 3.5039, 1.46 -0.1031 3.5039, 0.0 0.002 0.9449, 1.378 0.002 0.9449
            ]
        }
        coordIndex [
            0,1,2,-1,2,1,3,-1,2,3,4,-1,5,6,7,-1,7,6,8,-1,7,8,9,-1,9,8,10,-1,9,10,0,-1,0,10,11,-1,0,11,1,-1,12,13,14,-1,15,16,17,-1,18,19,20,-1,21,18,22,-1,22,18,20,-1,22,20,23,-1,23,20,24,-1,24,20,25,-1,24,25,26,-1,27,28,25,-1,25,28,29,-1,25,29,26,-1,30,31,27,-1,27,31,32,-1,27,32,28,-1,33,34,30,-1,30,34,35,-1,30,35,31,-1,36,37,38,-1,38,37,39,-1,38,39,33,-1,33,39,40,-1,33,40,34,-1,6,5,38,-1,38,5,41,-1,38,41,36,-1,4,3,42,-1,42,3,43,-1,44,45,43,-1,43,45,46,-1,43,46,42,-1,47,48,44,-1,44,48,49,-1,44,49,45,-1,50,51,47,-1,47,51,52,-1,47,52,48,-1,53,54,50,-1,50,54,55,-1,50,55,51,-1,56,57,58,-1,58,57,59,-1,58,59,53,-1,53,59,60,-1,53,60,54,-1,58,61,62,-1,56,58,63,-1,63,58,62,-1,63,62,64,-1,11,10,65,-1,65,10,66,-1,65,66,67,-1,67,66,68,-1,67,68,69,-1,69,68,70,-1,69,70,71,-1,71,70,72,-1,71,72,73,-1,73,72,74,-1,73,74,75,-1,75,74,14,-1,3,1,43,-1,43,1,76,-1,43,76,44,-1,44,76,77,-1,44,77,47,-1,47,77,78,-1,47,78,50,-1,50,78,79,-1,50,79,53,-1,53,79,80,-1,53,80,58,-1,58,80,17,-1,58,17,61,-1,61,17,16,-1,81,15,75,-1,75,15,17,-1,75,17,73,-1,73,17,80,-1,73,80,71,-1,71,80,79,-1,71,79,69,-1,69,79,78,-1,69,78,67,-1,67,78,77,-1,67,77,65,-1,65,77,76,-1,65,76,11,-1,11,76,1,-1,14,13,75,-1,75,13,82,-1,75,82,81,-1,83,12,84,-1,84,12,14,-1,84,14,85,-1,85,14,74,-1,85,74,86,-1,86,74,72,-1,86,72,87,-1,87,72,70,-1,87,70,88,-1,88,70,68,-1,88,68,89,-1,89,68,66,-1,89,66,8,-1,8,66,10,-1,8,6,89,-1,89,6,38,-1,89,38,88,-1,88,38,33,-1,88,33,87,-1,87,33,30,-1,87,30,86,-1,86,30,27,-1,86,27,85,-1,85,27,25,-1,85,25,84,-1,84,25,20,-1,84,20,83,-1,83,20,19,-1,90,91,92,-1,92,91,93,-1,94,95,96,-1,96,95,91,-1,96,91,97,-1,97,91,90,-1,98,99,91,-1,91,99,100,-1,91,100,93,-1,101,102,91,-1,103,104,91,-1,91,104,105,-1,91,105,98,-1,106,107,108,-1,108,107,109,-1,108,109,110,-1,110,109,111,-1,110,111,112,-1,112,111,113,-1,112,113,91,-1,91,113,114,-1,91,114,101,-1,102,115,91,-1,91,115,116,-1,91,116,103,-1,117,2,118,-1,118,2,4,-1,118,4,42,-1,42,46,118,-1,118,46,45,-1,118,45,49,-1,49,48,118,-1,118,48,52,-1,118,52,51,-1,51,55,118,-1,118,55,54,-1,118,54,60,-1,60,59,118,-1,118,59,57,-1,118,57,56,-1,107,106,119,-1,119,106,120,-1,119,120,121,-1,121,120,122,-1,121,122,123,-1,123,122,124,-1,123,124,64,-1,64,124,118,-1,64,118,63,-1,63,118,56,-1,125,126,127,-1,128,129,127,-1,130,131,127,-1,127,131,132,-1,132,133,127,-1,127,133,134,-1,127,134,135,-1,135,136,127,-1,127,136,137,-1,127,137,125,-1,138,139,140,-1,140,139,141,-1,140,141,142,-1,142,141,143,-1,142,143,144,-1,144,143,145,-1,144,145,146,-1,146,145,127,-1,146,127,147,-1,147,127,129,-1,126,148,127,-1,127,148,149,-1,127,149,150,-1,150,151,127,-1,127,151,152,-1,127,152,128,-1,34,40,153,-1,32,31,153,-1,153,31,35,-1,153,35,34,-1,40,39,153,-1,153,39,37,-1,153,37,36,-1,7,154,5,-1,5,154,153,-1,5,153,41,-1,41,153,36,-1,139,138,155,-1,155,138,156,-1,155,156,157,-1,157,156,158,-1,157,158,159,-1,159,158,160,-1,159,160,153,-1,153,160,21,-1,153,21,22,-1,22,23,153,-1,153,23,24,-1,153,24,26,-1,26,29,153,-1,153,29,28,-1,153,28,32,-1,161,162,163,-1,163,162,164,-1,163,164,165,-1,165,166,163,-1,163,166,167,-1,163,167,168,-1,168,169,163,-1,163,169,170,-1,163,170,171,-1,171,172,163,-1,163,172,173,-1,163,173,174,-1,174,175,163,-1,163,175,176,-1,163,176,177,-1,178,179,180,-1,180,179,181,-1,180,181,182,-1,182,181,183,-1,182,183,184,-1,184,183,185,-1,184,185,186,-1,186,185,163,-1,186,163,187,-1,187,163,177,-1,188,189,190,-1,190,189,191,-1,192,193,194,-1,194,193,189,-1,194,189,195,-1,195,189,188,-1,196,197,189,-1,189,197,198,-1,189,198,191,-1,199,200,189,-1,201,202,189,-1,189,202,203,-1,189,203,196,-1,179,178,204,-1,204,178,205,-1,204,205,206,-1,206,205,207,-1,206,207,208,-1,208,207,209,-1,208,209,189,-1,189,209,210,-1,189,210,199,-1,200,211,189,-1,189,211,212,-1,189,212,201,-1,213,214,215,-1,216,217,215,-1,215,217,218,-1,215,218,213,-1,214,219,215,-1,215,219,220,-1,215,220,221,-1,222,223,224,-1,224,223,215,-1,224,215,225,-1,225,215,221,-1,226,227,228,-1,228,227,229,-1,228,229,230,-1,230,229,231,-1,230,231,232,-1,232,231,233,-1,232,233,215,-1,215,233,234,-1,215,234,235,-1,235,236,215,-1,215,236,237,-1,215,237,238,-1,238,239,215,-1,215,239,240,-1,215,240,216,-1,241,242,243,-1,244,245,243,-1,246,247,243,-1,243,247,248,-1,248,249,243,-1,243,249,250,-1,243,250,251,-1,251,252,243,-1,243,252,253,-1,243,253,241,-1,227,226,254,-1,254,226,255,-1,254,255,256,-1,256,255,257,-1,256,257,258,-1,258,257,259,-1,258,259,260,-1,260,259,243,-1,260,243,261,-1,261,243,245,-1,242,262,243,-1,243,262,263,-1,243,263,264,-1,264,265,243,-1,243,265,266,-1,243,266,244,-1,193,192,267,-1,267,192,268,-1,267,268,269,-1,269,268,270,-1,269,270,246,-1,246,270,247,-1,112,91,271,-1,208,189,272,-1,232,215,273,-1,159,153,274,-1,124,122,275,-1,275,122,120,-1,275,120,106,-1,155,157,276,-1,155,276,139,-1,277,145,143,-1,143,141,277,-1,277,141,139,-1,277,139,278,-1,278,139,276,-1,228,230,279,-1,228,279,226,-1,280,259,257,-1,257,255,280,-1,280,255,226,-1,280,226,281,-1,281,226,279,-1,204,206,282,-1,204,282,179,-1,283,185,183,-1,183,181,283,-1,283,181,179,-1,283,179,284,-1,284,179,282,-1,108,110,285,-1,108,285,106,-1,106,285,286,-1,106,286,275,-1,110,112,285,-1,285,112,271,-1,285,271,287,-1,287,271,288,-1,287,288,289,-1,289,288,290,-1,289,290,291,-1,291,290,292,-1,291,292,283,-1,283,292,293,-1,283,293,185,-1,185,293,163,-1,157,159,276,-1,276,159,274,-1,276,274,294,-1,294,274,295,-1,294,295,296,-1,296,295,297,-1,296,297,298,-1,298,297,299,-1,298,299,275,-1,275,299,300,-1,275,300,124,-1,124,300,118,-1,230,232,279,-1,279,232,273,-1,279,273,301,-1,301,273,302,-1,301,302,303,-1,303,302,304,-1,303,304,305,-1,305,304,306,-1,305,306,277,-1,277,306,307,-1,277,307,145,-1,145,307,127,-1,206,208,282,-1,282,208,272,-1,282,272,308,-1,308,272,309,-1,308,309,310,-1,310,309,311,-1,310,311,312,-1,312,311,313,-1,312,313,280,-1,280,313,314,-1,280,314,259,-1,259,314,243,-1,118,300,117,-1,117,300,299,-1,117,299,315,-1,315,299,297,-1,315,297,316,-1,316,297,295,-1,316,295,154,-1,154,295,274,-1,154,274,153,-1,163,293,161,-1,161,293,292,-1,161,292,317,-1,317,292,290,-1,317,290,318,-1,318,290,288,-1,318,288,95,-1,95,288,271,-1,95,271,91,-1,127,307,130,-1,130,307,306,-1,130,306,319,-1,319,306,304,-1,319,304,320,-1,320,304,302,-1,320,302,223,-1,223,302,273,-1,223,273,215,-1,243,314,246,-1,246,314,313,-1,246,313,269,-1,269,313,311,-1,269,311,267,-1,267,311,309,-1,267,309,193,-1,193,309,272,-1,193,272,189,-1,291,283,321,-1,321,283,284,-1,321,284,282,-1,285,287,321,-1,321,287,289,-1,321,289,291,-1,298,275,321,-1,321,275,286,-1,321,286,285,-1,276,294,321,-1,321,294,296,-1,321,296,298,-1,305,277,321,-1,321,277,278,-1,321,278,276,-1,279,301,321,-1,321,301,303,-1,321,303,305,-1,312,280,321,-1,321,280,281,-1,321,281,279,-1,282,308,321,-1,321,308,310,-1,321,310,312,-1,322,323,324,-1,324,323,325,-1,324,325,326,-1,327,328,329,-1,329,328,330,-1,329,330,331,-1,331,330,332,-1,331,332,322,-1,322,332,333,-1,322,333,323,-1,334,335,336,-1,336,335,337,-1,336,337,338,-1,339,340,341,-1,341,340,342,-1,341,342,343,-1,343,342,344,-1,343,344,334,-1,334,344,345,-1,334,345,335,-1,346,347,348,-1,349,350,348,-1,348,350,351,-1,348,351,346,-1,347,352,348,-1,348,352,353,-1,348,353,354,-1,355,356,357,-1,357,356,348,-1,357,348,358,-1,358,348,354,-1,359,360,361,-1,361,360,362,-1,361,362,363,-1,363,362,364,-1,363,364,365,-1,365,364,366,-1,365,366,348,-1,348,366,367,-1,348,367,368,-1,368,369,348,-1,348,369,370,-1,348,370,371,-1,371,372,348,-1,348,372,373,-1,348,373,349,-1,374,375,376,-1,377,378,376,-1,379,380,376,-1,376,380,381,-1,381,382,376,-1,376,382,383,-1,376,383,384,-1,384,385,376,-1,376,385,386,-1,376,386,374,-1,360,359,387,-1,387,359,388,-1,387,388,389,-1,389,388,390,-1,389,390,391,-1,391,390,392,-1,391,392,393,-1,393,392,376,-1,393,376,394,-1,394,376,378,-1,375,395,376,-1,376,395,396,-1,376,396,397,-1,397,398,376,-1,376,398,399,-1,376,399,377,-1,400,336,401,-1,401,336,338,-1,401,338,402,-1,402,403,401,-1,401,403,404,-1,401,404,405,-1,405,406,401,-1,401,406,407,-1,401,407,408,-1,408,409,401,-1,401,409,410,-1,401,410,411,-1,411,412,401,-1,401,412,413,-1,401,413,414,-1,415,416,417,-1,417,416,418,-1,417,418,419,-1,419,418,420,-1,419,420,421,-1,421,420,422,-1,421,422,423,-1,423,422,401,-1,423,401,424,-1,424,401,414,-1,425,426,427,-1,427,426,428,-1,429,430,431,-1,431,430,426,-1,431,426,432,-1,432,426,425,-1,433,434,426,-1,426,434,435,-1,426,435,428,-1,436,437,426,-1,438,439,426,-1,426,439,440,-1,426,440,433,-1,416,415,441,-1,441,415,442,-1,441,442,443,-1,443,442,444,-1,443,444,445,-1,445,444,446,-1,445,446,426,-1,426,446,447,-1,426,447,436,-1,437,448,426,-1,426,448,449,-1,426,449,438,-1,450,451,452,-1,452,451,453,-1,452,453,454,-1,454,455,452,-1,452,455,456,-1,452,456,457,-1,457,458,452,-1,452,458,459,-1,452,459,460,-1,460,461,452,-1,452,461,462,-1,452,462,463,-1,463,464,452,-1,452,464,465,-1,452,465,466,-1,467,468,469,-1,469,468,470,-1,469,470,471,-1,471,470,472,-1,471,472,473,-1,473,472,474,-1,473,474,475,-1,475,474,452,-1,475,452,476,-1,476,452,466,-1,477,478,479,-1,479,478,480,-1,481,482,483,-1,483,482,478,-1,483,478,484,-1,484,478,477,-1,485,486,478,-1,478,486,487,-1,478,487,480,-1,488,489,478,-1,490,491,478,-1,478,491,492,-1,478,492,485,-1,468,467,493,-1,493,467,494,-1,493,494,495,-1,495,494,496,-1,495,496,497,-1,497,496,498,-1,497,498,478,-1,478,498,499,-1,478,499,488,-1,489,500,478,-1,478,500,501,-1,478,501,490,-1,502,503,504,-1,505,506,504,-1,507,508,504,-1,504,508,509,-1,509,510,504,-1,504,510,511,-1,504,511,512,-1,512,513,504,-1,504,513,514,-1,504,514,502,-1,515,516,517,-1,517,516,518,-1,517,518,519,-1,519,518,520,-1,519,520,521,-1,521,520,522,-1,521,522,523,-1,523,522,504,-1,523,504,524,-1,524,504,506,-1,503,525,504,-1,504,525,526,-1,504,526,527,-1,527,528,504,-1,504,528,529,-1,504,529,505,-1,530,531,532,-1,533,534,532,-1,532,534,535,-1,532,535,530,-1,531,536,532,-1,532,536,537,-1,532,537,538,-1,341,539,339,-1,339,539,532,-1,339,532,540,-1,540,532,538,-1,516,515,541,-1,541,515,542,-1,541,542,543,-1,543,542,544,-1,543,544,545,-1,545,544,546,-1,545,546,532,-1,532,546,547,-1,532,547,548,-1,548,549,532,-1,532,549,550,-1,532,550,551,-1,551,552,532,-1,532,552,553,-1,532,553,533,-1,482,481,554,-1,554,481,555,-1,554,555,556,-1,556,555,557,-1,556,557,379,-1,379,557,380,-1,558,559,560,-1,561,562,560,-1,560,562,563,-1,560,563,558,-1,559,564,560,-1,560,564,565,-1,560,565,566,-1,567,568,569,-1,569,568,560,-1,569,560,570,-1,570,560,566,-1,571,572,573,-1,573,572,574,-1,573,574,575,-1,575,574,576,-1,575,576,577,-1,577,576,578,-1,577,578,560,-1,560,578,579,-1,560,579,580,-1,580,581,560,-1,560,581,582,-1,560,582,583,-1,583,584,560,-1,560,584,585,-1,560,585,561,-1,586,587,588,-1,589,590,588,-1,591,592,588,-1,588,592,593,-1,593,594,588,-1,588,594,595,-1,588,595,596,-1,596,597,588,-1,588,597,598,-1,588,598,586,-1,572,571,599,-1,599,571,600,-1,599,600,601,-1,601,600,602,-1,601,602,603,-1,603,602,604,-1,603,604,605,-1,605,604,588,-1,605,588,606,-1,606,588,590,-1,587,607,588,-1,588,607,608,-1,588,608,609,-1,609,610,588,-1,588,610,611,-1,588,611,589,-1,612,324,613,-1,613,324,326,-1,613,326,614,-1,614,615,613,-1,613,615,616,-1,613,616,617,-1,617,618,613,-1,613,618,619,-1,613,619,620,-1,620,621,613,-1,613,621,622,-1,613,622,623,-1,623,624,613,-1,613,624,625,-1,613,625,626,-1,627,628,629,-1,629,628,630,-1,629,630,631,-1,631,630,632,-1,631,632,633,-1,633,632,634,-1,633,634,635,-1,635,634,613,-1,635,613,636,-1,636,613,626,-1,637,638,639,-1,639,638,640,-1,641,642,643,-1,643,642,638,-1,643,638,644,-1,644,638,637,-1,645,646,638,-1,638,646,647,-1,638,647,640,-1,648,649,638,-1,650,651,638,-1,638,651,652,-1,638,652,645,-1,628,627,653,-1,653,627,654,-1,653,654,655,-1,655,654,656,-1,655,656,657,-1,657,656,658,-1,657,658,638,-1,638,658,659,-1,638,659,648,-1,649,660,638,-1,638,660,661,-1,638,661,650,-1,662,663,664,-1,665,666,664,-1,667,668,664,-1,664,668,669,-1,669,670,664,-1,664,670,671,-1,664,671,672,-1,672,673,664,-1,664,673,674,-1,664,674,662,-1,675,676,677,-1,677,676,678,-1,677,678,679,-1,679,678,680,-1,679,680,681,-1,681,680,682,-1,681,682,683,-1,683,682,664,-1,683,664,684,-1,684,664,666,-1,663,685,664,-1,664,685,686,-1,664,686,687,-1,687,688,664,-1,664,688,689,-1,664,689,665,-1,690,691,692,-1,693,694,692,-1,692,694,695,-1,692,695,690,-1,691,696,692,-1,692,696,697,-1,692,697,698,-1,329,699,327,-1,327,699,692,-1,327,692,700,-1,700,692,698,-1,676,675,701,-1,701,675,702,-1,701,702,703,-1,703,702,704,-1,703,704,705,-1,705,704,706,-1,705,706,692,-1,692,706,707,-1,692,707,708,-1,708,709,692,-1,692,709,710,-1,692,710,711,-1,711,712,692,-1,692,712,713,-1,692,713,693,-1,714,715,716,-1,716,715,717,-1,718,719,720,-1,720,719,715,-1,720,715,721,-1,721,715,714,-1,722,723,715,-1,715,723,724,-1,715,724,717,-1,725,726,715,-1,727,728,715,-1,715,728,729,-1,715,729,722,-1,730,731,732,-1,732,731,733,-1,732,733,734,-1,734,733,735,-1,734,735,736,-1,736,735,737,-1,736,737,715,-1,715,737,738,-1,715,738,725,-1,726,739,715,-1,715,739,740,-1,715,740,727,-1,741,742,743,-1,743,742,744,-1,743,744,745,-1,745,746,743,-1,743,746,747,-1,743,747,748,-1,748,749,743,-1,743,749,750,-1,743,750,751,-1,751,752,743,-1,743,752,753,-1,743,753,754,-1,754,755,743,-1,743,755,756,-1,743,756,757,-1,731,730,758,-1,758,730,759,-1,758,759,760,-1,760,759,761,-1,760,761,762,-1,762,761,763,-1,762,763,764,-1,764,763,743,-1,764,743,765,-1,765,743,757,-1,719,718,766,-1,766,718,767,-1,766,767,768,-1,768,767,769,-1,768,769,591,-1,591,769,592,-1,705,692,770,-1,657,638,771,-1,736,715,772,-1,577,560,773,-1,573,575,774,-1,573,774,571,-1,775,604,602,-1,602,600,775,-1,775,600,571,-1,775,571,776,-1,776,571,774,-1,732,734,777,-1,732,777,730,-1,778,763,761,-1,761,759,778,-1,778,759,730,-1,778,730,779,-1,779,730,777,-1,653,655,780,-1,653,780,628,-1,781,634,632,-1,632,630,781,-1,781,630,628,-1,781,628,782,-1,782,628,780,-1,701,703,783,-1,701,783,676,-1,784,682,680,-1,680,678,784,-1,784,678,676,-1,784,676,785,-1,785,676,783,-1,655,657,780,-1,780,657,771,-1,780,771,786,-1,786,771,787,-1,786,787,788,-1,788,787,789,-1,788,789,790,-1,790,789,791,-1,790,791,778,-1,778,791,792,-1,778,792,763,-1,763,792,743,-1,703,705,783,-1,783,705,770,-1,783,770,793,-1,793,770,794,-1,793,794,795,-1,795,794,796,-1,795,796,797,-1,797,796,798,-1,797,798,781,-1,781,798,799,-1,781,799,634,-1,634,799,613,-1,575,577,774,-1,774,577,773,-1,774,773,800,-1,800,773,801,-1,800,801,802,-1,802,801,803,-1,802,803,804,-1,804,803,805,-1,804,805,784,-1,784,805,806,-1,784,806,682,-1,682,806,664,-1,734,736,777,-1,777,736,772,-1,777,772,807,-1,807,772,808,-1,807,808,809,-1,809,808,810,-1,809,810,811,-1,811,810,812,-1,811,812,775,-1,775,812,813,-1,775,813,604,-1,604,813,588,-1,613,799,612,-1,612,799,798,-1,612,798,814,-1,814,798,796,-1,814,796,815,-1,815,796,794,-1,815,794,699,-1,699,794,770,-1,699,770,692,-1,664,806,667,-1,667,806,805,-1,667,805,816,-1,816,805,803,-1,816,803,817,-1,817,803,801,-1,817,801,568,-1,568,801,773,-1,568,773,560,-1,743,792,741,-1,741,792,791,-1,741,791,818,-1,818,791,789,-1,818,789,819,-1,819,789,787,-1,819,787,642,-1,642,787,771,-1,642,771,638,-1,588,813,591,-1,591,813,812,-1,591,812,768,-1,768,812,810,-1,768,810,766,-1,766,810,808,-1,766,808,719,-1,719,808,772,-1,719,772,715,-1,545,532,820,-1,445,426,821,-1,497,478,822,-1,365,348,823,-1,361,363,824,-1,361,824,359,-1,825,392,390,-1,390,388,825,-1,825,388,359,-1,825,359,826,-1,826,359,824,-1,493,495,827,-1,493,827,468,-1,828,474,472,-1,472,470,828,-1,828,470,468,-1,828,468,829,-1,829,468,827,-1,441,443,830,-1,441,830,416,-1,831,422,420,-1,420,418,831,-1,831,418,416,-1,831,416,832,-1,832,416,830,-1,541,543,833,-1,541,833,516,-1,834,522,520,-1,520,518,834,-1,834,518,516,-1,834,516,835,-1,835,516,833,-1,443,445,830,-1,830,445,821,-1,830,821,836,-1,836,821,837,-1,836,837,838,-1,838,837,839,-1,838,839,840,-1,840,839,841,-1,840,841,828,-1,828,841,842,-1,828,842,474,-1,474,842,452,-1,543,545,833,-1,833,545,820,-1,833,820,843,-1,843,820,844,-1,843,844,845,-1,845,844,846,-1,845,846,847,-1,847,846,848,-1,847,848,831,-1,831,848,849,-1,831,849,422,-1,422,849,401,-1,363,365,824,-1,824,365,823,-1,824,823,850,-1,850,823,851,-1,850,851,852,-1,852,851,853,-1,852,853,854,-1,854,853,855,-1,854,855,834,-1,834,855,856,-1,834,856,522,-1,522,856,504,-1,495,497,827,-1,827,497,822,-1,827,822,857,-1,857,822,858,-1,857,858,859,-1,859,858,860,-1,859,860,861,-1,861,860,862,-1,861,862,825,-1,825,862,863,-1,825,863,392,-1,392,863,376,-1,401,849,400,-1,400,849,848,-1,400,848,864,-1,864,848,846,-1,864,846,865,-1,865,846,844,-1,865,844,539,-1,539,844,820,-1,539,820,532,-1,504,856,507,-1,507,856,855,-1,507,855,866,-1,866,855,853,-1,866,853,867,-1,867,853,851,-1,867,851,356,-1,356,851,823,-1,356,823,348,-1,452,842,450,-1,450,842,841,-1,450,841,868,-1,868,841,839,-1,868,839,869,-1,869,839,837,-1,869,837,430,-1,430,837,821,-1,430,821,426,-1,376,863,379,-1,379,863,862,-1,379,862,556,-1,556,862,860,-1,556,860,554,-1,554,860,858,-1,554,858,482,-1,482,858,822,-1,482,822,478,-1,790,778,870,-1,870,778,779,-1,870,779,777,-1,780,786,870,-1,870,786,788,-1,870,788,790,-1,797,781,870,-1,870,781,782,-1,870,782,780,-1,783,793,870,-1,870,793,795,-1,870,795,797,-1,804,784,870,-1,870,784,785,-1,870,785,783,-1,774,800,870,-1,870,800,802,-1,870,802,804,-1,811,775,870,-1,870,775,776,-1,870,776,774,-1,777,807,870,-1,870,807,809,-1,870,809,811,-1,840,828,871,-1,871,828,829,-1,871,829,827,-1,830,836,871,-1,871,836,838,-1,871,838,840,-1,847,831,871,-1,871,831,832,-1,871,832,830,-1,833,843,871,-1,871,843,845,-1,871,845,847,-1,854,834,871,-1,871,834,835,-1,871,835,833,-1,824,850,871,-1,871,850,852,-1,871,852,854,-1,861,825,871,-1,871,825,826,-1,871,826,824,-1,827,857,871,-1,871,857,859,-1,871,859,861,-1,
        ]
    }
}
Shape{
    appearance Appearance {
        material  Material 	{
            diffuseColor 1.0 0.6431372549019608 0.1803921568627451
            specularColor 0.5019607843137255 0.3215686274509804 0.09019607843137255
            ambientIntensity 0.6971
            transparency 0.0
            shininess 0.5
        }
    }
    geometry IndexedFaceSet {
        ccw TRUE
        solid FALSE
        coord DEF co Coordinate {
            point [
                1.9323 -0.6377 0.9449, 1.9412 -0.732 0.9449, 1.8356 -0.7101 0.9449, 1.8406 -0.7993 0.9449, 1.7296 -0.768 0.9449, 1.732 -0.8528 0.9449, 1.6164 -0.8102 0.9449, 1.6174 -0.8917 0.9449, 1.4984 -0.8359 0.9449, 1.4987 -0.9153 0.9449, 1.378 -0.8445 0.9449, 1.378 -0.9232 0.9449, -1.378 -0.8445 0.9449, -1.378 -0.9232 0.9449, -1.4984 -0.8359 0.9449, -1.4987 -0.9153 0.9449, -1.6164 -0.8102 0.9449, -1.6174 -0.8917 0.9449, -1.7296 -0.768 0.9449, -1.732 -0.8528 0.9449, -1.8356 -0.7101 0.9449, -1.8406 -0.7993 0.9449, -1.9323 -0.6377 0.9449, 2.0177 0.5563 0.9449, 2.112 0.5652 0.9449, 2.09 0.4596 0.9449, 2.1792 0.4646 0.9449, 2.1479 0.3536 0.9449, 2.2327 0.356 0.9449, 2.1901 0.2404 0.9449, 2.2716 0.2414 0.9449, 2.2158 0.1224 0.9449, 2.2952 0.1227 0.9449, 2.2244 0.002 0.9449, 2.3031 0.002 0.9449, 2.2158 -0.1185 0.9449, 2.2952 -0.1188 0.9449, 2.1901 -0.2365 0.9449, 2.2716 -0.2375 0.9449, 2.1479 -0.3497 0.9449, 2.2327 -0.3521 0.9449, 2.09 -0.4557 0.9449, 2.1792 -0.4606 0.9449, 2.0177 -0.5523 0.9449, 2.112 -0.5613 0.9449, 2.0322 -0.6522 0.9449, -1.9323 0.6417 0.9449, -1.9412 0.736 0.9449, -1.8356 0.7141 0.9449, -1.8406 0.8032 0.9449, -1.7296 0.7719 0.9449, -1.732 0.8567 0.9449, -1.6164 0.8141 0.9449, -1.6174 0.8956 0.9449, -1.4984 0.8398 0.9449, -1.4987 0.9193 0.9449, -1.378 0.8484 0.9449, -1.378 0.9272 0.9449, 1.378 0.8484 0.9449, 1.378 0.9272 0.9449, 1.4984 0.8398 0.9449, 1.4987 0.9193 0.9449, 1.6164 0.8141 0.9449, 1.6174 0.8956 0.9449, 1.7296 0.7719 0.9449, 1.732 0.8567 0.9449, 1.8356 0.7141 0.9449, 1.8406 0.8032 0.9449, 1.9323 0.6417 0.9449, 1.9412 0.736 0.9449, 2.0322 0.6562 0.9449, -1.9412 -0.732 0.9449, -2.0322 -0.6522 0.9449, -2.0177 -0.5523 0.9449, -2.112 -0.5613 0.9449, -2.09 -0.4557 0.9449, -2.1792 -0.4606 0.9449, -2.1479 -0.3497 0.9449, -2.2327 -0.3521 0.9449, -2.1901 -0.2365 0.9449, -2.2716 -0.2375 0.9449, -2.2158 -0.1185 0.9449, -2.2952 -0.1188 0.9449, -2.2244 0.002 0.9449, -2.3031 0.002 0.9449, -2.2158 0.1224 0.9449, -2.2952 0.1227 0.9449, -2.1901 0.2404 0.9449, -2.2716 0.2414 0.9449, -2.1479 0.3536 0.9449, -2.2327 0.356 0.9449, -2.09 0.4596 0.9449, -2.1792 0.4646 0.9449, -2.0177 0.5563 0.9449, -2.112 0.5652 0.9449, -2.0322 0.6562 0.9449, -1.9323 -0.6377 0.5512, -1.9412 -0.732 0.5512, -1.8356 -0.7101 0.5512, -1.8406 -0.7993 0.5512, -1.7296 -0.768 0.5512, -1.732 -0.8528 0.5512, -1.6164 -0.8102 0.5512, -1.6174 -0.8917 0.5512, -1.4984 -0.8359 0.5512, -1.4987 -0.9153 0.5512, -1.378 -0.8445 0.5512, -1.378 -0.9232 0.5512, 1.378 -0.8445 0.5512, 1.378 -0.9232 0.5512, 1.4984 -0.8359 0.5512, 1.4987 -0.9153 0.5512, 1.6164 -0.8102 0.5512, 1.6174 -0.8917 0.5512, 1.7296 -0.768 0.5512, 1.732 -0.8528 0.5512, 1.8356 -0.7101 0.5512, 1.8406 -0.7993 0.5512, 1.9323 -0.6377 0.5512, -1.9323 0.6417 0.5512, -2.0322 0.6562 0.5512, -2.0177 0.5563 0.5512, -2.112 0.5652 0.5512, -2.09 0.4596 0.5512, -2.1792 0.4646 0.5512, -2.1479 0.3536 0.5512, -2.2327 0.356 0.5512, -2.1901 0.2404 0.5512, -2.2716 0.2414 0.5512, -2.2158 0.1224 0.5512, -2.2952 0.1227 0.5512, -2.2244 0.002 0.5512, -2.3031 0.002 0.5512, -2.2158 -0.1185 0.5512, -2.2952 -0.1188 0.5512, -2.1901 -0.2365 0.5512, -2.2716 -0.2375 0.5512, -2.1479 -0.3497 0.5512, -2.2327 -0.3521 0.5512, -2.09 -0.4557 0.5512, -2.1792 -0.4606 0.5512, -2.0177 -0.5523 0.5512, -2.112 -0.5613 0.5512, -2.0322 -0.6522 0.5512, 1.9412 -0.732 0.5512, 2.0322 -0.6522 0.5512, 2.0177 -0.5523 0.5512, 2.112 -0.5613 0.5512, 2.09 -0.4557 0.5512, 2.1792 -0.4606 0.5512, 2.1479 -0.3497 0.5512, 2.2327 -0.3521 0.5512, 2.1901 -0.2365 0.5512, 2.2716 -0.2375 0.5512, 2.2158 -0.1185 0.5512, 2.2952 -0.1188 0.5512, 2.2244 0.002 0.5512, 2.3031 0.002 0.5512, 2.2158 0.1224 0.5512, 2.2952 0.1227 0.5512, 2.1901 0.2404 0.5512, 2.2716 0.2414 0.5512, 2.1479 0.3536 0.5512, 2.2327 0.356 0.5512, 2.09 0.4596 0.5512, 2.1792 0.4646 0.5512, 2.0177 0.5563 0.5512, 2.112 0.5652 0.5512, 2.0322 0.6562 0.5512, 1.9323 0.6417 0.5512, 1.9412 0.736 0.5512, 1.8356 0.7141 0.5512, 1.8406 0.8032 0.5512, 1.7296 0.7719 0.5512, 1.732 0.8567 0.5512, 1.6164 0.8141 0.5512, 1.6174 0.8956 0.5512, 1.4984 0.8398 0.5512, 1.4987 0.9193 0.5512, 1.378 0.8484 0.5512, 1.378 0.9272 0.5512, -1.378 0.8484 0.5512, -1.378 0.9272 0.5512, -1.4984 0.8398 0.5512, -1.4987 0.9193 0.5512, -1.6164 0.8141 0.5512, -1.6174 0.8956 0.5512, -1.7296 0.7719 0.5512, -1.732 0.8567 0.5512, -1.8356 0.7141 0.5512, -1.8406 0.8032 0.5512, -1.9412 0.736 0.5512, 1.378 0.8091 0.9055, 1.378 0.8091 0.5906, -1.378 0.8091 0.9055, -1.378 0.8091 0.5906, -1.4928 0.8008 0.9055, -1.4928 0.8008 0.5906, -1.5453 0.7894 0.9055, -1.5453 0.7894 0.5906, -1.6053 0.7764 0.9055, -1.6053 0.7764 0.5906, -1.706 0.7388 0.9055, -1.706 0.7388 0.5906, -1.7132 0.7361 0.9055, -1.7132 0.7361 0.5906, -1.8143 0.6809 0.9055, -1.8143 0.6809 0.5906, -1.8512 0.6533 0.9055, -1.8512 0.6533 0.5906, -1.9065 0.6119 0.9055, -1.9065 0.6119 0.5906, -1.9771 0.5413 0.9055, -1.9771 0.5413 0.5906, -1.9879 0.5305 0.9055, -1.9879 0.5305 0.5906, -2.0569 0.4383 0.9055, -2.0569 0.4383 0.5906, -2.0753 0.4046 0.9055, -2.0753 0.4046 0.5906, -2.1121 0.3372 0.9055, -2.1121 0.3372 0.5906, -2.1443 0.2509 0.9055, -2.1443 0.2509 0.5906, -2.1523 0.2294 0.9055, -2.1523 0.2294 0.5906, -2.1768 0.1168 0.9055, -2.1768 0.1168 0.5906, -2.179 0.0862 0.9055, -2.179 0.0862 0.5906, -2.185 0.002 0.9055, -2.185 0.002 0.5906, -2.179 -0.0823 0.9055, -2.179 -0.0823 0.5906, -2.1768 -0.1129 0.9055, -2.1768 -0.1129 0.5906, -2.1523 -0.2254 0.9055, -2.1523 -0.2254 0.5906, -2.1443 -0.247 0.9055, -2.1443 -0.247 0.5906, -2.1121 -0.3333 0.9055, -2.1121 -0.3333 0.5906, -2.0753 -0.4007 0.9055, -2.0753 -0.4007 0.5906, -2.0569 -0.4344 0.9055, -2.0569 -0.4344 0.5906, -1.9879 -0.5266 0.9055, -1.9879 -0.5266 0.5906, -1.9771 -0.5374 0.9055, -1.9771 -0.5374 0.5906, -1.9065 -0.608 0.9055, -1.9065 -0.608 0.5906, -1.8512 -0.6494 0.9055, -1.8512 -0.6494 0.5906, -1.8143 -0.677 0.9055, -1.8143 -0.677 0.5906, -1.7132 -0.7322 0.9055, -1.7132 -0.7322 0.5906, -1.706 -0.7349 0.9055, -1.706 -0.7349 0.5906, -1.6053 -0.7724 0.9055, -1.6053 -0.7724 0.5906, -1.5453 -0.7855 0.9055, -1.5453 -0.7855 0.5906, -1.4928 -0.7969 0.9055, -1.4928 -0.7969 0.5906, -1.378 -0.8051 0.9055, -1.378 -0.8051 0.5906, 1.378 -0.8051 0.9055, 1.378 -0.8051 0.5906, 1.4928 -0.7969 0.9055, 1.4928 -0.7969 0.5906, 1.5453 -0.7855 0.9055, 1.5453 -0.7855 0.5906, 1.6053 -0.7724 0.9055, 1.6053 -0.7724 0.5906, 1.706 -0.7349 0.9055, 1.706 -0.7349 0.5906, 1.7132 -0.7322 0.9055, 1.7132 -0.7322 0.5906, 1.8143 -0.677 0.9055, 1.8143 -0.677 0.5906, 1.8512 -0.6494 0.9055, 1.8512 -0.6494 0.5906, 1.9065 -0.608 0.9055, 1.9065 -0.608 0.5906, 1.9771 -0.5374 0.9055, 1.9771 -0.5374 0.5906, 1.9879 -0.5266 0.9055, 1.9879 -0.5266 0.5906, 2.0569 -0.4344 0.9055, 2.0569 -0.4344 0.5906, 2.0753 -0.4007 0.9055, 2.0753 -0.4007 0.5906, 2.1121 -0.3333 0.9055, 2.1121 -0.3333 0.5906, 2.1443 -0.247 0.9055, 2.1443 -0.247 0.5906, 2.1523 -0.2254 0.9055, 2.1523 -0.2254 0.5906, 2.1768 -0.1129 0.9055, 2.1768 -0.1129 0.5906, 2.179 -0.0823 0.9055, 2.179 -0.0823 0.5906, 2.185 0.002 0.9055, 2.185 0.002 0.5906, 2.179 0.0862 0.9055, 2.179 0.0862 0.5906, 2.1768 0.1168 0.9055, 2.1768 0.1168 0.5906, 2.1523 0.2294 0.9055, 2.1523 0.2294 0.5906, 2.1443 0.2509 0.9055, 2.1443 0.2509 0.5906, 2.1121 0.3372 0.9055, 2.1121 0.3372 0.5906, 2.0753 0.4046 0.9055, 2.0753 0.4046 0.5906, 2.0569 0.4383 0.9055, 2.0569 0.4383 0.5906, 1.9879 0.5305 0.9055, 1.9879 0.5305 0.5906, 1.9771 0.5413 0.9055, 1.9771 0.5413 0.5906, 1.9065 0.6119 0.9055, 1.9065 0.6119 0.5906, 1.8512 0.6533 0.9055, 1.8512 0.6533 0.5906, 1.8143 0.6809 0.9055, 1.8143 0.6809 0.5906, 1.7132 0.7361 0.9055, 1.7132 0.7361 0.5906, 1.706 0.7388 0.9055, 1.706 0.7388 0.5906, 1.6053 0.7764 0.9055, 1.6053 0.7764 0.5906, 1.5453 0.7894 0.9055, 1.5453 0.7894 0.5906, 1.4928 0.8008 0.9055, 1.4928 0.8008 0.5906, 2.0177 0.5563 0.3543, 2.112 0.5652 0.3543, 2.09 0.4596 0.3543, 2.1792 0.4646 0.3543, 2.1479 0.3536 0.3543, 2.2327 0.356 0.3543, 2.1901 0.2404 0.3543, 2.2716 0.2414 0.3543, 2.2158 0.1224 0.3543, 2.2952 0.1227 0.3543, 2.2244 0.002 0.3543, 2.3031 0.002 0.3543, 2.2158 -0.1185 0.3543, 2.2952 -0.1188 0.3543, 2.1901 -0.2365 0.3543, 2.2716 -0.2375 0.3543, 2.1479 -0.3497 0.3543, 2.2327 -0.3521 0.3543, 2.09 -0.4557 0.3543, 2.1792 -0.4606 0.3543, 2.0177 -0.5523 0.3543, 2.112 -0.5613 0.3543, 1.9323 -0.6377 0.3543, -1.9323 -0.6377 0.3543, -2.0322 -0.6522 0.3543, -2.0177 -0.5523 0.3543, -2.112 -0.5613 0.3543, -2.09 -0.4557 0.3543, -2.1792 -0.4606 0.3543, -2.1479 -0.3497 0.3543, -2.2327 -0.3521 0.3543, -2.1901 -0.2365 0.3543, -2.2716 -0.2375 0.3543, -2.2158 -0.1185 0.3543, -2.2952 -0.1188 0.3543, -2.2244 0.002 0.3543, -2.3031 0.002 0.3543, -2.2158 0.1224 0.3543, -2.2952 0.1227 0.3543, -2.1901 0.2404 0.3543, -2.2716 0.2414 0.3543, -2.1479 0.3536 0.3543, -2.2327 0.356 0.3543, -2.09 0.4596 0.3543, -2.1792 0.4646 0.3543, -2.0177 0.5563 0.3543, -2.112 0.5652 0.3543, -1.9323 0.6417 0.3543, -2.0322 0.6562 0.3543, -1.9412 0.736 0.3543, -1.8356 0.7141 0.3543, -1.8406 0.8032 0.3543, -1.7296 0.7719 0.3543, -1.732 0.8567 0.3543, -1.6164 0.8141 0.3543, -1.6174 0.8956 0.3543, -1.4984 0.8398 0.3543, -1.4987 0.9193 0.3543, -1.378 0.8484 0.3543, -1.378 0.9272 0.3543, 1.378 0.8484 0.3543, 1.378 0.9272 0.3543, 1.4984 0.8398 0.3543, 1.4987 0.9193 0.3543, 1.6164 0.8141 0.3543, 1.6174 0.8956 0.3543, 1.7296 0.7719 0.3543, 1.732 0.8567 0.3543, 1.8356 0.7141 0.3543, 1.8406 0.8032 0.3543, 1.9323 0.6417 0.3543, 1.9412 0.736 0.3543, 2.0322 0.6562 0.3543, 2.0322 -0.6522 0.3543, 1.9412 -0.732 0.3543, 1.8356 -0.7101 0.3543, 1.8406 -0.7993 0.3543, 1.7296 -0.768 0.3543, 1.732 -0.8528 0.3543, 1.6164 -0.8102 0.3543, 1.6174 -0.8917 0.3543, 1.4984 -0.8359 0.3543, 1.4987 -0.9153 0.3543, 1.378 -0.8445 0.3543, 1.378 -0.9232 0.3543, -1.378 -0.8445 0.3543, -1.378 -0.9232 0.3543, -1.4984 -0.8359 0.3543, -1.4987 -0.9153 0.3543, -1.6164 -0.8102 0.3543, -1.6174 -0.8917 0.3543, -1.7296 -0.768 0.3543, -1.732 -0.8528 0.3543, -1.8356 -0.7101 0.3543, -1.8406 -0.7993 0.3543, -1.9412 -0.732 0.3543, -2.0769 0.4055 0.1575, -2.0569 0.4383 0.315, -2.009 0.5052 0.1575, -1.9879 0.5305 0.315, -1.9761 0.5405 0.1575, -1.9771 0.5413 0.315, -1.9269 0.5936 0.1575, -1.9065 0.6119 0.315, -1.8514 0.6538 0.1575, -1.8512 0.6533 0.315, -1.8326 0.6688 0.1575, -1.8143 0.6809 0.315, -1.7281 0.7291 0.1575, -1.7132 0.7361 0.315, -1.7057 0.7379 0.1575, -1.706 0.7388 0.315, -1.6158 0.7732 0.1575, -1.6053 0.7764 0.315, -1.5453 0.7893 0.1575, -1.5453 0.7894 0.315, -1.4982 0.8 0.1575, -1.4928 0.8008 0.315, -1.378 0.8091 0.1575, -1.378 0.8091 0.315, -2.1435 -0.2468 0.1575, -2.1523 -0.2254 0.315, -2.1648 -0.1776 0.1575, -2.1768 -0.1129 0.315, -2.1792 -0.0822 0.1575, -2.179 -0.0823 0.315, -2.1828 -0.0583 0.1575, -2.185 0.002 0.315, -2.1828 0.0623 0.1575, -2.179 0.0862 0.315, -2.1792 0.0861 0.1575, -2.1768 0.1168 0.315, -2.1648 0.1816 0.1575, -2.1523 0.2294 0.315, -2.1435 0.2507 0.1575, -2.1443 0.2509 0.315, -2.1292 0.2968 0.1575, -2.1121 0.3372 0.315, -2.0753 0.4046 0.315, -1.9761 -0.5366 0.1575, -1.9771 -0.5374 0.315, -1.9879 -0.5266 0.315, -2.009 -0.5012 0.1575, -2.0569 -0.4344 0.315, -2.0769 -0.4016 0.1575, -2.0753 -0.4007 0.315, -2.1292 -0.2929 0.1575, -2.1121 -0.3333 0.315, -2.1443 -0.247 0.315, -1.7057 -0.734 0.1575, -1.7132 -0.7322 0.315, -1.7281 -0.7252 0.1575, -1.8143 -0.677 0.315, -1.9065 -0.608 0.315, -1.9269 -0.5897 0.1575, -1.8512 -0.6494 0.315, -1.8514 -0.6498 0.1575, -1.8326 -0.6649 0.1575, -1.378 -0.8051 0.1575, -1.378 -0.8051 0.315, -1.4982 -0.7961 0.1575, -1.4928 -0.7969 0.315, -1.5453 -0.7854 0.1575, -1.5453 -0.7855 0.315, -1.6158 -0.7693 0.1575, -1.6053 -0.7724 0.315, -1.706 -0.7349 0.315, 1.378 -0.8051 0.1575, 1.378 -0.8051 0.315, 2.0769 -0.4016 0.1575, 2.0569 -0.4344 0.315, 2.009 -0.5012 0.1575, 1.9879 -0.5266 0.315, 1.9761 -0.5366 0.1575, 1.9771 -0.5374 0.315, 1.9269 -0.5897 0.1575, 1.9065 -0.608 0.315, 1.8514 -0.6498 0.1575, 1.8512 -0.6494 0.315, 1.8326 -0.6649 0.1575, 1.8143 -0.677 0.315, 1.7281 -0.7252 0.1575, 1.7132 -0.7322 0.315, 1.7057 -0.734 0.1575, 1.706 -0.7349 0.315, 1.6158 -0.7693 0.1575, 1.6053 -0.7724 0.315, 1.5453 -0.7854 0.1575, 1.5453 -0.7855 0.315, 1.4982 -0.7961 0.1575, 1.4928 -0.7969 0.315, 2.1435 0.2507 0.1575, 2.1523 0.2294 0.315, 2.1648 0.1816 0.1575, 2.1768 0.1168 0.315, 2.1792 0.0861 0.1575, 2.179 0.0862 0.315, 2.1828 0.0623 0.1575, 2.185 0.002 0.315, 2.1828 -0.0583 0.1575, 2.179 -0.0823 0.315, 2.1792 -0.0822 0.1575, 2.1768 -0.1129 0.315, 2.1648 -0.1776 0.1575, 2.1523 -0.2254 0.315, 2.1435 -0.2468 0.1575, 2.1443 -0.247 0.315, 2.1292 -0.2929 0.1575, 2.1121 -0.3333 0.315, 2.0753 -0.4007 0.315, 1.9761 0.5405 0.1575, 1.9771 0.5413 0.315, 1.9879 0.5305 0.315, 2.009 0.5052 0.1575, 2.0569 0.4383 0.315, 2.0769 0.4055 0.1575, 2.0753 0.4046 0.315, 2.1292 0.2968 0.1575, 2.1121 0.3372 0.315, 2.1443 0.2509 0.315, 1.7057 0.7379 0.1575, 1.7132 0.7361 0.315, 1.7281 0.7291 0.1575, 1.8143 0.6809 0.315, 1.9065 0.6119 0.315, 1.9269 0.5936 0.1575, 1.8512 0.6533 0.315, 1.8514 0.6538 0.1575, 1.8326 0.6688 0.1575, 1.378 0.8091 0.1575, 1.378 0.8091 0.315, 1.4982 0.8 0.1575, 1.4928 0.8008 0.315, 1.5453 0.7893 0.1575, 1.5453 0.7894 0.315, 1.6158 0.7732 0.1575, 1.6053 0.7764 0.315, 1.706 0.7388 0.315
            ]
        }
        coordIndex [
            0,1,2,-1,2,1,3,-1,2,3,4,-1,4,3,5,-1,4,5,6,-1,6,5,7,-1,6,7,8,-1,8,7,9,-1,8,9,10,-1,10,9,11,-1,10,11,12,-1,12,11,13,-1,12,13,14,-1,14,13,15,-1,14,15,16,-1,16,15,17,-1,16,17,18,-1,18,17,19,-1,18,19,20,-1,20,19,21,-1,20,21,22,-1,23,24,25,-1,25,24,26,-1,25,26,27,-1,27,26,28,-1,27,28,29,-1,29,28,30,-1,29,30,31,-1,31,30,32,-1,31,32,33,-1,33,32,34,-1,33,34,35,-1,35,34,36,-1,35,36,37,-1,37,36,38,-1,37,38,39,-1,39,38,40,-1,39,40,41,-1,41,40,42,-1,41,42,43,-1,43,42,44,-1,43,44,0,-1,0,44,45,-1,0,45,1,-1,46,47,48,-1,48,47,49,-1,48,49,50,-1,50,49,51,-1,50,51,52,-1,52,51,53,-1,52,53,54,-1,54,53,55,-1,54,55,56,-1,56,55,57,-1,56,57,58,-1,58,57,59,-1,58,59,60,-1,60,59,61,-1,60,61,62,-1,62,61,63,-1,62,63,64,-1,64,63,65,-1,64,65,66,-1,66,65,67,-1,66,67,68,-1,68,67,69,-1,68,69,23,-1,23,69,70,-1,23,70,24,-1,21,71,22,-1,22,71,72,-1,22,72,73,-1,73,72,74,-1,73,74,75,-1,75,74,76,-1,75,76,77,-1,77,76,78,-1,77,78,79,-1,79,78,80,-1,79,80,81,-1,81,80,82,-1,81,82,83,-1,83,82,84,-1,83,84,85,-1,85,84,86,-1,85,86,87,-1,87,86,88,-1,87,88,89,-1,89,88,90,-1,89,90,91,-1,91,90,92,-1,91,92,93,-1,93,92,94,-1,93,94,46,-1,46,94,95,-1,46,95,47,-1,96,97,98,-1,98,97,99,-1,98,99,100,-1,100,99,101,-1,100,101,102,-1,102,101,103,-1,102,103,104,-1,104,103,105,-1,104,105,106,-1,106,105,107,-1,106,107,108,-1,108,107,109,-1,108,109,110,-1,110,109,111,-1,110,111,112,-1,112,111,113,-1,112,113,114,-1,114,113,115,-1,114,115,116,-1,116,115,117,-1,116,117,118,-1,119,120,121,-1,121,120,122,-1,121,122,123,-1,123,122,124,-1,123,124,125,-1,125,124,126,-1,125,126,127,-1,127,126,128,-1,127,128,129,-1,129,128,130,-1,129,130,131,-1,131,130,132,-1,131,132,133,-1,133,132,134,-1,133,134,135,-1,135,134,136,-1,135,136,137,-1,137,136,138,-1,137,138,139,-1,139,138,140,-1,139,140,141,-1,141,140,142,-1,141,142,96,-1,96,142,143,-1,96,143,97,-1,117,144,118,-1,118,144,145,-1,118,145,146,-1,146,145,147,-1,146,147,148,-1,148,147,149,-1,148,149,150,-1,150,149,151,-1,150,151,152,-1,152,151,153,-1,152,153,154,-1,154,153,155,-1,154,155,156,-1,156,155,157,-1,156,157,158,-1,158,157,159,-1,158,159,160,-1,160,159,161,-1,160,161,162,-1,162,161,163,-1,162,163,164,-1,164,163,165,-1,164,165,166,-1,165,167,166,-1,166,167,168,-1,166,168,169,-1,169,168,170,-1,169,170,171,-1,171,170,172,-1,171,172,173,-1,173,172,174,-1,173,174,175,-1,175,174,176,-1,175,176,177,-1,177,176,178,-1,177,178,179,-1,179,178,180,-1,179,180,181,-1,181,180,182,-1,181,182,183,-1,183,182,184,-1,183,184,185,-1,185,184,186,-1,185,186,187,-1,187,186,188,-1,187,188,189,-1,189,188,190,-1,189,190,119,-1,119,190,191,-1,119,191,120,-1,192,193,194,-1,194,193,195,-1,194,195,196,-1,196,195,197,-1,196,197,198,-1,198,197,199,-1,198,199,200,-1,200,199,201,-1,200,201,202,-1,202,201,203,-1,202,203,204,-1,204,203,205,-1,204,205,206,-1,206,205,207,-1,206,207,208,-1,208,207,209,-1,208,209,210,-1,210,209,211,-1,210,211,212,-1,212,211,213,-1,212,213,214,-1,214,213,215,-1,214,215,216,-1,216,215,217,-1,216,217,218,-1,218,217,219,-1,218,219,220,-1,220,219,221,-1,220,221,222,-1,222,221,223,-1,222,223,224,-1,224,223,225,-1,224,225,226,-1,226,225,227,-1,226,227,228,-1,228,227,229,-1,228,229,230,-1,230,229,231,-1,230,231,232,-1,232,231,233,-1,232,233,234,-1,234,233,235,-1,234,235,236,-1,236,235,237,-1,236,237,238,-1,238,237,239,-1,238,239,240,-1,240,239,241,-1,240,241,242,-1,242,241,243,-1,242,243,244,-1,244,243,245,-1,244,245,246,-1,246,245,247,-1,246,247,248,-1,248,247,249,-1,248,249,250,-1,250,249,251,-1,250,251,252,-1,252,251,253,-1,252,253,254,-1,254,253,255,-1,254,255,256,-1,256,255,257,-1,256,257,258,-1,258,257,259,-1,258,259,260,-1,260,259,261,-1,260,261,262,-1,262,261,263,-1,262,263,264,-1,264,263,265,-1,264,265,266,-1,266,265,267,-1,266,267,268,-1,268,267,269,-1,268,269,270,-1,270,269,271,-1,270,271,272,-1,272,271,273,-1,272,273,274,-1,274,273,275,-1,274,275,276,-1,276,275,277,-1,276,277,278,-1,278,277,279,-1,278,279,280,-1,280,279,281,-1,280,281,282,-1,282,281,283,-1,282,283,284,-1,284,283,285,-1,284,285,286,-1,286,285,287,-1,286,287,288,-1,288,287,289,-1,288,289,290,-1,290,289,291,-1,290,291,292,-1,292,291,293,-1,292,293,294,-1,294,293,295,-1,294,295,296,-1,296,295,297,-1,296,297,298,-1,298,297,299,-1,298,299,300,-1,300,299,301,-1,300,301,302,-1,302,301,303,-1,302,303,304,-1,304,303,305,-1,304,305,306,-1,306,305,307,-1,306,307,308,-1,308,307,309,-1,308,309,310,-1,310,309,311,-1,310,311,312,-1,312,311,313,-1,312,313,314,-1,314,313,315,-1,314,315,316,-1,316,315,317,-1,316,317,318,-1,318,317,319,-1,318,319,320,-1,320,319,321,-1,320,321,322,-1,322,321,323,-1,322,323,324,-1,324,323,325,-1,324,325,326,-1,326,325,327,-1,326,327,328,-1,328,327,329,-1,328,329,330,-1,330,329,331,-1,330,331,332,-1,332,331,333,-1,332,333,334,-1,334,333,335,-1,334,335,336,-1,336,335,337,-1,336,337,338,-1,338,337,339,-1,338,339,192,-1,192,339,193,-1,340,341,342,-1,342,341,343,-1,342,343,344,-1,344,343,345,-1,344,345,346,-1,346,345,347,-1,346,347,348,-1,348,347,349,-1,348,349,350,-1,350,349,351,-1,350,351,352,-1,352,351,353,-1,352,353,354,-1,354,353,355,-1,354,355,356,-1,356,355,357,-1,356,357,358,-1,358,357,359,-1,358,359,360,-1,360,359,361,-1,360,361,362,-1,363,364,365,-1,365,364,366,-1,365,366,367,-1,367,366,368,-1,367,368,369,-1,369,368,370,-1,369,370,371,-1,371,370,372,-1,371,372,373,-1,373,372,374,-1,373,374,375,-1,375,374,376,-1,375,376,377,-1,377,376,378,-1,377,378,379,-1,379,378,380,-1,379,380,381,-1,381,380,382,-1,381,382,383,-1,383,382,384,-1,383,384,385,-1,385,384,386,-1,385,386,387,-1,386,388,387,-1,387,388,389,-1,387,389,390,-1,390,389,391,-1,390,391,392,-1,392,391,393,-1,392,393,394,-1,394,393,395,-1,394,395,396,-1,396,395,397,-1,396,397,398,-1,398,397,399,-1,398,399,400,-1,400,399,401,-1,400,401,402,-1,402,401,403,-1,402,403,404,-1,404,403,405,-1,404,405,406,-1,406,405,407,-1,406,407,408,-1,408,407,409,-1,408,409,410,-1,410,409,411,-1,410,411,340,-1,340,411,412,-1,340,412,341,-1,361,413,362,-1,362,413,414,-1,362,414,415,-1,415,414,416,-1,415,416,417,-1,417,416,418,-1,417,418,419,-1,419,418,420,-1,419,420,421,-1,421,420,422,-1,421,422,423,-1,423,422,424,-1,423,424,425,-1,425,424,426,-1,425,426,427,-1,427,426,428,-1,427,428,429,-1,429,428,430,-1,429,430,431,-1,431,430,432,-1,431,432,433,-1,433,432,434,-1,433,434,363,-1,363,434,435,-1,363,435,364,-1,436,437,438,-1,438,437,439,-1,438,439,440,-1,440,439,441,-1,440,441,442,-1,442,441,443,-1,442,443,444,-1,444,443,445,-1,444,445,446,-1,446,445,447,-1,446,447,448,-1,448,447,449,-1,448,449,450,-1,450,449,451,-1,450,451,452,-1,452,451,453,-1,452,453,454,-1,454,453,455,-1,454,455,456,-1,456,455,457,-1,456,457,458,-1,458,457,459,-1,460,461,462,-1,462,461,463,-1,462,463,464,-1,464,463,465,-1,464,465,466,-1,466,465,467,-1,466,467,468,-1,468,467,469,-1,468,469,470,-1,470,469,471,-1,470,471,472,-1,472,471,473,-1,472,473,474,-1,474,473,475,-1,474,475,476,-1,476,475,477,-1,476,477,436,-1,436,477,478,-1,436,478,437,-1,479,480,481,-1,479,481,482,-1,482,481,483,-1,482,483,484,-1,484,483,485,-1,484,485,486,-1,486,485,487,-1,486,487,460,-1,460,487,488,-1,460,488,461,-1,489,490,491,-1,491,490,492,-1,480,479,493,-1,493,479,494,-1,493,494,495,-1,495,494,496,-1,495,496,492,-1,492,496,497,-1,492,497,491,-1,498,499,500,-1,500,499,501,-1,500,501,502,-1,502,501,503,-1,502,503,504,-1,504,503,505,-1,504,505,489,-1,489,505,506,-1,489,506,490,-1,507,508,498,-1,498,508,499,-1,509,510,511,-1,511,510,512,-1,511,512,513,-1,513,512,514,-1,513,514,515,-1,515,514,516,-1,515,516,517,-1,517,516,518,-1,517,518,519,-1,519,518,520,-1,519,520,521,-1,521,520,522,-1,521,522,523,-1,523,522,524,-1,523,524,525,-1,525,524,526,-1,525,526,527,-1,527,526,528,-1,527,528,529,-1,529,528,530,-1,529,530,507,-1,507,530,508,-1,531,532,533,-1,533,532,534,-1,533,534,535,-1,535,534,536,-1,535,536,537,-1,537,536,538,-1,537,538,539,-1,539,538,540,-1,539,540,541,-1,541,540,542,-1,541,542,543,-1,543,542,544,-1,543,544,545,-1,545,544,546,-1,545,546,547,-1,547,546,548,-1,547,548,509,-1,509,548,549,-1,509,549,510,-1,550,551,552,-1,550,552,553,-1,553,552,554,-1,553,554,555,-1,555,554,556,-1,555,556,557,-1,557,556,558,-1,557,558,531,-1,531,558,559,-1,531,559,532,-1,560,561,562,-1,562,561,563,-1,551,550,564,-1,564,550,565,-1,564,565,566,-1,566,565,567,-1,566,567,563,-1,563,567,568,-1,563,568,562,-1,569,570,571,-1,571,570,572,-1,571,572,573,-1,573,572,574,-1,573,574,575,-1,575,574,576,-1,575,576,560,-1,560,576,577,-1,560,577,561,-1,458,459,569,-1,569,459,570,-1,
        ]
    }
}
Shape{
    appearance Appearance {
        material  Material 	{
            diffuseColor 0.9686274509803922 0.8784313725490196 0.6
            specularColor 0.6784313725490196 0.615686274509804 0.4196078431372549
            ambientIntensity 0.8737
            transparency 0.0
            shininess 0.5
        }
    }
    geometry IndexedFaceSet {
        ccw TRUE
        solid FALSE
        coord DEF co Coordinate {
            point [
                -1.6142 0.002 -1.1811, -1.7717 0.002 -1.1811, -1.6061 0.0631 -1.1811, -1.7582 0.1039 -1.1811, -1.5825 0.1201 -1.1811, -1.7189 0.1988 -1.1811, -1.545 0.169 -1.1811, -1.6563 0.2804 -1.1811, -1.4961 0.2065 -1.1811, -1.5748 0.3429 -1.1811, -1.4391 0.2301 -1.1811, -1.4798 0.3823 -1.1811, -1.378 0.2382 -1.1811, -1.378 0.3957 -1.1811, -1.3168 0.2301 -1.1811, -1.2761 0.3823 -1.1811, -1.2598 0.2065 -1.1811, -1.1811 0.3429 -1.1811, -1.2109 0.169 -1.1811, -1.0996 0.2804 -1.1811, -1.1734 0.1201 -1.1811, -1.037 0.1988 -1.1811, -1.1498 0.0631 -1.1811, -0.9977 0.1039 -1.1811, -1.1417 0.002 -1.1811, -0.9843 0.002 -1.1811, -0.2362 0.002 -1.1811, -0.3937 0.002 -1.1811, -0.2282 0.0631 -1.1811, -0.3803 0.1039 -1.1811, -0.2046 0.1201 -1.1811, -0.341 0.1988 -1.1811, -0.167 0.169 -1.1811, -0.2784 0.2804 -1.1811, -0.1181 0.2065 -1.1811, -0.1969 0.3429 -1.1811, -0.0611 0.2301 -1.1811, -0.1019 0.3823 -1.1811, 0.0 0.2382 -1.1811, 0.0 0.3957 -1.1811, 0.0611 0.2301 -1.1811, 0.1019 0.3823 -1.1811, 0.1181 0.2065 -1.1811, 0.1969 0.3429 -1.1811, 0.167 0.169 -1.1811, 0.2784 0.2804 -1.1811, 0.2046 0.1201 -1.1811, 0.341 0.1988 -1.1811, 0.2282 0.0631 -1.1811, 0.3803 0.1039 -1.1811, 0.2362 0.002 -1.1811, 0.3937 0.002 -1.1811, 1.1417 0.002 -1.1811, 0.9843 0.002 -1.1811, 1.1498 0.0631 -1.1811, 0.9977 0.1039 -1.1811, 1.1734 0.1201 -1.1811, 1.037 0.1988 -1.1811, 1.2109 0.169 -1.1811, 1.0996 0.2804 -1.1811, 1.2598 0.2065 -1.1811, 1.1811 0.3429 -1.1811, 1.3168 0.2301 -1.1811, 1.2761 0.3823 -1.1811, 1.378 0.2382 -1.1811, 1.378 0.3957 -1.1811, 1.4391 0.2301 -1.1811, 1.4798 0.3823 -1.1811, 1.4961 0.2065 -1.1811, 1.5748 0.3429 -1.1811, 1.545 0.169 -1.1811, 1.6563 0.2804 -1.1811, 1.5825 0.1201 -1.1811, 1.7189 0.1988 -1.1811, 1.6061 0.0631 -1.1811, 1.7582 0.1039 -1.1811, 1.6142 0.002 -1.1811, 1.7717 0.002 -1.1811, -0.9843 0.002 0.3543, -1.1417 0.002 0.3543, -1.6142 0.002 0.3543, -1.6061 0.0631 0.3543, -1.5825 0.1201 0.3543, -1.545 0.169 0.3543, -1.4961 0.2065 0.3543, -1.4391 0.2301 0.3543, -1.378 0.2382 0.3543, -1.3168 0.2301 0.3543, -1.2598 0.2065 0.3543, -1.2109 0.169 0.3543, -1.1734 0.1201 0.3543, -1.1498 0.0631 0.3543, -1.7717 0.002 0.3543, -1.7582 0.1039 0.3543, -1.7189 0.1988 0.3543, -1.6563 0.2804 0.3543, -1.5748 0.3429 0.3543, -1.4798 0.3823 0.3543, -1.378 0.3957 0.3543, -1.2761 0.3823 0.3543, -1.1811 0.3429 0.3543, -1.0996 0.2804 0.3543, -1.037 0.1988 0.3543, -0.9977 0.1039 0.3543, 0.3937 0.002 0.3543, 0.2362 0.002 0.3543, -0.2362 0.002 0.3543, -0.2282 0.0631 0.3543, -0.2046 0.1201 0.3543, -0.167 0.169 0.3543, -0.1181 0.2065 0.3543, -0.0611 0.2301 0.3543, 0.0 0.2382 0.3543, 0.0611 0.2301 0.3543, 0.1181 0.2065 0.3543, 0.167 0.169 0.3543, 0.2046 0.1201 0.3543, 0.2282 0.0631 0.3543, -0.3937 0.002 0.3543, -0.3803 0.1039 0.3543, -0.341 0.1988 0.3543, -0.2784 0.2804 0.3543, -0.1969 0.3429 0.3543, -0.1019 0.3823 0.3543, 0.0 0.3957 0.3543, 0.1019 0.3823 0.3543, 0.1969 0.3429 0.3543, 0.2784 0.2804 0.3543, 0.341 0.1988 0.3543, 0.3803 0.1039 0.3543, 1.7717 0.002 0.3543, 1.6142 0.002 0.3543, 1.1417 0.002 0.3543, 1.1498 0.0631 0.3543, 1.1734 0.1201 0.3543, 1.2109 0.169 0.3543, 1.2598 0.2065 0.3543, 1.3168 0.2301 0.3543, 1.378 0.2382 0.3543, 1.4391 0.2301 0.3543, 1.4961 0.2065 0.3543, 1.545 0.169 0.3543, 1.5825 0.1201 0.3543, 1.6061 0.0631 0.3543, 0.9843 0.002 0.3543, 0.9977 0.1039 0.3543, 1.037 0.1988 0.3543, 1.0996 0.2804 0.3543, 1.1811 0.3429 0.3543, 1.2761 0.3823 0.3543, 1.378 0.3957 0.3543, 1.4798 0.3823 0.3543, 1.5748 0.3429 0.3543, 1.6563 0.2804 0.3543, 1.7189 0.1988 0.3543, 1.7582 0.1039 0.3543
            ]
        }
        coordIndex [
            0,1,2,-1,2,1,3,-1,2,3,4,-1,4,3,5,-1,4,5,6,-1,6,5,7,-1,6,7,8,-1,8,7,9,-1,8,9,10,-1,10,9,11,-1,10,11,12,-1,12,11,13,-1,12,13,14,-1,14,13,15,-1,14,15,16,-1,16,15,17,-1,16,17,18,-1,18,17,19,-1,18,19,20,-1,20,19,21,-1,20,21,22,-1,22,21,23,-1,22,23,24,-1,24,23,25,-1,26,27,28,-1,28,27,29,-1,28,29,30,-1,30,29,31,-1,30,31,32,-1,32,31,33,-1,32,33,34,-1,34,33,35,-1,34,35,36,-1,36,35,37,-1,36,37,38,-1,38,37,39,-1,38,39,40,-1,40,39,41,-1,40,41,42,-1,42,41,43,-1,42,43,44,-1,44,43,45,-1,44,45,46,-1,46,45,47,-1,46,47,48,-1,48,47,49,-1,48,49,50,-1,50,49,51,-1,52,53,54,-1,54,53,55,-1,54,55,56,-1,56,55,57,-1,56,57,58,-1,58,57,59,-1,58,59,60,-1,60,59,61,-1,60,61,62,-1,62,61,63,-1,62,63,64,-1,64,63,65,-1,64,65,66,-1,66,65,67,-1,66,67,68,-1,68,67,69,-1,68,69,70,-1,70,69,71,-1,70,71,72,-1,72,71,73,-1,72,73,74,-1,74,73,75,-1,74,75,76,-1,76,75,77,-1,78,79,25,-1,25,79,24,-1,80,0,81,-1,81,0,2,-1,81,2,82,-1,82,2,4,-1,82,4,83,-1,83,4,6,-1,83,6,84,-1,84,6,8,-1,84,8,85,-1,85,8,10,-1,85,10,86,-1,86,10,12,-1,86,12,87,-1,87,12,14,-1,87,14,88,-1,88,14,16,-1,88,16,89,-1,89,16,18,-1,89,18,90,-1,90,18,20,-1,90,20,91,-1,91,20,22,-1,91,22,79,-1,79,22,24,-1,1,0,92,-1,92,0,80,-1,1,92,93,-1,1,93,3,-1,3,93,94,-1,3,94,5,-1,5,94,95,-1,5,95,7,-1,7,95,96,-1,7,96,9,-1,9,96,97,-1,9,97,11,-1,11,97,98,-1,11,98,13,-1,13,98,99,-1,13,99,15,-1,15,99,100,-1,15,100,17,-1,17,100,101,-1,17,101,19,-1,19,101,102,-1,19,102,21,-1,21,102,103,-1,21,103,23,-1,23,103,78,-1,23,78,25,-1,104,105,51,-1,51,105,50,-1,106,26,107,-1,107,26,28,-1,107,28,108,-1,108,28,30,-1,108,30,109,-1,109,30,32,-1,109,32,110,-1,110,32,34,-1,110,34,111,-1,111,34,36,-1,111,36,112,-1,112,36,38,-1,112,38,113,-1,113,38,40,-1,113,40,114,-1,114,40,42,-1,114,42,115,-1,115,42,44,-1,115,44,116,-1,116,44,46,-1,116,46,117,-1,117,46,48,-1,117,48,105,-1,105,48,50,-1,27,26,118,-1,118,26,106,-1,27,118,119,-1,27,119,29,-1,29,119,120,-1,29,120,31,-1,31,120,121,-1,31,121,33,-1,33,121,122,-1,33,122,35,-1,35,122,123,-1,35,123,37,-1,37,123,124,-1,37,124,39,-1,39,124,125,-1,39,125,41,-1,41,125,126,-1,41,126,43,-1,43,126,127,-1,43,127,45,-1,45,127,128,-1,45,128,47,-1,47,128,129,-1,47,129,49,-1,49,129,104,-1,49,104,51,-1,130,131,77,-1,77,131,76,-1,132,52,133,-1,133,52,54,-1,133,54,134,-1,134,54,56,-1,134,56,135,-1,135,56,58,-1,135,58,136,-1,136,58,60,-1,136,60,137,-1,137,60,62,-1,137,62,138,-1,138,62,64,-1,138,64,139,-1,139,64,66,-1,139,66,140,-1,140,66,68,-1,140,68,141,-1,141,68,70,-1,141,70,142,-1,142,70,72,-1,142,72,143,-1,143,72,74,-1,143,74,131,-1,131,74,76,-1,53,52,144,-1,144,52,132,-1,53,144,145,-1,53,145,55,-1,55,145,146,-1,55,146,57,-1,57,146,147,-1,57,147,59,-1,59,147,148,-1,59,148,61,-1,61,148,149,-1,61,149,63,-1,63,149,150,-1,63,150,65,-1,65,150,151,-1,65,151,67,-1,67,151,152,-1,67,152,69,-1,69,152,153,-1,69,153,71,-1,71,153,154,-1,71,154,73,-1,73,154,155,-1,73,155,75,-1,75,155,130,-1,75,130,77,-1,
        ]
    }
}
Shape{
    appearance Appearance {
        material  Material 	{
            diffuseColor 1.0 0.6431372549019608 0.1803921568627451
            specularColor 0.5019607843137255 0.3215686274509804 0.09019607843137255
            ambientIntensity 0.6971
            transparency 0.0
            shininess 0.5
        }
    }
    geometry IndexedFaceSet {
        ccw TRUE
        solid FALSE
        coord DEF co Coordinate {
            point [
                -1.1614 -0.3731 0.3543, -1.2659 -0.4163 0.3543, -1.1417 0.002 0.3543, -1.0717 -0.3043 0.3543, -1.378 -0.4311 0.3543, -1.6142 0.002 0.3543, -1.49 -0.4163 0.3543, -1.5945 -0.3731 0.3543, -1.7963 -0.1101 0.3543, -1.7717 0.002 0.3543, -1.753 -0.2146 0.3543, -1.6842 -0.3043 0.3543, -1.2598 0.2065 0.3543, -1.2109 0.169 0.3543, -1.5825 0.1201 0.3543, -1.811 0.002 0.3543, -1.7963 0.1141 0.3543, -1.7582 0.1039 0.3543, -1.6061 0.0631 0.3543, -1.4961 0.2065 0.3543, -1.4391 0.2301 0.3543, -1.378 0.2382 0.3543, -1.545 0.169 0.3543, -1.1734 0.1201 0.3543, -1.1498 0.0631 0.3543, -0.9843 0.002 0.3543, -0.9596 -0.1101 0.3543, -1.0029 -0.2146 0.3543, -1.3168 0.2301 0.3543, -1.7189 0.1988 0.3543, -1.753 0.2185 0.3543, -1.6563 0.2804 0.3543, -1.6842 0.3082 0.3543, -1.5748 0.3429 0.3543, -1.5945 0.377 0.3543, -1.4798 0.3823 0.3543, -1.49 0.4203 0.3543, -1.378 0.3957 0.3543, -1.378 0.435 0.3543, -1.2761 0.3823 0.3543, -1.2659 0.4203 0.3543, -1.1811 0.3429 0.3543, -1.1614 0.377 0.3543, -1.0996 0.2804 0.3543, -1.0717 0.3082 0.3543, -1.037 0.1988 0.3543, -1.0029 0.2185 0.3543, -0.9977 0.1039 0.3543, -0.9596 0.1141 0.3543, -0.9449 0.002 0.3543, 0.2165 -0.3731 0.3543, 0.1121 -0.4163 0.3543, 0.2362 0.002 0.3543, 0.3062 -0.3043 0.3543, 0.4331 0.002 0.3543, 0.4183 -0.1101 0.3543, 0.3937 0.002 0.3543, 0.0 -0.4311 0.3543, -0.2362 0.002 0.3543, -0.1121 -0.4163 0.3543, -0.2165 -0.3731 0.3543, -0.4183 -0.1101 0.3543, -0.3937 0.002 0.3543, -0.3751 -0.2146 0.3543, -0.3062 -0.3043 0.3543, 0.3751 -0.2146 0.3543, -0.2282 0.0631 0.3543, -0.2046 0.1201 0.3543, -0.167 0.169 0.3543, -0.1181 0.2065 0.3543, -0.0611 0.2301 0.3543, 0.0 0.2382 0.3543, 0.0611 0.2301 0.3543, 0.1181 0.2065 0.3543, 0.167 0.169 0.3543, 0.2046 0.1201 0.3543, 0.2282 0.0631 0.3543, 0.4183 0.1141 0.3543, 0.3803 0.1039 0.3543, 0.3751 0.2185 0.3543, 0.341 0.1988 0.3543, 0.3062 0.3082 0.3543, 0.2784 0.2804 0.3543, 0.2165 0.377 0.3543, 0.1969 0.3429 0.3543, 0.1121 0.4203 0.3543, 0.1019 0.3823 0.3543, 0.0 0.435 0.3543, 0.0 0.3957 0.3543, -0.1121 0.4203 0.3543, -0.1019 0.3823 0.3543, -0.2165 0.377 0.3543, -0.1969 0.3429 0.3543, -0.3062 0.3082 0.3543, -0.2784 0.2804 0.3543, -0.3751 0.2185 0.3543, -0.341 0.1988 0.3543, -0.4183 0.1141 0.3543, -0.4331 0.002 0.3543, -0.3803 0.1039 0.3543, 1.378 -0.4311 0.3543, 1.2659 -0.4163 0.3543, 1.6142 0.002 0.3543, 1.1417 0.002 0.3543, 1.1614 -0.3731 0.3543, 1.7717 0.002 0.3543, 1.7963 -0.1101 0.3543, 1.753 -0.2146 0.3543, 1.6842 -0.3043 0.3543, 0.9977 0.1039 0.3543, 0.9843 0.002 0.3543, 0.9596 0.1141 0.3543, 0.9449 0.002 0.3543, 1.0717 -0.3043 0.3543, 1.0029 -0.2146 0.3543, 0.9596 -0.1101 0.3543, 1.1498 0.0631 0.3543, 1.1734 0.1201 0.3543, 1.5945 -0.3731 0.3543, 1.49 -0.4163 0.3543, 1.037 0.1988 0.3543, 1.0029 0.2185 0.3543, 1.0996 0.2804 0.3543, 1.0717 0.3082 0.3543, 1.1811 0.3429 0.3543, 1.1614 0.377 0.3543, 1.2761 0.3823 0.3543, 1.2659 0.4203 0.3543, 1.378 0.3957 0.3543, 1.378 0.435 0.3543, 1.4798 0.3823 0.3543, 1.49 0.4203 0.3543, 1.5748 0.3429 0.3543, 1.5945 0.377 0.3543, 1.6563 0.2804 0.3543, 1.6842 0.3082 0.3543, 1.7189 0.1988 0.3543, 1.753 0.2185 0.3543, 1.7582 0.1039 0.3543, 1.7963 0.1141 0.3543, 1.811 0.002 0.3543, 1.2109 0.169 0.3543, 1.5825 0.1201 0.3543, 1.6061 0.0631 0.3543, 1.2598 0.2065 0.3543, 1.3168 0.2301 0.3543, 1.378 0.2382 0.3543, 1.4391 0.2301 0.3543, 1.4961 0.2065 0.3543, 1.545 0.169 0.3543, -1.811 0.002 -0.0394, -1.7963 0.1141 -0.0394, -1.753 0.2185 -0.0394, -1.6842 0.3082 -0.0394, -1.5945 0.377 -0.0394, -1.49 0.4203 -0.0394, -1.378 0.435 -0.0394, -1.2659 0.4203 -0.0394, -1.1614 0.377 -0.0394, -1.0717 0.3082 -0.0394, -1.0029 0.2185 -0.0394, -0.9596 0.1141 -0.0394, -0.9449 0.002 -0.0394, -0.9596 -0.1101 -0.0394, -1.0029 -0.2146 -0.0394, -1.0717 -0.3043 -0.0394, -1.1614 -0.3731 -0.0394, -1.2659 -0.4163 -0.0394, -1.378 -0.4311 -0.0394, -1.49 -0.4163 -0.0394, -1.5945 -0.3731 -0.0394, -1.6842 -0.3043 -0.0394, -1.753 -0.2146 -0.0394, -1.7963 -0.1101 -0.0394, -0.4331 0.002 -0.0394, -0.4183 0.1141 -0.0394, -0.3751 0.2185 -0.0394, -0.3062 0.3082 -0.0394, -0.2165 0.377 -0.0394, -0.1121 0.4203 -0.0394, 0.0 0.435 -0.0394, 0.1121 0.4203 -0.0394, 0.2165 0.377 -0.0394, 0.3062 0.3082 -0.0394, 0.3751 0.2185 -0.0394, 0.4183 0.1141 -0.0394, 0.4331 0.002 -0.0394, 0.4183 -0.1101 -0.0394, 0.3751 -0.2146 -0.0394, 0.3062 -0.3043 -0.0394, 0.2165 -0.3731 -0.0394, 0.1121 -0.4163 -0.0394, 0.0 -0.4311 -0.0394, -0.1121 -0.4163 -0.0394, -0.2165 -0.3731 -0.0394, -0.3062 -0.3043 -0.0394, -0.3751 -0.2146 -0.0394, -0.4183 -0.1101 -0.0394, 0.9449 0.002 -0.0394, 0.9596 0.1141 -0.0394, 1.0029 0.2185 -0.0394, 1.0717 0.3082 -0.0394, 1.1614 0.377 -0.0394, 1.2659 0.4203 -0.0394, 1.378 0.435 -0.0394, 1.49 0.4203 -0.0394, 1.5945 0.377 -0.0394, 1.6842 0.3082 -0.0394, 1.753 0.2185 -0.0394, 1.7963 0.1141 -0.0394, 1.811 0.002 -0.0394, 1.7963 -0.1101 -0.0394, 1.753 -0.2146 -0.0394, 1.6842 -0.3043 -0.0394, 1.5945 -0.3731 -0.0394, 1.49 -0.4163 -0.0394, 1.378 -0.4311 -0.0394, 1.2659 -0.4163 -0.0394, 1.1614 -0.3731 -0.0394, 1.0717 -0.3043 -0.0394, 1.0029 -0.2146 -0.0394, 0.9596 -0.1101 -0.0394, -1.6427 -0.5478 -0.0394, -1.7217 -0.5022 -0.0394, -1.378 -0.6083 -0.0394, -1.9865 -0.0436 -0.0394, -1.9865 0.0476 -0.0394, -1.946 -0.221 -0.0394, -1.9729 -0.1338 -0.0394, 1.378 -0.6083 -0.0394, 1.8551 0.3824 -0.0394, -1.793 -0.4454 -0.0394, -1.8551 -0.3785 -0.0394, -1.9064 -0.3031 -0.0394, -1.4689 -0.6015 -0.0394, -1.5578 -0.5812 -0.0394, 1.7217 -0.5022 -0.0394, 1.6427 -0.5478 -0.0394, 1.8551 -0.3785 -0.0394, 1.793 -0.4454 -0.0394, 1.9865 0.0476 -0.0394, 1.9865 -0.0436 -0.0394, 1.9064 0.3071 -0.0394, 1.946 0.2249 -0.0394, 1.9729 0.1378 -0.0394, 1.6427 0.5518 -0.0394, 1.7217 0.5062 -0.0394, 1.793 0.4493 -0.0394, 1.378 0.6122 -0.0394, 1.4689 0.6054 -0.0394, 1.5578 0.5851 -0.0394, -1.8551 0.3824 -0.0394, -1.793 0.4493 -0.0394, 1.9729 -0.1338 -0.0394, 1.946 -0.221 -0.0394, 1.9064 -0.3031 -0.0394, -1.4689 0.6054 -0.0394, -1.378 0.6122 -0.0394, -1.7217 0.5062 -0.0394, -1.6427 0.5518 -0.0394, -1.5578 0.5851 -0.0394, -1.9729 0.1378 -0.0394, -1.946 0.2249 -0.0394, -1.9064 0.3071 -0.0394, 1.4689 -0.6015 -0.0394, 1.5578 -0.5812 -0.0394, -1.378 0.9272 0.5512, -1.378 0.9374 0.5498, -1.5 0.9294 0.5498, -1.378 0.9469 0.5459, -1.5013 0.9388 0.5459, -1.378 0.955 0.5397, -1.5023 0.9469 0.5397, -1.378 0.9613 0.5315, -1.5032 0.9531 0.5315, -1.378 0.9652 0.522, -1.5037 0.957 0.522, -1.378 0.9665 0.5118, -1.5039 0.9583 0.5118, -1.7073 0.9066 0.5118, -1.7466 0.8919 0.522, -1.6273 0.9324 0.522, -1.5451 0.9501 0.5118, -1.6276 0.9337 0.5118, -2.1155 0.6208 0.5118, -2.1421 0.5883 0.522, -2.0591 0.6831 0.522, -1.7471 0.8931 0.5118, -1.8602 0.8373 0.5118, -1.8596 0.8361 0.522, -1.9651 0.7672 0.5118, -1.9643 0.7661 0.522, -1.9968 0.7395 0.5118, -2.06 0.684 0.5118, -2.3261 0.1691 0.5118, -2.3329 0.1277 0.522, -2.3084 0.2513 0.522, -2.1432 0.5892 0.5118, -2.2133 0.4843 0.5118, -2.2121 0.4836 0.522, -2.2691 0.3711 0.5118, -2.2679 0.3706 0.522, -2.2826 0.3313 0.5118, -2.3097 0.2516 0.5118, -2.3343 0.1279 0.5118, -2.3425 0.002 0.5118, -2.3412 0.002 0.522, -1.6262 0.9286 0.5315, -1.7451 0.8882 0.5315, -1.8576 0.8327 0.5315, -1.9619 0.763 0.5315, -2.0563 0.6803 0.5315, -2.139 0.5859 0.5315, -2.2087 0.4816 0.5315, -2.2642 0.3691 0.5315, -2.3046 0.2503 0.5315, -2.329 0.1272 0.5315, -2.3372 0.002 0.5315, -1.6246 0.9225 0.5397, -1.7427 0.8825 0.5397, -1.8545 0.8273 0.5397, -1.9581 0.7581 0.5397, -2.0519 0.6759 0.5397, -2.134 0.5821 0.5397, -2.2033 0.4785 0.5397, -2.2584 0.3667 0.5397, -2.2985 0.2486 0.5397, -2.3228 0.1264 0.5397, -2.331 0.002 0.5397, -1.6225 0.9147 0.5459, -1.7395 0.8749 0.5459, -1.8504 0.8203 0.5459, -1.9532 0.7516 0.5459, -2.0461 0.6701 0.5459, -2.1276 0.5772 0.5459, -2.1962 0.4744 0.5459, -2.2509 0.3636 0.5459, -2.2906 0.2465 0.5459, -2.3148 0.1253 0.5459, -2.3228 0.002 0.5459, -1.62 0.9055 0.5498, -1.7359 0.8662 0.5498, -1.8456 0.812 0.5498, -1.9474 0.7441 0.5498, -2.0394 0.6634 0.5498, -2.12 0.5714 0.5498, -2.188 0.4697 0.5498, -2.2421 0.3599 0.5498, -2.2815 0.2441 0.5498, -2.3053 0.1241 0.5498, -2.3133 0.002 0.5498, -1.4987 0.9193 0.5512, -1.6174 0.8956 0.5512, -1.732 0.8567 0.5512, -1.8406 0.8032 0.5512, -1.9412 0.736 0.5512, -2.0322 0.6562 0.5512, -2.112 0.5652 0.5512, -2.1792 0.4646 0.5512, -2.2327 0.356 0.5512, -2.2716 0.2414 0.5512, -2.2952 0.1227 0.5512, -2.3031 0.002 0.5512, 1.378 0.9272 0.5512, 1.378 0.9374 0.5498, 1.378 0.9469 0.5459, 1.378 0.955 0.5397, 1.378 0.9613 0.5315, 1.378 0.9652 0.522, 1.378 0.9665 0.5118, -2.3053 -0.1201 0.5498, -2.3148 -0.1214 0.5459, -2.3228 -0.1224 0.5397, -2.329 -0.1232 0.5315, -2.3329 -0.1238 0.522, -2.3343 -0.1239 0.5118, -2.2826 -0.3273 0.5118, -2.2679 -0.3666 0.522, -2.3084 -0.2473 0.522, -2.3261 -0.1652 0.5118, -2.3097 -0.2477 0.5118, -1.9968 -0.7356 0.5118, -1.9643 -0.7622 0.522, -2.0591 -0.6791 0.522, -2.2691 -0.3672 0.5118, -2.2133 -0.4803 0.5118, -2.2121 -0.4796 0.522, -2.1432 -0.5852 0.5118, -2.1421 -0.5844 0.522, -2.1155 -0.6168 0.5118, -2.06 -0.6801 0.5118, -1.5451 -0.9461 0.5118, -1.5037 -0.953 0.522, -1.6273 -0.9284 0.522, -1.9651 -0.7633 0.5118, -1.8602 -0.8334 0.5118, -1.8596 -0.8322 0.522, -1.7471 -0.8892 0.5118, -1.7466 -0.8879 0.522, -1.7073 -0.9027 0.5118, -1.6276 -0.9297 0.5118, -1.5039 -0.9543 0.5118, -1.378 -0.9626 0.5118, -1.378 -0.9613 0.522, -2.3046 -0.2463 0.5315, -2.2642 -0.3651 0.5315, -2.2087 -0.4777 0.5315, -2.139 -0.582 0.5315, -2.0563 -0.6764 0.5315, -1.9619 -0.7591 0.5315, -1.8576 -0.8288 0.5315, -1.7451 -0.8843 0.5315, -1.6262 -0.9246 0.5315, -1.5032 -0.9491 0.5315, -1.378 -0.9573 0.5315, -2.2985 -0.2447 0.5397, -2.2584 -0.3627 0.5397, -2.2033 -0.4745 0.5397, -2.134 -0.5782 0.5397, -2.0519 -0.6719 0.5397, -1.9581 -0.7541 0.5397, -1.8545 -0.8234 0.5397, -1.7427 -0.8785 0.5397, -1.6246 -0.9186 0.5397, -1.5023 -0.9429 0.5397, -1.378 -0.9511 0.5397, -2.2906 -0.2426 0.5459, -2.2509 -0.3596 0.5459, -2.1962 -0.4705 0.5459, -2.1276 -0.5732 0.5459, -2.0461 -0.6662 0.5459, -1.9532 -0.7477 0.5459, -1.8504 -0.8163 0.5459, -1.7395 -0.871 0.5459, -1.6225 -0.9107 0.5459, -1.5013 -0.9348 0.5459, -1.378 -0.9429 0.5459, -2.2815 -0.2401 0.5498, -2.2421 -0.356 0.5498, -2.188 -0.4657 0.5498, -2.12 -0.5675 0.5498, -2.0394 -0.6594 0.5498, -1.9474 -0.7401 0.5498, -1.8456 -0.8081 0.5498, -1.7359 -0.8622 0.5498, -1.62 -0.9015 0.5498, -1.5 -0.9254 0.5498, -1.378 -0.9334 0.5498, -2.2952 -0.1188 0.5512, -2.2716 -0.2375 0.5512, -2.2327 -0.3521 0.5512, -2.1792 -0.4606 0.5512, -2.112 -0.5613 0.5512, -2.0322 -0.6522 0.5512, -1.9412 -0.732 0.5512, -1.8406 -0.7993 0.5512, -1.732 -0.8528 0.5512, -1.6174 -0.8917 0.5512, -1.4987 -0.9153 0.5512, -1.378 -0.9232 0.5512, 2.3031 0.002 0.5512, 2.3133 0.002 0.5498, 2.3053 0.1241 0.5498, 2.3228 0.002 0.5459, 2.3148 0.1253 0.5459, 2.331 0.002 0.5397, 2.3228 0.1264 0.5397, 2.3372 0.002 0.5315, 2.329 0.1272 0.5315, 2.3412 0.002 0.522, 2.3329 0.1277 0.522, 2.3425 0.002 0.5118, 2.3343 0.1279 0.5118, 2.2826 0.3313 0.5118, 2.2679 0.3706 0.522, 2.3084 0.2513 0.522, 2.3261 0.1691 0.5118, 2.3097 0.2516 0.5118, 1.9968 0.7395 0.5118, 1.9643 0.7661 0.522, 2.0591 0.6831 0.522, 2.2691 0.3711 0.5118, 2.2133 0.4843 0.5118, 2.2121 0.4836 0.522, 2.1432 0.5892 0.5118, 2.1421 0.5883 0.522, 2.1155 0.6208 0.5118, 2.06 0.684 0.5118, 1.5451 0.9501 0.5118, 1.5037 0.957 0.522, 1.6273 0.9324 0.522, 1.9651 0.7672 0.5118, 1.8602 0.8373 0.5118, 1.8596 0.8361 0.522, 1.7471 0.8931 0.5118, 1.7466 0.8919 0.522, 1.7073 0.9066 0.5118, 1.6276 0.9337 0.5118, 1.5039 0.9583 0.5118, 2.3046 0.2503 0.5315, 2.2642 0.3691 0.5315, 2.2087 0.4816 0.5315, 2.139 0.5859 0.5315, 2.0563 0.6803 0.5315, 1.9619 0.763 0.5315, 1.8576 0.8327 0.5315, 1.7451 0.8882 0.5315, 1.6262 0.9286 0.5315, 1.5032 0.9531 0.5315, 2.2985 0.2486 0.5397, 2.2584 0.3667 0.5397, 2.2033 0.4785 0.5397, 2.134 0.5821 0.5397, 2.0519 0.6759 0.5397, 1.9581 0.7581 0.5397, 1.8545 0.8273 0.5397, 1.7427 0.8825 0.5397, 1.6246 0.9225 0.5397, 1.5023 0.9469 0.5397, 2.2906 0.2465 0.5459, 2.2509 0.3636 0.5459, 2.1962 0.4744 0.5459, 2.1276 0.5772 0.5459, 2.0461 0.6701 0.5459, 1.9532 0.7516 0.5459, 1.8504 0.8203 0.5459, 1.7395 0.8749 0.5459, 1.6225 0.9147 0.5459, 1.5013 0.9388 0.5459, 2.2815 0.2441 0.5498, 2.2421 0.3599 0.5498, 2.188 0.4697 0.5498, 2.12 0.5714 0.5498, 2.0394 0.6634 0.5498, 1.9474 0.7441 0.5498, 1.8456 0.812 0.5498, 1.7359 0.8662 0.5498, 1.62 0.9055 0.5498, 1.5 0.9294 0.5498, 2.2952 0.1227 0.5512, 2.2716 0.2414 0.5512, 2.2327 0.356 0.5512, 2.1792 0.4646 0.5512, 2.112 0.5652 0.5512, 2.0322 0.6562 0.5512, 1.9412 0.736 0.5512, 1.8406 0.8032 0.5512, 1.732 0.8567 0.5512, 1.6174 0.8956 0.5512, 1.4987 0.9193 0.5512, 1.378 -0.9232 0.5512, 1.378 -0.9334 0.5498, 1.378 -0.9429 0.5459, 1.378 -0.9511 0.5397, 1.378 -0.9573 0.5315, 1.378 -0.9613 0.522, 1.378 -0.9626 0.5118, 1.5 -0.9254 0.5498, 1.5013 -0.9348 0.5459, 1.5023 -0.9429 0.5397, 1.5032 -0.9491 0.5315, 1.5037 -0.953 0.522, 1.5039 -0.9543 0.5118, 1.7073 -0.9027 0.5118, 1.7466 -0.8879 0.522, 1.6273 -0.9284 0.522, 1.5451 -0.9461 0.5118, 1.6276 -0.9297 0.5118, 2.1155 -0.6168 0.5118, 2.1421 -0.5844 0.522, 2.0591 -0.6791 0.522, 1.7471 -0.8892 0.5118, 1.8602 -0.8334 0.5118, 1.8596 -0.8322 0.522, 1.9651 -0.7633 0.5118, 1.9643 -0.7622 0.522, 1.9968 -0.7356 0.5118, 2.06 -0.6801 0.5118, 2.3261 -0.1652 0.5118, 2.3329 -0.1238 0.522, 2.3084 -0.2473 0.522, 2.1432 -0.5852 0.5118, 2.2133 -0.4803 0.5118, 2.2121 -0.4796 0.522, 2.2691 -0.3672 0.5118, 2.2679 -0.3666 0.522, 2.2826 -0.3273 0.5118, 2.3097 -0.2477 0.5118, 2.3343 -0.1239 0.5118, 1.6262 -0.9246 0.5315, 1.7451 -0.8843 0.5315, 1.8576 -0.8288 0.5315, 1.9619 -0.7591 0.5315, 2.0563 -0.6764 0.5315, 2.139 -0.582 0.5315, 2.2087 -0.4777 0.5315, 2.2642 -0.3651 0.5315, 2.3046 -0.2463 0.5315, 2.329 -0.1232 0.5315, 1.6246 -0.9186 0.5397, 1.7427 -0.8785 0.5397, 1.8545 -0.8234 0.5397, 1.9581 -0.7541 0.5397, 2.0519 -0.6719 0.5397, 2.134 -0.5782 0.5397, 2.2033 -0.4745 0.5397, 2.2584 -0.3627 0.5397, 2.2985 -0.2447 0.5397, 2.3228 -0.1224 0.5397, 1.6225 -0.9107 0.5459, 1.7395 -0.871 0.5459, 1.8504 -0.8163 0.5459, 1.9532 -0.7477 0.5459, 2.0461 -0.6662 0.5459, 2.1276 -0.5732 0.5459, 2.1962 -0.4705 0.5459, 2.2509 -0.3596 0.5459, 2.2906 -0.2426 0.5459, 2.3148 -0.1214 0.5459, 1.62 -0.9015 0.5498, 1.7359 -0.8622 0.5498, 1.8456 -0.8081 0.5498, 1.9474 -0.7401 0.5498, 2.0394 -0.6594 0.5498, 2.12 -0.5675 0.5498, 2.188 -0.4657 0.5498, 2.2421 -0.356 0.5498, 2.2815 -0.2401 0.5498, 2.3053 -0.1201 0.5498, 1.4987 -0.9153 0.5512, 1.6174 -0.8917 0.5512, 1.732 -0.8528 0.5512, 1.8406 -0.7993 0.5512, 1.9412 -0.732 0.5512, 2.0322 -0.6522 0.5512, 2.112 -0.5613 0.5512, 2.1792 -0.4606 0.5512, 2.2327 -0.3521 0.5512, 2.2716 -0.2375 0.5512, 2.2952 -0.1188 0.5512, -2.3261 0.1691 0.3937, -2.3097 0.2516 0.3937, -2.3084 0.2513 0.3835, -2.2826 0.3313 0.3937, -2.2691 0.3711 0.3937, -2.2679 0.3706 0.3835, -2.1155 0.6208 0.3937, -2.06 0.684 0.3937, -2.0591 0.6831 0.3835, -1.9968 0.7395 0.3937, -1.9651 0.7672 0.3937, -1.9643 0.7661 0.3835, -1.7073 0.9066 0.3937, -1.6276 0.9337 0.3937, -1.6273 0.9324 0.3835, -1.5451 0.9501 0.3937, -1.5039 0.9583 0.3937, -1.5037 0.957 0.3835, -1.378 0.9272 0.3543, -1.4987 0.9193 0.3543, -1.378 0.9374 0.3557, -1.5 0.9294 0.3557, -1.378 0.9469 0.3596, -1.5013 0.9388 0.3596, -1.378 0.955 0.3659, -1.5023 0.9469 0.3659, -1.378 0.9613 0.374, -1.5032 0.9531 0.374, -1.378 0.9652 0.3835, -1.378 0.9665 0.3937, -1.6174 0.8956 0.3543, -1.62 0.9055 0.3557, -1.6225 0.9147 0.3596, -1.6246 0.9225 0.3659, -1.6262 0.9286 0.374, -1.7471 0.8931 0.3937, -1.7466 0.8919 0.3835, -1.7451 0.8882 0.374, -1.7427 0.8825 0.3659, -1.7395 0.8749 0.3596, -1.7359 0.8662 0.3557, -1.732 0.8567 0.3543, -1.8406 0.8032 0.3543, -1.8456 0.812 0.3557, -1.8504 0.8203 0.3596, -1.8545 0.8273 0.3659, -1.8576 0.8327 0.374, -1.8596 0.8361 0.3835, -1.8602 0.8373 0.3937, -1.9412 0.736 0.3543, -1.9474 0.7441 0.3557, -1.9532 0.7516 0.3596, -1.9581 0.7581 0.3659, -1.9619 0.763 0.374, -2.0322 0.6562 0.3543, -2.0394 0.6634 0.3557, -2.0461 0.6701 0.3596, -2.0519 0.6759 0.3659, -2.0563 0.6803 0.374, -2.1432 0.5892 0.3937, -2.1421 0.5883 0.3835, -2.139 0.5859 0.374, -2.134 0.5821 0.3659, -2.1276 0.5772 0.3596, -2.12 0.5714 0.3557, -2.112 0.5652 0.3543, -2.1792 0.4646 0.3543, -2.188 0.4697 0.3557, -2.1962 0.4744 0.3596, -2.2033 0.4785 0.3659, -2.2087 0.4816 0.374, -2.2121 0.4836 0.3835, -2.2133 0.4843 0.3937, -2.2327 0.356 0.3543, -2.2421 0.3599 0.3557, -2.2509 0.3636 0.3596, -2.2584 0.3667 0.3659, -2.2642 0.3691 0.374, -2.2716 0.2414 0.3543, -2.2815 0.2441 0.3557, -2.2906 0.2465 0.3596, -2.2985 0.2486 0.3659, -2.3046 0.2503 0.374, -2.3343 0.1279 0.3937, -2.3329 0.1277 0.3835, -2.329 0.1272 0.374, -2.3228 0.1264 0.3659, -2.3148 0.1253 0.3596, -2.3053 0.1241 0.3557, -2.2952 0.1227 0.3543, -2.3031 0.002 0.3543, -2.3133 0.002 0.3557, -2.3228 0.002 0.3596, -2.331 0.002 0.3659, -2.3372 0.002 0.374, -2.3412 0.002 0.3835, -2.3425 0.002 0.3937, 1.378 0.9272 0.3543, 1.378 0.9374 0.3557, 1.378 0.9469 0.3596, 1.378 0.955 0.3659, 1.378 0.9613 0.374, 1.378 0.9652 0.3835, 1.378 0.9665 0.3937, -1.5451 -0.9461 0.3937, -1.6276 -0.9297 0.3937, -1.6273 -0.9284 0.3835, -1.7073 -0.9027 0.3937, -1.7471 -0.8892 0.3937, -1.7466 -0.8879 0.3835, -1.9968 -0.7356 0.3937, -2.06 -0.6801 0.3937, -2.0591 -0.6791 0.3835, -2.1155 -0.6168 0.3937, -2.1432 -0.5852 0.3937, -2.1421 -0.5844 0.3835, -2.2826 -0.3273 0.3937, -2.3097 -0.2477 0.3937, -2.3084 -0.2473 0.3835, -2.3261 -0.1652 0.3937, -2.3343 -0.1239 0.3937, -2.3329 -0.1238 0.3835, -2.2952 -0.1188 0.3543, -2.3053 -0.1201 0.3557, -2.3148 -0.1214 0.3596, -2.3228 -0.1224 0.3659, -2.329 -0.1232 0.374, -2.2716 -0.2375 0.3543, -2.2815 -0.2401 0.3557, -2.2906 -0.2426 0.3596, -2.2985 -0.2447 0.3659, -2.3046 -0.2463 0.374, -2.2691 -0.3672 0.3937, -2.2679 -0.3666 0.3835, -2.2642 -0.3651 0.374, -2.2584 -0.3627 0.3659, -2.2509 -0.3596 0.3596, -2.2421 -0.356 0.3557, -2.2327 -0.3521 0.3543, -2.1792 -0.4606 0.3543, -2.188 -0.4657 0.3557, -2.1962 -0.4705 0.3596, -2.2033 -0.4745 0.3659, -2.2087 -0.4777 0.374, -2.2121 -0.4796 0.3835, -2.2133 -0.4803 0.3937, -2.112 -0.5613 0.3543, -2.12 -0.5675 0.3557, -2.1276 -0.5732 0.3596, -2.134 -0.5782 0.3659, -2.139 -0.582 0.374, -2.0322 -0.6522 0.3543, -2.0394 -0.6594 0.3557, -2.0461 -0.6662 0.3596, -2.0519 -0.6719 0.3659, -2.0563 -0.6764 0.374, -1.9651 -0.7633 0.3937, -1.9643 -0.7622 0.3835, -1.9619 -0.7591 0.374, -1.9581 -0.7541 0.3659, -1.9532 -0.7477 0.3596, -1.9474 -0.7401 0.3557, -1.9412 -0.732 0.3543, -1.8406 -0.7993 0.3543, -1.8456 -0.8081 0.3557, -1.8504 -0.8163 0.3596, -1.8545 -0.8234 0.3659, -1.8576 -0.8288 0.374, -1.8596 -0.8322 0.3835, -1.8602 -0.8334 0.3937, -1.732 -0.8528 0.3543, -1.7359 -0.8622 0.3557, -1.7395 -0.871 0.3596, -1.7427 -0.8785 0.3659, -1.7451 -0.8843 0.374, -1.6174 -0.8917 0.3543, -1.62 -0.9015 0.3557, -1.6225 -0.9107 0.3596, -1.6246 -0.9186 0.3659, -1.6262 -0.9246 0.374, -1.5039 -0.9543 0.3937, -1.5037 -0.953 0.3835, -1.5032 -0.9491 0.374, -1.5023 -0.9429 0.3659, -1.5013 -0.9348 0.3596, -1.5 -0.9254 0.3557, -1.4987 -0.9153 0.3543, -1.378 -0.9232 0.3543, -1.378 -0.9334 0.3557, -1.378 -0.9429 0.3596, -1.378 -0.9511 0.3659, -1.378 -0.9573 0.374, -1.378 -0.9613 0.3835, -1.378 -0.9626 0.3937, 1.5451 0.9501 0.3937, 1.6276 0.9337 0.3937, 1.6273 0.9324 0.3835, 1.7073 0.9066 0.3937, 1.7471 0.8931 0.3937, 1.7466 0.8919 0.3835, 1.9968 0.7395 0.3937, 2.06 0.684 0.3937, 2.0591 0.6831 0.3835, 2.1155 0.6208 0.3937, 2.1432 0.5892 0.3937, 2.1421 0.5883 0.3835, 2.2826 0.3313 0.3937, 2.3097 0.2516 0.3937, 2.3084 0.2513 0.3835, 2.3261 0.1691 0.3937, 2.3343 0.1279 0.3937, 2.3329 0.1277 0.3835, 2.3031 0.002 0.3543, 2.2952 0.1227 0.3543, 2.3133 0.002 0.3557, 2.3053 0.1241 0.3557, 2.3228 0.002 0.3596, 2.3148 0.1253 0.3596, 2.331 0.002 0.3659, 2.3228 0.1264 0.3659, 2.3372 0.002 0.374, 2.329 0.1272 0.374, 2.3412 0.002 0.3835, 2.3425 0.002 0.3937, 2.2716 0.2414 0.3543, 2.2815 0.2441 0.3557, 2.2906 0.2465 0.3596, 2.2985 0.2486 0.3659, 2.3046 0.2503 0.374, 2.2691 0.3711 0.3937, 2.2679 0.3706 0.3835, 2.2642 0.3691 0.374, 2.2584 0.3667 0.3659, 2.2509 0.3636 0.3596, 2.2421 0.3599 0.3557, 2.2327 0.356 0.3543, 2.1792 0.4646 0.3543, 2.188 0.4697 0.3557, 2.1962 0.4744 0.3596, 2.2033 0.4785 0.3659, 2.2087 0.4816 0.374, 2.2121 0.4836 0.3835, 2.2133 0.4843 0.3937, 2.112 0.5652 0.3543, 2.12 0.5714 0.3557, 2.1276 0.5772 0.3596, 2.134 0.5821 0.3659, 2.139 0.5859 0.374, 2.0322 0.6562 0.3543, 2.0394 0.6634 0.3557, 2.0461 0.6701 0.3596, 2.0519 0.6759 0.3659, 2.0563 0.6803 0.374, 1.9651 0.7672 0.3937, 1.9643 0.7661 0.3835, 1.9619 0.763 0.374, 1.9581 0.7581 0.3659, 1.9532 0.7516 0.3596, 1.9474 0.7441 0.3557, 1.9412 0.736 0.3543, 1.8406 0.8032 0.3543, 1.8456 0.812 0.3557, 1.8504 0.8203 0.3596, 1.8545 0.8273 0.3659, 1.8576 0.8327 0.374, 1.8596 0.8361 0.3835, 1.8602 0.8373 0.3937, 1.732 0.8567 0.3543, 1.7359 0.8662 0.3557, 1.7395 0.8749 0.3596, 1.7427 0.8825 0.3659, 1.7451 0.8882 0.374, 1.6174 0.8956 0.3543, 1.62 0.9055 0.3557, 1.6225 0.9147 0.3596, 1.6246 0.9225 0.3659, 1.6262 0.9286 0.374, 1.5039 0.9583 0.3937, 1.5037 0.957 0.3835, 1.5032 0.9531 0.374, 1.5023 0.9469 0.3659, 1.5013 0.9388 0.3596, 1.5 0.9294 0.3557, 1.4987 0.9193 0.3543, 1.378 -0.9232 0.3543, 1.378 -0.9334 0.3557, 1.378 -0.9429 0.3596, 1.378 -0.9511 0.3659, 1.378 -0.9573 0.374, 1.378 -0.9613 0.3835, 1.378 -0.9626 0.3937, 2.3261 -0.1652 0.3937, 2.3097 -0.2477 0.3937, 2.3084 -0.2473 0.3835, 2.2826 -0.3273 0.3937, 2.2691 -0.3672 0.3937, 2.2679 -0.3666 0.3835, 2.1155 -0.6168 0.3937, 2.06 -0.6801 0.3937, 2.0591 -0.6791 0.3835, 1.9968 -0.7356 0.3937, 1.9651 -0.7633 0.3937, 1.9643 -0.7622 0.3835, 1.7073 -0.9027 0.3937, 1.6276 -0.9297 0.3937, 1.6273 -0.9284 0.3835, 1.5451 -0.9461 0.3937, 1.5039 -0.9543 0.3937, 1.5037 -0.953 0.3835, 1.4987 -0.9153 0.3543, 1.5 -0.9254 0.3557, 1.5013 -0.9348 0.3596, 1.5023 -0.9429 0.3659, 1.5032 -0.9491 0.374, 1.6174 -0.8917 0.3543, 1.62 -0.9015 0.3557, 1.6225 -0.9107 0.3596, 1.6246 -0.9186 0.3659, 1.6262 -0.9246 0.374, 1.7471 -0.8892 0.3937, 1.7466 -0.8879 0.3835, 1.7451 -0.8843 0.374, 1.7427 -0.8785 0.3659, 1.7395 -0.871 0.3596, 1.7359 -0.8622 0.3557, 1.732 -0.8528 0.3543, 1.8406 -0.7993 0.3543, 1.8456 -0.8081 0.3557, 1.8504 -0.8163 0.3596, 1.8545 -0.8234 0.3659, 1.8576 -0.8288 0.374, 1.8596 -0.8322 0.3835, 1.8602 -0.8334 0.3937, 1.9412 -0.732 0.3543, 1.9474 -0.7401 0.3557, 1.9532 -0.7477 0.3596, 1.9581 -0.7541 0.3659, 1.9619 -0.7591 0.374, 2.0322 -0.6522 0.3543, 2.0394 -0.6594 0.3557, 2.0461 -0.6662 0.3596, 2.0519 -0.6719 0.3659, 2.0563 -0.6764 0.374, 2.1432 -0.5852 0.3937, 2.1421 -0.5844 0.3835, 2.139 -0.582 0.374, 2.134 -0.5782 0.3659, 2.1276 -0.5732 0.3596, 2.12 -0.5675 0.3557, 2.112 -0.5613 0.3543, 2.1792 -0.4606 0.3543, 2.188 -0.4657 0.3557, 2.1962 -0.4705 0.3596, 2.2033 -0.4745 0.3659, 2.2087 -0.4777 0.374, 2.2121 -0.4796 0.3835, 2.2133 -0.4803 0.3937, 2.2327 -0.3521 0.3543, 2.2421 -0.356 0.3557, 2.2509 -0.3596 0.3596, 2.2584 -0.3627 0.3659, 2.2642 -0.3651 0.374, 2.2716 -0.2375 0.3543, 2.2815 -0.2401 0.3557, 2.2906 -0.2426 0.3596, 2.2985 -0.2447 0.3659, 2.3046 -0.2463 0.374, 2.3343 -0.1239 0.3937, 2.3329 -0.1238 0.3835, 2.329 -0.1232 0.374, 2.3228 -0.1224 0.3659, 2.3148 -0.1214 0.3596, 2.3053 -0.1201 0.3557, 2.2952 -0.1188 0.3543, -1.378 -0.8343 0.9434, -1.378 -0.8357 0.9439, -1.4972 -0.8272 0.9439, -1.378 0.8383 0.9434, -1.378 0.8313 0.941, -1.496 0.8229 0.941, -1.378 -0.8249 0.9394, -1.378 -0.8274 0.941, -1.496 -0.819 0.941, -1.378 0.8289 0.9394, -1.378 0.8239 0.9363, -1.4949 0.8155 0.9363, -1.378 -0.8168 0.9332, -1.378 -0.8199 0.9363, -1.4949 -0.8116 0.9363, -1.378 0.8208 0.9332, -1.378 0.8176 0.9301, -1.494 0.8093 0.9301, -1.378 -0.8106 0.9251, -1.378 -0.8137 0.9301, -1.494 -0.8054 0.9301, -1.378 0.8145 0.9251, -1.378 0.813 0.9226, -1.4934 0.8047 0.9226, -1.378 -0.8066 0.9157, -1.378 -0.809 0.9226, -1.4934 -0.8008 0.9226, -1.378 0.8105 0.9157, -1.378 0.81 0.9143, -1.493 0.8018 0.9143, -1.378 0.8091 0.9055, -1.4928 0.8008 0.9055, -1.5453 0.7894 0.9055, -1.6056 0.7773 0.9143, -1.6053 0.7764 0.9055, -1.7136 0.737 0.9143, -1.706 0.7388 0.9055, -1.7132 0.7361 0.9055, -1.8148 0.6818 0.9143, -1.8143 0.6809 0.9055, -1.8512 0.6533 0.9055, -1.9071 0.6127 0.9143, -1.9065 0.6119 0.9055, -1.9887 0.5311 0.9143, -1.9771 0.5413 0.9055, -1.9879 0.5305 0.9055, -2.0577 0.4388 0.9143, -2.0569 0.4383 0.9055, -2.0753 0.4046 0.9055, -2.113 0.3377 0.9143, -2.1121 0.3372 0.9055, -2.1533 0.2296 0.9143, -2.1443 0.2509 0.9055, -2.1523 0.2294 0.9055, -2.1778 0.117 0.9143, -2.1768 0.1168 0.9055, -2.179 0.0862 0.9055, -2.186 0.002 0.9143, -2.185 0.002 0.9055, -2.179 -0.0823 0.9055, -2.1778 -0.113 0.9143, -2.1768 -0.1129 0.9055, -2.1533 -0.2257 0.9143, -2.1523 -0.2254 0.9055, -2.1443 -0.247 0.9055, -2.113 -0.3337 0.9143, -2.1121 -0.3333 0.9055, -2.0753 -0.4007 0.9055, -2.0577 -0.4349 0.9143, -2.0569 -0.4344 0.9055, -1.9887 -0.5272 0.9143, -1.9879 -0.5266 0.9055, -1.9771 -0.5374 0.9055, -1.9071 -0.6087 0.9143, -1.9065 -0.608 0.9055, -1.8512 -0.6494 0.9055, -1.8148 -0.6778 0.9143, -1.8143 -0.677 0.9055, -1.7136 -0.7331 0.9143, -1.7132 -0.7322 0.9055, -1.706 -0.7349 0.9055, -1.6056 -0.7734 0.9143, -1.378 -0.8051 0.9055, -1.378 -0.8061 0.9143, -1.4928 -0.7969 0.9055, -1.493 -0.7979 0.9143, -1.5453 -0.7855 0.9055, -1.6053 -0.7724 0.9055, -1.6064 -0.7762 0.9226, -1.7148 -0.7357 0.9226, -1.8164 -0.6803 0.9226, -1.909 -0.6109 0.9226, -1.9909 -0.5291 0.9226, -2.0602 -0.4365 0.9226, -2.1157 -0.3349 0.9226, -2.1561 -0.2265 0.9226, -2.1807 -0.1134 0.9226, -2.1889 0.002 0.9226, -2.1807 0.1174 0.9226, -2.1561 0.2304 0.9226, -2.1157 0.3389 0.9226, -2.0602 0.4404 0.9226, -1.9909 0.5331 0.9226, -1.909 0.6149 0.9226, -1.8164 0.6842 0.9226, -1.7148 0.7397 0.9226, -1.6064 0.7801 0.9226, -1.6078 -0.7807 0.9301, -1.7168 -0.74 0.9301, -1.8189 -0.6842 0.9301, -1.9121 -0.6145 0.9301, -1.9944 -0.5322 0.9301, -2.0641 -0.439 0.9301, -2.1199 -0.3369 0.9301, -2.1606 -0.2278 0.9301, -2.1853 -0.1141 0.9301, -2.1936 0.002 0.9301, -2.1853 0.1181 0.9301, -2.1606 0.2318 0.9301, -2.1199 0.3408 0.9301, -2.0641 0.443 0.9301, -1.9944 0.5361 0.9301, -1.9121 0.6184 0.9301, -1.8189 0.6882 0.9301, -1.7168 0.7439 0.9301, -1.6078 0.7846 0.9301, -1.6095 -0.7866 0.9363, -1.7194 -0.7457 0.9363, -1.8223 -0.6895 0.9363, -1.9162 -0.6192 0.9363, -1.9991 -0.5363 0.9363, -2.0694 -0.4424 0.9363, -2.1256 -0.3395 0.9363, -2.1666 -0.2296 0.9363, -2.1915 -0.115 0.9363, -2.1999 0.002 0.9363, -2.1915 0.1189 0.9363, -2.1666 0.2335 0.9363, -2.1256 0.3434 0.9363, -2.0694 0.4463 0.9363, -1.9991 0.5402 0.9363, -1.9162 0.6231 0.9363, -1.8223 0.6934 0.9363, -1.7194 0.7496 0.9363, -1.6095 0.7906 0.9363, -1.6116 -0.7938 0.941, -1.7225 -0.7525 0.941, -1.8263 -0.6957 0.941, -1.9211 -0.6248 0.941, -2.0048 -0.5412 0.941, -2.0757 -0.4464 0.941, -2.1324 -0.3426 0.941, -2.1737 -0.2317 0.941, -2.1989 -0.1161 0.941, -2.2073 0.002 0.941, -2.1989 0.12 0.941, -2.1737 0.2356 0.941, -2.1324 0.3465 0.941, -2.0757 0.4504 0.941, -2.0048 0.5451 0.941, -1.9211 0.6288 0.941, -1.8263 0.6997 0.941, -1.7225 0.7564 0.941, -1.6116 0.7977 0.941, -1.614 -0.8018 0.9439, -1.7259 -0.76 0.9439, -1.8308 -0.7027 0.9439, -1.9265 -0.6311 0.9439, -2.011 -0.5466 0.9439, -2.0827 -0.4509 0.9439, -2.1399 -0.346 0.9439, -2.1817 -0.234 0.9439, -2.2071 -0.1172 0.9439, -2.2156 0.002 0.9439, -2.2071 0.1212 0.9439, -2.1817 0.238 0.9439, -2.1399 0.35 0.9439, -2.0827 0.4549 0.9439, -2.011 0.5505 0.9439, -1.9265 0.6351 0.9439, -1.8308 0.7067 0.9439, -1.7259 0.764 0.9439, -1.614 0.8057 0.9439, -1.4972 0.8311 0.9439, -1.378 0.8397 0.9439, -1.378 -0.8445 0.9449, -1.4984 -0.8359 0.9449, -1.6164 -0.8102 0.9449, -1.7296 -0.768 0.9449, -1.8356 -0.7101 0.9449, -1.9323 -0.6377 0.9449, -2.0177 -0.5523 0.9449, -2.09 -0.4557 0.9449, -2.1479 -0.3497 0.9449, -2.1901 -0.2365 0.9449, -2.2158 -0.1185 0.9449, -2.2244 0.002 0.9449, -2.2158 0.1224 0.9449, -2.1901 0.2404 0.9449, -2.1479 0.3536 0.9449, -2.09 0.4596 0.9449, -2.0177 0.5563 0.9449, -1.9323 0.6417 0.9449, -1.8356 0.7141 0.9449, -1.7296 0.7719 0.9449, -1.6164 0.8141 0.9449, -1.4984 0.8398 0.9449, -1.378 0.8484 0.9449, 1.378 0.8091 0.9055, 1.378 0.81 0.9143, 1.378 0.8105 0.9157, 1.378 0.813 0.9226, 1.378 0.8145 0.9251, 1.378 0.8176 0.9301, 1.378 0.8208 0.9332, 1.378 0.8239 0.9363, 1.378 0.8289 0.9394, 1.378 0.8313 0.941, 1.378 0.8383 0.9434, 1.378 0.8397 0.9439, 1.378 0.8484 0.9449, 1.378 -0.8051 0.9055, 1.378 -0.8061 0.9143, 1.378 -0.8066 0.9157, 1.378 -0.809 0.9226, 1.378 -0.8106 0.9251, 1.378 -0.8137 0.9301, 1.378 -0.8168 0.9332, 1.378 -0.8199 0.9363, 1.378 -0.8249 0.9394, 1.378 -0.8274 0.941, 1.378 -0.8343 0.9434, 1.378 -0.8357 0.9439, 1.378 -0.8445 0.9449, 1.4972 0.8311 0.9439, 1.496 -0.819 0.941, 1.496 0.8229 0.941, 1.4949 -0.8116 0.9363, 1.4949 0.8155 0.9363, 1.494 -0.8054 0.9301, 1.494 0.8093 0.9301, 1.4934 -0.8008 0.9226, 1.4934 0.8047 0.9226, 1.493 -0.7979 0.9143, 1.4928 -0.7969 0.9055, 1.5453 -0.7855 0.9055, 1.6056 -0.7734 0.9143, 1.6053 -0.7724 0.9055, 1.7136 -0.7331 0.9143, 1.706 -0.7349 0.9055, 1.7132 -0.7322 0.9055, 1.8148 -0.6778 0.9143, 1.8143 -0.677 0.9055, 1.8512 -0.6494 0.9055, 1.9071 -0.6087 0.9143, 1.9065 -0.608 0.9055, 1.9887 -0.5272 0.9143, 1.9771 -0.5374 0.9055, 1.9879 -0.5266 0.9055, 2.0577 -0.4349 0.9143, 2.0569 -0.4344 0.9055, 2.0753 -0.4007 0.9055, 2.113 -0.3337 0.9143, 2.1121 -0.3333 0.9055, 2.1533 -0.2257 0.9143, 2.1443 -0.247 0.9055, 2.1523 -0.2254 0.9055, 2.1778 -0.113 0.9143, 2.1768 -0.1129 0.9055, 2.179 -0.0823 0.9055, 2.186 0.002 0.9143, 2.185 0.002 0.9055, 2.179 0.0862 0.9055, 2.1778 0.117 0.9143, 2.1768 0.1168 0.9055, 2.1533 0.2296 0.9143, 2.1523 0.2294 0.9055, 2.1443 0.2509 0.9055, 2.113 0.3377 0.9143, 2.1121 0.3372 0.9055, 2.0753 0.4046 0.9055, 2.0577 0.4388 0.9143, 2.0569 0.4383 0.9055, 1.9887 0.5311 0.9143, 1.9879 0.5305 0.9055, 1.9771 0.5413 0.9055, 1.9071 0.6127 0.9143, 1.9065 0.6119 0.9055, 1.8512 0.6533 0.9055, 1.8148 0.6818 0.9143, 1.8143 0.6809 0.9055, 1.7136 0.737 0.9143, 1.7132 0.7361 0.9055, 1.706 0.7388 0.9055, 1.6056 0.7773 0.9143, 1.4928 0.8008 0.9055, 1.493 0.8018 0.9143, 1.5453 0.7894 0.9055, 1.6053 0.7764 0.9055, 1.6064 0.7801 0.9226, 1.7148 0.7397 0.9226, 1.8164 0.6842 0.9226, 1.909 0.6149 0.9226, 1.9909 0.5331 0.9226, 2.0602 0.4404 0.9226, 2.1157 0.3389 0.9226, 2.1561 0.2304 0.9226, 2.1807 0.1174 0.9226, 2.1889 0.002 0.9226, 2.1807 -0.1134 0.9226, 2.1561 -0.2265 0.9226, 2.1157 -0.3349 0.9226, 2.0602 -0.4365 0.9226, 1.9909 -0.5291 0.9226, 1.909 -0.6109 0.9226, 1.8164 -0.6803 0.9226, 1.7148 -0.7357 0.9226, 1.6064 -0.7762 0.9226, 1.6078 0.7846 0.9301, 1.7168 0.7439 0.9301, 1.8189 0.6882 0.9301, 1.9121 0.6184 0.9301, 1.9944 0.5361 0.9301, 2.0641 0.443 0.9301, 2.1199 0.3408 0.9301, 2.1606 0.2318 0.9301, 2.1853 0.1181 0.9301, 2.1936 0.002 0.9301, 2.1853 -0.1141 0.9301, 2.1606 -0.2278 0.9301, 2.1199 -0.3369 0.9301, 2.0641 -0.439 0.9301, 1.9944 -0.5322 0.9301, 1.9121 -0.6145 0.9301, 1.8189 -0.6842 0.9301, 1.7168 -0.74 0.9301, 1.6078 -0.7807 0.9301, 1.6095 0.7906 0.9363, 1.7194 0.7496 0.9363, 1.8223 0.6934 0.9363, 1.9162 0.6231 0.9363, 1.9991 0.5402 0.9363, 2.0694 0.4463 0.9363, 2.1256 0.3434 0.9363, 2.1666 0.2335 0.9363, 2.1915 0.1189 0.9363, 2.1999 0.002 0.9363, 2.1915 -0.115 0.9363, 2.1666 -0.2296 0.9363, 2.1256 -0.3395 0.9363, 2.0694 -0.4424 0.9363, 1.9991 -0.5363 0.9363, 1.9162 -0.6192 0.9363, 1.8223 -0.6895 0.9363, 1.7194 -0.7457 0.9363, 1.6095 -0.7866 0.9363, 1.6116 0.7977 0.941, 1.7225 0.7564 0.941, 1.8263 0.6997 0.941, 1.9211 0.6288 0.941, 2.0048 0.5451 0.941, 2.0757 0.4504 0.941, 2.1324 0.3465 0.941, 2.1737 0.2356 0.941, 2.1989 0.12 0.941, 2.2073 0.002 0.941, 2.1989 -0.1161 0.941, 2.1737 -0.2317 0.941, 2.1324 -0.3426 0.941, 2.0757 -0.4464 0.941, 2.0048 -0.5412 0.941, 1.9211 -0.6248 0.941, 1.8263 -0.6957 0.941, 1.7225 -0.7525 0.941, 1.6116 -0.7938 0.941, 1.614 0.8057 0.9439, 1.7259 0.764 0.9439, 1.8308 0.7067 0.9439, 1.9265 0.6351 0.9439, 2.011 0.5505 0.9439, 2.0827 0.4549 0.9439, 2.1399 0.35 0.9439, 2.1817 0.238 0.9439, 2.2071 0.1212 0.9439, 2.2156 0.002 0.9439, 2.2071 -0.1172 0.9439, 2.1817 -0.234 0.9439, 2.1399 -0.346 0.9439, 2.0827 -0.4509 0.9439, 2.011 -0.5466 0.9439, 1.9265 -0.6311 0.9439, 1.8308 -0.7027 0.9439, 1.7259 -0.76 0.9439, 1.614 -0.8018 0.9439, 1.4972 -0.8272 0.9439, 1.4984 0.8398 0.9449, 1.6164 0.8141 0.9449, 1.7296 0.7719 0.9449, 1.8356 0.7141 0.9449, 1.9323 0.6417 0.9449, 2.0177 0.5563 0.9449, 2.09 0.4596 0.9449, 2.1479 0.3536 0.9449, 2.1901 0.2404 0.9449, 2.2158 0.1224 0.9449, 2.2244 0.002 0.9449, 2.2158 -0.1185 0.9449, 2.1901 -0.2365 0.9449, 2.1479 -0.3497 0.9449, 2.09 -0.4557 0.9449, 2.0177 -0.5523 0.9449, 1.9323 -0.6377 0.9449, 1.8356 -0.7101 0.9449, 1.7296 -0.768 0.9449, 1.6164 -0.8102 0.9449, 1.4984 -0.8359 0.9449, -1.493 -0.7979 0.5818, -1.378 -0.8061 0.5818, -1.378 -0.8051 0.5906, -1.9771 -0.5374 0.5906, -1.9879 -0.5266 0.5906, -1.9887 -0.5272 0.5818, -2.1443 -0.247 0.5906, -2.1523 -0.2254 0.5906, -2.1533 -0.2257 0.5818, -1.378 -0.8066 0.5804, -1.614 -0.8018 0.5522, -1.4972 -0.8272 0.5522, -1.496 -0.819 0.5551, -2.011 0.5505 0.5522, -2.0827 0.4549 0.5522, -2.0757 0.4504 0.5551, -1.4984 -0.8359 0.5512, -1.378 -0.8445 0.5512, -1.378 -0.8357 0.5522, -1.9323 -0.6377 0.5512, -1.8356 -0.7101 0.5512, -1.8308 -0.7027 0.5522, -2.0177 -0.5523 0.5512, -1.9265 -0.6311 0.5522, -2.09 -0.4557 0.5512, -2.011 -0.5466 0.5522, -2.1479 -0.3497 0.5512, -2.0827 -0.4509 0.5522, -2.1901 -0.2365 0.5512, -2.1399 -0.346 0.5522, -2.2158 -0.1185 0.5512, -2.1817 -0.234 0.5522, -2.2244 0.002 0.5512, -2.2071 -0.1172 0.5522, -1.4972 0.8311 0.5522, -1.378 0.8397 0.5522, -1.378 0.8484 0.5512, -2.09 0.4596 0.5512, -2.0177 0.5563 0.5512, -1.9323 0.6417 0.5512, -1.6164 -0.8102 0.5512, -1.7296 -0.768 0.5512, -1.378 0.8289 0.5566, -1.378 0.8313 0.5551, -1.496 0.8229 0.5551, -1.378 0.8383 0.5527, -2.1256 0.3434 0.5598, -2.1324 0.3465 0.5551, -2.1399 0.35 0.5522, -2.1479 0.3536 0.5512, -1.6116 -0.7938 0.5551, -1.7225 -0.7525 0.5551, -1.7259 -0.76 0.5522, -1.4949 0.8155 0.5598, -1.378 0.8239 0.5598, -2.1606 0.2318 0.566, -2.1666 0.2335 0.5598, -2.1737 0.2356 0.5551, -2.1817 0.238 0.5522, -2.1901 0.2404 0.5512, -1.6095 -0.7866 0.5598, -1.7194 -0.7457 0.5598, -1.4949 -0.8116 0.5598, -1.494 -0.8054 0.566, -1.378 -0.8343 0.5527, -1.378 -0.8274 0.5551, -1.378 -0.8249 0.5566, -1.378 0.8208 0.5629, -1.494 0.8093 0.566, -1.378 0.8176 0.566, -2.1807 0.1174 0.5735, -2.1853 0.1181 0.566, -2.1915 0.1189 0.5598, -2.1989 0.12 0.5551, -2.2071 0.1212 0.5522, -2.2158 0.1224 0.5512, -1.6078 -0.7807 0.566, -1.7168 -0.74 0.566, -1.378 0.8145 0.571, -1.4934 0.8047 0.5735, -1.378 0.813 0.5735, -2.186 0.002 0.5818, -2.1889 0.002 0.5735, -2.1936 0.002 0.566, -2.1999 0.002 0.5598, -2.2073 0.002 0.5551, -2.2156 0.002 0.5522, -1.7148 -0.7357 0.5735, -1.6064 -0.7762 0.5735, -1.4934 -0.8008 0.5735, -1.378 -0.8199 0.5598, -1.378 -0.8168 0.5629, -1.378 -0.8137 0.566, -1.378 -0.8106 0.571, -1.378 -0.809 0.5735, -1.7136 0.737 0.5818, -1.6056 0.7773 0.5818, -1.6064 0.7801 0.5735, -1.8512 0.6533 0.5906, -1.8143 0.6809 0.5906, -1.8148 0.6818 0.5818, -1.7148 0.7397 0.5735, -1.6078 0.7846 0.566, -1.9887 0.5311 0.5818, -1.9071 0.6127 0.5818, -1.909 0.6149 0.5735, -1.8164 0.6842 0.5735, -1.8189 0.6882 0.566, -1.7168 0.7439 0.566, -1.7194 0.7496 0.5598, -1.6095 0.7906 0.5598, -1.6116 0.7977 0.5551, -1.4984 0.8398 0.5512, -1.614 0.8057 0.5522, -1.7225 0.7564 0.5551, -1.8223 0.6934 0.5598, -1.9121 0.6184 0.566, -1.9909 0.5331 0.5735, -2.0577 0.4388 0.5818, -2.0569 0.4383 0.5906, -2.0753 0.4046 0.5906, -1.6164 0.8141 0.5512, -1.7296 0.7719 0.5512, -1.7259 0.764 0.5522, -1.8308 0.7067 0.5522, -1.8263 0.6997 0.5551, -1.9211 0.6288 0.5551, -1.9162 0.6231 0.5598, -1.9991 0.5402 0.5598, -1.9944 0.5361 0.566, -2.0641 0.443 0.566, -2.0602 0.4404 0.5735, -2.1157 0.3389 0.5735, -2.113 0.3377 0.5818, -2.1533 0.2296 0.5818, -1.8356 0.7141 0.5512, -1.9265 0.6351 0.5522, -2.0048 0.5451 0.5551, -2.0694 0.4463 0.5598, -2.1199 0.3408 0.566, -2.1561 0.2304 0.5735, -2.1778 0.117 0.5818, -2.1768 0.1168 0.5906, -2.179 0.0862 0.5906, -1.6056 -0.7734 0.5818, -1.7136 -0.7331 0.5818, -1.378 0.8105 0.5804, -1.493 0.8018 0.5818, -1.378 0.81 0.5818, -1.4928 0.8008 0.5906, -1.378 0.8091 0.5906, -1.5453 0.7894 0.5906, -1.7132 0.7361 0.5906, -1.706 0.7388 0.5906, -1.6053 0.7764 0.5906, -1.9879 0.5305 0.5906, -1.9771 0.5413 0.5906, -1.9065 0.6119 0.5906, -2.1523 0.2294 0.5906, -2.1443 0.2509 0.5906, -2.1121 0.3372 0.5906, -2.185 0.002 0.5906, -2.1778 -0.113 0.5818, -2.1768 -0.1129 0.5906, -2.179 -0.0823 0.5906, -2.1989 -0.1161 0.5551, -2.1915 -0.115 0.5598, -2.1853 -0.1141 0.566, -2.1807 -0.1134 0.5735, -2.1737 -0.2317 0.5551, -2.1666 -0.2296 0.5598, -2.1606 -0.2278 0.566, -2.1561 -0.2265 0.5735, -2.1324 -0.3426 0.5551, -2.1256 -0.3395 0.5598, -2.1199 -0.3369 0.566, -2.1157 -0.3349 0.5735, -2.113 -0.3337 0.5818, -2.1121 -0.3333 0.5906, -2.0577 -0.4349 0.5818, -2.0569 -0.4344 0.5906, -2.0753 -0.4007 0.5906, -2.0757 -0.4464 0.5551, -2.0694 -0.4424 0.5598, -2.0641 -0.439 0.566, -2.0602 -0.4365 0.5735, -2.0048 -0.5412 0.5551, -1.9991 -0.5363 0.5598, -1.9944 -0.5322 0.566, -1.9909 -0.5291 0.5735, -1.9211 -0.6248 0.5551, -1.9162 -0.6192 0.5598, -1.9121 -0.6145 0.566, -1.909 -0.6109 0.5735, -1.9071 -0.6087 0.5818, -1.9065 -0.608 0.5906, -1.8148 -0.6778 0.5818, -1.8143 -0.677 0.5906, -1.8512 -0.6494 0.5906, -1.8263 -0.6957 0.5551, -1.8223 -0.6895 0.5598, -1.8189 -0.6842 0.566, -1.8164 -0.6803 0.5735, -1.7132 -0.7322 0.5906, -1.4928 -0.7969 0.5906, -1.5453 -0.7855 0.5906, -1.6053 -0.7724 0.5906, -1.706 -0.7349 0.5906, 1.378 0.8091 0.5906, 1.378 0.81 0.5818, 1.378 0.8105 0.5804, 1.378 0.813 0.5735, 1.378 0.8145 0.571, 1.378 0.8176 0.566, 1.378 0.8208 0.5629, 1.378 0.8239 0.5598, 1.378 0.8289 0.5566, 1.378 0.8313 0.5551, 1.378 0.8383 0.5527, 1.378 0.8397 0.5522, 1.378 0.8484 0.5512, 1.378 -0.8445 0.5512, 1.378 -0.8357 0.5522, 1.378 -0.8343 0.5527, 1.378 -0.8274 0.5551, 1.378 -0.8249 0.5566, 1.378 -0.8199 0.5598, 1.378 -0.8168 0.5629, 1.378 -0.8137 0.566, 1.378 -0.8106 0.571, 1.378 -0.809 0.5735, 1.378 -0.8066 0.5804, 1.378 -0.8061 0.5818, 1.378 -0.8051 0.5906, 1.493 0.8018 0.5818, 1.9771 0.5413 0.5906, 1.9879 0.5305 0.5906, 1.9887 0.5311 0.5818, 2.1443 0.2509 0.5906, 2.1523 0.2294 0.5906, 2.1533 0.2296 0.5818, 1.614 0.8057 0.5522, 1.4972 0.8311 0.5522, 1.496 0.8229 0.5551, 2.011 -0.5466 0.5522, 2.0827 -0.4509 0.5522, 2.0757 -0.4464 0.5551, 1.4984 0.8398 0.5512, 1.9323 0.6417 0.5512, 1.8356 0.7141 0.5512, 1.8308 0.7067 0.5522, 2.0177 0.5563 0.5512, 1.9265 0.6351 0.5522, 2.09 0.4596 0.5512, 2.011 0.5505 0.5522, 2.1479 0.3536 0.5512, 2.0827 0.4549 0.5522, 2.1901 0.2404 0.5512, 2.1399 0.35 0.5522, 2.2158 0.1224 0.5512, 2.1817 0.238 0.5522, 2.2244 0.002 0.5512, 2.2071 0.1212 0.5522, 1.4972 -0.8272 0.5522, 2.09 -0.4557 0.5512, 2.0177 -0.5523 0.5512, 1.9323 -0.6377 0.5512, 1.6164 0.8141 0.5512, 1.7296 0.7719 0.5512, 1.496 -0.819 0.5551, 2.1256 -0.3395 0.5598, 2.1324 -0.3426 0.5551, 2.1399 -0.346 0.5522, 2.1479 -0.3497 0.5512, 1.6116 0.7977 0.5551, 1.7225 0.7564 0.5551, 1.7259 0.764 0.5522, 1.4949 -0.8116 0.5598, 2.1606 -0.2278 0.566, 2.1666 -0.2296 0.5598, 2.1737 -0.2317 0.5551, 2.1817 -0.234 0.5522, 2.1901 -0.2365 0.5512, 1.6095 0.7906 0.5598, 1.7194 0.7496 0.5598, 1.4949 0.8155 0.5598, 1.494 0.8093 0.566, 1.494 -0.8054 0.566, 2.1807 -0.1134 0.5735, 2.1853 -0.1141 0.566, 2.1915 -0.115 0.5598, 2.1989 -0.1161 0.5551, 2.2071 -0.1172 0.5522, 2.2158 -0.1185 0.5512, 1.6078 0.7846 0.566, 1.7168 0.7439 0.566, 1.4934 -0.8008 0.5735, 2.186 0.002 0.5818, 2.1889 0.002 0.5735, 2.1936 0.002 0.566, 2.1999 0.002 0.5598, 2.2073 0.002 0.5551, 2.2156 0.002 0.5522, 1.7148 0.7397 0.5735, 1.6064 0.7801 0.5735, 1.4934 0.8047 0.5735, 1.7136 -0.7331 0.5818, 1.6056 -0.7734 0.5818, 1.6064 -0.7762 0.5735, 1.8512 -0.6494 0.5906, 1.8143 -0.677 0.5906, 1.8148 -0.6778 0.5818, 1.7148 -0.7357 0.5735, 1.6078 -0.7807 0.566, 1.9887 -0.5272 0.5818, 1.9071 -0.6087 0.5818, 1.909 -0.6109 0.5735, 1.8164 -0.6803 0.5735, 1.8189 -0.6842 0.566, 1.7168 -0.74 0.566, 1.7194 -0.7457 0.5598, 1.6095 -0.7866 0.5598, 1.6116 -0.7938 0.5551, 1.4984 -0.8359 0.5512, 1.614 -0.8018 0.5522, 1.7225 -0.7525 0.5551, 1.8223 -0.6895 0.5598, 1.9121 -0.6145 0.566, 1.9909 -0.5291 0.5735, 2.0577 -0.4349 0.5818, 2.0569 -0.4344 0.5906, 2.0753 -0.4007 0.5906, 1.6164 -0.8102 0.5512, 1.7296 -0.768 0.5512, 1.7259 -0.76 0.5522, 1.8308 -0.7027 0.5522, 1.8263 -0.6957 0.5551, 1.9211 -0.6248 0.5551, 1.9162 -0.6192 0.5598, 1.9991 -0.5363 0.5598, 1.9944 -0.5322 0.566, 2.0641 -0.439 0.566, 2.0602 -0.4365 0.5735, 2.1157 -0.3349 0.5735, 2.113 -0.3337 0.5818, 2.1533 -0.2257 0.5818, 1.8356 -0.7101 0.5512, 1.9265 -0.6311 0.5522, 2.0048 -0.5412 0.5551, 2.0694 -0.4424 0.5598, 2.1199 -0.3369 0.566, 2.1561 -0.2265 0.5735, 2.1778 -0.113 0.5818, 2.1768 -0.1129 0.5906, 2.179 -0.0823 0.5906, 1.6056 0.7773 0.5818, 1.7136 0.737 0.5818, 1.493 -0.7979 0.5818, 1.4928 -0.7969 0.5906, 1.5453 -0.7855 0.5906, 1.7132 -0.7322 0.5906, 1.706 -0.7349 0.5906, 1.6053 -0.7724 0.5906, 1.9879 -0.5266 0.5906, 1.9771 -0.5374 0.5906, 1.9065 -0.608 0.5906, 2.1523 -0.2254 0.5906, 2.1443 -0.247 0.5906, 2.1121 -0.3333 0.5906, 2.185 0.002 0.5906, 2.1778 0.117 0.5818, 2.1768 0.1168 0.5906, 2.179 0.0862 0.5906, 2.1989 0.12 0.5551, 2.1915 0.1189 0.5598, 2.1853 0.1181 0.566, 2.1807 0.1174 0.5735, 2.1737 0.2356 0.5551, 2.1666 0.2335 0.5598, 2.1606 0.2318 0.566, 2.1561 0.2304 0.5735, 2.1324 0.3465 0.5551, 2.1256 0.3434 0.5598, 2.1199 0.3408 0.566, 2.1157 0.3389 0.5735, 2.113 0.3377 0.5818, 2.1121 0.3372 0.5906, 2.0577 0.4388 0.5818, 2.0569 0.4383 0.5906, 2.0753 0.4046 0.5906, 2.0757 0.4504 0.5551, 2.0694 0.4463 0.5598, 2.0641 0.443 0.566, 2.0602 0.4404 0.5735, 2.0048 0.5451 0.5551, 1.9991 0.5402 0.5598, 1.9944 0.5361 0.566, 1.9909 0.5331 0.5735, 1.9211 0.6288 0.5551, 1.9162 0.6231 0.5598, 1.9121 0.6184 0.566, 1.909 0.6149 0.5735, 1.9071 0.6127 0.5818, 1.9065 0.6119 0.5906, 1.8148 0.6818 0.5818, 1.8143 0.6809 0.5906, 1.8512 0.6533 0.5906, 1.8263 0.6997 0.5551, 1.8223 0.6934 0.5598, 1.8189 0.6882 0.566, 1.8164 0.6842 0.5735, 1.7132 0.7361 0.5906, 1.4928 0.8008 0.5906, 1.5453 0.7894 0.5906, 1.6053 0.7764 0.5906, 1.706 0.7388 0.5906, -2.3261 -0.1652 4.0551, -2.3097 -0.2477 4.0551, -2.3084 -0.2473 4.0653, -2.2826 -0.3273 4.0551, -2.2691 -0.3672 4.0551, -2.2679 -0.3666 4.0653, -2.1155 -0.6168 4.0551, -2.06 -0.6801 4.0551, -2.0591 -0.6791 4.0653, -1.9968 -0.7356 4.0551, -1.9651 -0.7633 4.0551, -1.9643 -0.7622 4.0653, -1.7073 -0.9027 4.0551, -1.6276 -0.9297 4.0551, -1.6273 -0.9284 4.0653, -1.5451 -0.9461 4.0551, -1.5039 -0.9543 4.0551, -1.5037 -0.953 4.0653, -1.378 -0.9232 4.0945, -1.4987 -0.9153 4.0945, -1.378 -0.9334 4.0931, -1.5 -0.9254 4.0931, -1.378 -0.9429 4.0892, -1.5013 -0.9348 4.0892, -1.378 -0.9511 4.083, -1.5023 -0.9429 4.083, -1.378 -0.9573 4.0748, -1.5032 -0.9491 4.0748, -1.378 -0.9613 4.0653, -1.378 -0.9626 4.0551, -1.6174 -0.8917 4.0945, -1.62 -0.9015 4.0931, -1.6225 -0.9107 4.0892, -1.6246 -0.9186 4.083, -1.6262 -0.9246 4.0748, -1.7471 -0.8892 4.0551, -1.7466 -0.8879 4.0653, -1.7451 -0.8843 4.0748, -1.7427 -0.8785 4.083, -1.7395 -0.871 4.0892, -1.7359 -0.8622 4.0931, -1.732 -0.8528 4.0945, -1.8406 -0.7993 4.0945, -1.8456 -0.8081 4.0931, -1.8504 -0.8163 4.0892, -1.8545 -0.8234 4.083, -1.8576 -0.8288 4.0748, -1.8596 -0.8322 4.0653, -1.8602 -0.8334 4.0551, -1.9412 -0.732 4.0945, -1.9474 -0.7401 4.0931, -1.9532 -0.7477 4.0892, -1.9581 -0.7541 4.083, -1.9619 -0.7591 4.0748, -2.0322 -0.6522 4.0945, -2.0394 -0.6594 4.0931, -2.0461 -0.6662 4.0892, -2.0519 -0.6719 4.083, -2.0563 -0.6764 4.0748, -2.1432 -0.5852 4.0551, -2.1421 -0.5844 4.0653, -2.139 -0.582 4.0748, -2.134 -0.5782 4.083, -2.1276 -0.5732 4.0892, -2.12 -0.5675 4.0931, -2.112 -0.5613 4.0945, -2.1792 -0.4606 4.0945, -2.188 -0.4657 4.0931, -2.1962 -0.4705 4.0892, -2.2033 -0.4745 4.083, -2.2087 -0.4777 4.0748, -2.2121 -0.4796 4.0653, -2.2133 -0.4803 4.0551, -2.2327 -0.3521 4.0945, -2.2421 -0.356 4.0931, -2.2509 -0.3596 4.0892, -2.2584 -0.3627 4.083, -2.2642 -0.3651 4.0748, -2.2716 -0.2375 4.0945, -2.2815 -0.2401 4.0931, -2.2906 -0.2426 4.0892, -2.2985 -0.2447 4.083, -2.3046 -0.2463 4.0748, -2.3343 -0.1239 4.0551, -2.3329 -0.1238 4.0653, -2.329 -0.1232 4.0748, -2.3228 -0.1224 4.083, -2.3148 -0.1214 4.0892, -2.3053 -0.1201 4.0931, -2.2952 -0.1188 4.0945, -2.3031 0.002 4.0945, -2.3133 0.002 4.0931, -2.3228 0.002 4.0892, -2.331 0.002 4.083, -2.3372 0.002 4.0748, -2.3412 0.002 4.0653, -2.3425 0.002 4.0551, -1.0919 -0.9626 4.0551, -0.0138 -0.9626 4.0551, 1.378 -0.9613 4.0653, 1.378 -0.9573 4.0748, 1.378 -0.9511 4.083, 1.378 -0.9429 4.0892, 1.378 -0.9334 4.0931, 1.378 -0.9232 4.0945, 0.1403 -0.9626 4.0551, 0.1499 -0.9626 4.0551, 0.2855 -0.9626 4.0551, 0.3587 -0.9626 4.0551, 0.396 -0.9626 4.0551, 0.4845 -0.9626 4.0551, 0.5459 -0.9626 4.0551, 0.5965 -0.9626 4.0551, 1.378 -0.9626 4.0551, -1.5451 0.9501 4.0551, -1.6276 0.9337 4.0551, -1.6273 0.9324 4.0653, -1.7073 0.9066 4.0551, -1.7471 0.8931 4.0551, -1.7466 0.8919 4.0653, -1.9968 0.7395 4.0551, -2.06 0.684 4.0551, -2.0591 0.6831 4.0653, -2.1155 0.6208 4.0551, -2.1432 0.5892 4.0551, -2.1421 0.5883 4.0653, -2.2826 0.3313 4.0551, -2.3097 0.2516 4.0551, -2.3084 0.2513 4.0653, -2.3261 0.1691 4.0551, -2.3343 0.1279 4.0551, -2.3329 0.1277 4.0653, -2.2952 0.1227 4.0945, -2.3053 0.1241 4.0931, -2.3148 0.1253 4.0892, -2.3228 0.1264 4.083, -2.329 0.1272 4.0748, -2.2716 0.2414 4.0945, -2.2815 0.2441 4.0931, -2.2906 0.2465 4.0892, -2.2985 0.2486 4.083, -2.3046 0.2503 4.0748, -2.2691 0.3711 4.0551, -2.2679 0.3706 4.0653, -2.2642 0.3691 4.0748, -2.2584 0.3667 4.083, -2.2509 0.3636 4.0892, -2.2421 0.3599 4.0931, -2.2327 0.356 4.0945, -2.1792 0.4646 4.0945, -2.188 0.4697 4.0931, -2.1962 0.4744 4.0892, -2.2033 0.4785 4.083, -2.2087 0.4816 4.0748, -2.2121 0.4836 4.0653, -2.2133 0.4843 4.0551, -2.112 0.5652 4.0945, -2.12 0.5714 4.0931, -2.1276 0.5772 4.0892, -2.134 0.5821 4.083, -2.139 0.5859 4.0748, -2.0322 0.6562 4.0945, -2.0394 0.6634 4.0931, -2.0461 0.6701 4.0892, -2.0519 0.6759 4.083, -2.0563 0.6803 4.0748, -1.9651 0.7672 4.0551, -1.9643 0.7661 4.0653, -1.9619 0.763 4.0748, -1.9581 0.7581 4.083, -1.9532 0.7516 4.0892, -1.9474 0.7441 4.0931, -1.9412 0.736 4.0945, -1.8406 0.8032 4.0945, -1.8456 0.812 4.0931, -1.8504 0.8203 4.0892, -1.8545 0.8273 4.083, -1.8576 0.8327 4.0748, -1.8596 0.8361 4.0653, -1.8602 0.8373 4.0551, -1.732 0.8567 4.0945, -1.7359 0.8662 4.0931, -1.7395 0.8749 4.0892, -1.7427 0.8825 4.083, -1.7451 0.8882 4.0748, -1.6174 0.8956 4.0945, -1.62 0.9055 4.0931, -1.6225 0.9147 4.0892, -1.6246 0.9225 4.083, -1.6262 0.9286 4.0748, -1.5039 0.9583 4.0551, -1.5037 0.957 4.0653, -1.5032 0.9531 4.0748, -1.5023 0.9469 4.083, -1.5013 0.9388 4.0892, -1.5 0.9294 4.0931, -1.4987 0.9193 4.0945, -1.378 0.9272 4.0945, -1.378 0.9374 4.0931, -1.378 0.9469 4.0892, -1.378 0.955 4.083, -1.378 0.9613 4.0748, -1.378 0.9652 4.0653, -1.378 0.9665 4.0551, 1.5451 -0.9461 4.0551, 1.6276 -0.9297 4.0551, 1.6273 -0.9284 4.0653, 1.7073 -0.9027 4.0551, 1.7471 -0.8892 4.0551, 1.7466 -0.8879 4.0653, 1.9968 -0.7356 4.0551, 2.06 -0.6801 4.0551, 2.0591 -0.6791 4.0653, 2.1155 -0.6168 4.0551, 2.1432 -0.5852 4.0551, 2.1421 -0.5844 4.0653, 2.2826 -0.3273 4.0551, 2.3097 -0.2477 4.0551, 2.3084 -0.2473 4.0653, 2.3261 -0.1652 4.0551, 2.3343 -0.1239 4.0551, 2.3329 -0.1238 4.0653, 2.3031 0.002 4.0945, 2.2952 -0.1188 4.0945, 2.3133 0.002 4.0931, 2.3053 -0.1201 4.0931, 2.3228 0.002 4.0892, 2.3148 -0.1214 4.0892, 2.331 0.002 4.083, 2.3228 -0.1224 4.083, 2.3372 0.002 4.0748, 2.329 -0.1232 4.0748, 2.3412 0.002 4.0653, 2.3425 0.002 4.0551, 2.2716 -0.2375 4.0945, 2.2815 -0.2401 4.0931, 2.2906 -0.2426 4.0892, 2.2985 -0.2447 4.083, 2.3046 -0.2463 4.0748, 2.2691 -0.3672 4.0551, 2.2679 -0.3666 4.0653, 2.2642 -0.3651 4.0748, 2.2584 -0.3627 4.083, 2.2509 -0.3596 4.0892, 2.2421 -0.356 4.0931, 2.2327 -0.3521 4.0945, 2.1792 -0.4606 4.0945, 2.188 -0.4657 4.0931, 2.1962 -0.4705 4.0892, 2.2033 -0.4745 4.083, 2.2087 -0.4777 4.0748, 2.2121 -0.4796 4.0653, 2.2133 -0.4803 4.0551, 2.112 -0.5613 4.0945, 2.12 -0.5675 4.0931, 2.1276 -0.5732 4.0892, 2.134 -0.5782 4.083, 2.139 -0.582 4.0748, 2.0322 -0.6522 4.0945, 2.0394 -0.6594 4.0931, 2.0461 -0.6662 4.0892, 2.0519 -0.6719 4.083, 2.0563 -0.6764 4.0748, 1.9651 -0.7633 4.0551, 1.9643 -0.7622 4.0653, 1.9619 -0.7591 4.0748, 1.9581 -0.7541 4.083, 1.9532 -0.7477 4.0892, 1.9474 -0.7401 4.0931, 1.9412 -0.732 4.0945, 1.8406 -0.7993 4.0945, 1.8456 -0.8081 4.0931, 1.8504 -0.8163 4.0892, 1.8545 -0.8234 4.083, 1.8576 -0.8288 4.0748, 1.8596 -0.8322 4.0653, 1.8602 -0.8334 4.0551, 1.732 -0.8528 4.0945, 1.7359 -0.8622 4.0931, 1.7395 -0.871 4.0892, 1.7427 -0.8785 4.083, 1.7451 -0.8843 4.0748, 1.6174 -0.8917 4.0945, 1.62 -0.9015 4.0931, 1.6225 -0.9107 4.0892, 1.6246 -0.9186 4.083, 1.6262 -0.9246 4.0748, 1.5039 -0.9543 4.0551, 1.5037 -0.953 4.0653, 1.5032 -0.9491 4.0748, 1.5023 -0.9429 4.083, 1.5013 -0.9348 4.0892, 1.5 -0.9254 4.0931, 1.4987 -0.9153 4.0945, 1.378 0.9272 4.0945, 1.378 0.9374 4.0931, 1.378 0.9469 4.0892, 1.378 0.955 4.083, 1.378 0.9613 4.0748, 1.378 0.9652 4.0653, 1.378 0.9665 4.0551, 2.3261 0.1691 4.0551, 2.3097 0.2516 4.0551, 2.3084 0.2513 4.0653, 2.2826 0.3313 4.0551, 2.2691 0.3711 4.0551, 2.2679 0.3706 4.0653, 2.1155 0.6208 4.0551, 2.06 0.684 4.0551, 2.0591 0.6831 4.0653, 1.9968 0.7395 4.0551, 1.9651 0.7672 4.0551, 1.9643 0.7661 4.0653, 1.7073 0.9066 4.0551, 1.6276 0.9337 4.0551, 1.6273 0.9324 4.0653, 1.5451 0.9501 4.0551, 1.5039 0.9583 4.0551, 1.5037 0.957 4.0653, 1.4987 0.9193 4.0945, 1.5 0.9294 4.0931, 1.5013 0.9388 4.0892, 1.5023 0.9469 4.083, 1.5032 0.9531 4.0748, 1.6174 0.8956 4.0945, 1.62 0.9055 4.0931, 1.6225 0.9147 4.0892, 1.6246 0.9225 4.083, 1.6262 0.9286 4.0748, 1.7471 0.8931 4.0551, 1.7466 0.8919 4.0653, 1.7451 0.8882 4.0748, 1.7427 0.8825 4.083, 1.7395 0.8749 4.0892, 1.7359 0.8662 4.0931, 1.732 0.8567 4.0945, 1.8406 0.8032 4.0945, 1.8456 0.812 4.0931, 1.8504 0.8203 4.0892, 1.8545 0.8273 4.083, 1.8576 0.8327 4.0748, 1.8596 0.8361 4.0653, 1.8602 0.8373 4.0551, 1.9412 0.736 4.0945, 1.9474 0.7441 4.0931, 1.9532 0.7516 4.0892, 1.9581 0.7581 4.083, 1.9619 0.763 4.0748, 2.0322 0.6562 4.0945, 2.0394 0.6634 4.0931, 2.0461 0.6701 4.0892, 2.0519 0.6759 4.083, 2.0563 0.6803 4.0748, 2.1432 0.5892 4.0551, 2.1421 0.5883 4.0653, 2.139 0.5859 4.0748, 2.134 0.5821 4.083, 2.1276 0.5772 4.0892, 2.12 0.5714 4.0931, 2.112 0.5652 4.0945, 2.1792 0.4646 4.0945, 2.188 0.4697 4.0931, 2.1962 0.4744 4.0892, 2.2033 0.4785 4.083, 2.2087 0.4816 4.0748, 2.2121 0.4836 4.0653, 2.2133 0.4843 4.0551, 2.2327 0.356 4.0945, 2.2421 0.3599 4.0931, 2.2509 0.3636 4.0892, 2.2584 0.3667 4.083, 2.2642 0.3691 4.0748, 2.2716 0.2414 4.0945, 2.2815 0.2441 4.0931, 2.2906 0.2465 4.0892, 2.2985 0.2486 4.083, 2.3046 0.2503 4.0748, 2.3343 0.1279 4.0551, 2.3329 0.1277 4.0653, 2.329 0.1272 4.0748, 2.3228 0.1264 4.083, 2.3148 0.1253 4.0892, 2.3053 0.1241 4.0931, 2.2952 0.1227 4.0945, -1.493 0.8022 0.3252, -1.378 0.8104 0.3252, -1.378 0.8091 0.315, -1.4928 0.8008 0.315, -1.5453 0.7894 0.315, -1.6057 0.7776 0.3252, -1.6053 0.7764 0.315, -1.7138 0.7373 0.3252, -1.706 0.7388 0.315, -1.7132 0.7361 0.315, -1.815 0.6821 0.3252, -1.8143 0.6809 0.315, -1.8512 0.6533 0.315, -1.9074 0.6129 0.3252, -1.9065 0.6119 0.315, -1.9889 0.5314 0.3252, -1.9771 0.5413 0.315, -1.9879 0.5305 0.315, -2.058 0.439 0.3252, -2.0569 0.4383 0.315, -2.0753 0.4046 0.315, -2.1133 0.3378 0.3252, -2.1121 0.3372 0.315, -2.1536 0.2297 0.3252, -2.1443 0.2509 0.315, -2.1523 0.2294 0.315, -2.1782 0.117 0.3252, -2.1768 0.1168 0.315, -2.179 0.0862 0.315, -2.1864 0.002 0.3252, -2.185 0.002 0.315, -2.1782 -0.1131 0.3252, -2.179 -0.0823 0.315, -2.1768 -0.1129 0.315, -2.1536 -0.2258 0.3252, -2.1523 -0.2254 0.315, -2.1443 -0.247 0.315, -2.1133 -0.3339 0.3252, -2.1121 -0.3333 0.315, -2.0753 -0.4007 0.315, -2.058 -0.4351 0.3252, -2.0569 -0.4344 0.315, -1.9889 -0.5274 0.3252, -1.9879 -0.5266 0.315, -1.9771 -0.5374 0.315, -1.9074 -0.609 0.3252, -1.9065 -0.608 0.315, -1.8512 -0.6494 0.315, -1.815 -0.6781 0.3252, -1.8143 -0.677 0.315, -1.7138 -0.7334 0.3252, -1.7132 -0.7322 0.315, -1.706 -0.7349 0.315, -1.6057 -0.7737 0.3252, -1.378 -0.8051 0.315, -1.378 -0.8065 0.3252, -1.4928 -0.7969 0.315, -1.493 -0.7982 0.3252, -1.5453 -0.7855 0.315, -1.6053 -0.7724 0.315, -1.378 -0.8104 0.3346, -1.4936 -0.8021 0.3346, -1.6068 -0.7775 0.3346, -1.7154 -0.737 0.3346, -1.8171 -0.6814 0.3346, -1.9099 -0.612 0.3346, -1.9919 -0.53 0.3346, -2.0614 -0.4372 0.3346, -2.1169 -0.3355 0.3346, -2.1574 -0.2269 0.3346, -2.182 -0.1136 0.3346, -2.1903 0.002 0.3346, -2.182 0.1176 0.3346, -2.1574 0.2308 0.3346, -2.1169 0.3394 0.3346, -2.0614 0.4412 0.3346, -1.9919 0.534 0.3346, -1.9099 0.6159 0.3346, -1.8171 0.6854 0.3346, -1.7154 0.7409 0.3346, -1.6068 0.7814 0.3346, -1.4936 0.8061 0.3346, -1.378 0.8143 0.3346, -1.378 -0.8166 0.3428, -1.4945 -0.8083 0.3428, -1.6086 -0.7835 0.3428, -1.718 -0.7427 0.3428, -1.8205 -0.6867 0.3428, -1.914 -0.6167 0.3428, -1.9966 -0.5341 0.3428, -2.0666 -0.4406 0.3428, -2.1226 -0.3381 0.3428, -2.1634 -0.2287 0.3428, -2.1882 -0.1145 0.3428, -2.1966 0.002 0.3428, -2.1882 0.1185 0.3428, -2.1634 0.2326 0.3428, -2.1226 0.342 0.3428, -2.0666 0.4445 0.3428, -1.9966 0.538 0.3428, -1.914 0.6206 0.3428, -1.8205 0.6906 0.3428, -1.718 0.7466 0.3428, -1.6086 0.7874 0.3428, -1.4945 0.8123 0.3428, -1.378 0.8206 0.3428, -1.378 -0.8248 0.3491, -1.4956 -0.8164 0.3491, -1.6109 -0.7913 0.3491, -1.7214 -0.7501 0.3491, -1.8249 -0.6936 0.3491, -1.9194 -0.6229 0.3491, -2.0028 -0.5395 0.3491, -2.0735 -0.445 0.3491, -2.13 -0.3415 0.3491, -2.1712 -0.231 0.3491, -2.1963 -0.1157 0.3491, -2.2047 0.002 0.3491, -2.1963 0.1196 0.3491, -2.1712 0.2349 0.3491, -2.13 0.3454 0.3491, -2.0735 0.449 0.3491, -2.0028 0.5434 0.3491, -1.9194 0.6268 0.3491, -1.8249 0.6975 0.3491, -1.7214 0.754 0.3491, -1.6109 0.7952 0.3491, -1.4956 0.8203 0.3491, -1.378 0.8287 0.3491, -1.378 -0.8343 0.353, -1.497 -0.8258 0.353, -1.6136 -0.8004 0.353, -1.7254 -0.7587 0.353, -1.8301 -0.7015 0.353, -1.9256 -0.63 0.353, -2.01 -0.5457 0.353, -2.0815 -0.4502 0.353, -2.1386 -0.3454 0.353, -2.1803 -0.2336 0.353, -2.2057 -0.117 0.353, -2.2142 0.002 0.353, -2.2057 0.121 0.353, -2.1803 0.2376 0.353, -2.1386 0.3494 0.353, -2.0815 0.4541 0.353, -2.01 0.5496 0.353, -1.9256 0.634 0.353, -1.8301 0.7055 0.353, -1.7254 0.7627 0.353, -1.6136 0.8044 0.353, -1.497 0.8297 0.353, -1.378 0.8382 0.353, -1.378 -0.8445 0.3543, -1.4984 -0.8359 0.3543, -1.6164 -0.8102 0.3543, -1.7296 -0.768 0.3543, -1.8356 -0.7101 0.3543, -1.9323 -0.6377 0.3543, -2.0177 -0.5523 0.3543, -2.09 -0.4557 0.3543, -2.1479 -0.3497 0.3543, -2.1901 -0.2365 0.3543, -2.2158 -0.1185 0.3543, -2.2244 0.002 0.3543, -2.2158 0.1224 0.3543, -2.1901 0.2404 0.3543, -2.1479 0.3536 0.3543, -2.09 0.4596 0.3543, -2.0177 0.5563 0.3543, -1.9323 0.6417 0.3543, -1.8356 0.7141 0.3543, -1.7296 0.7719 0.3543, -1.6164 0.8141 0.3543, -1.4984 0.8398 0.3543, -1.378 0.8484 0.3543, 1.378 0.81 0.3237, 1.378 0.8091 0.315, 1.378 0.8105 0.3251, 1.378 0.813 0.332, 1.378 0.8145 0.3345, 1.378 0.8176 0.3395, 1.378 0.8208 0.3426, 1.378 0.8239 0.3457, 1.378 0.8289 0.3489, 1.378 0.8313 0.3504, 1.378 0.8383 0.3529, 1.378 0.8397 0.3533, 1.378 0.8484 0.3543, 1.378 -0.8051 0.315, 1.378 -0.8061 0.3237, 1.378 -0.8066 0.3251, 1.378 -0.809 0.332, 1.378 -0.8106 0.3345, 1.378 -0.8137 0.3395, 1.378 -0.8168 0.3426, 1.378 -0.8199 0.3457, 1.378 -0.8249 0.3489, 1.378 -0.8274 0.3504, 1.378 -0.8343 0.3529, 1.378 -0.8357 0.3533, 1.378 -0.8445 0.3543, 1.4972 0.8311 0.3533, 1.496 -0.819 0.3504, 1.496 0.8229 0.3504, 1.4949 -0.8116 0.3457, 1.4949 0.8155 0.3457, 1.494 -0.8054 0.3395, 1.494 0.8093 0.3395, 1.4934 -0.8008 0.332, 1.4934 0.8047 0.332, 1.493 -0.7979 0.3237, 1.4928 -0.7969 0.315, 1.5453 -0.7855 0.315, 1.6056 -0.7734 0.3237, 1.6053 -0.7724 0.315, 1.7136 -0.7331 0.3237, 1.706 -0.7349 0.315, 1.7132 -0.7322 0.315, 1.8148 -0.6778 0.3237, 1.8143 -0.677 0.315, 1.8512 -0.6494 0.315, 1.9071 -0.6087 0.3237, 1.9065 -0.608 0.315, 1.9887 -0.5272 0.3237, 1.9771 -0.5374 0.315, 1.9879 -0.5266 0.315, 2.0577 -0.4349 0.3237, 2.0569 -0.4344 0.315, 2.0753 -0.4007 0.315, 2.113 -0.3337 0.3237, 2.1121 -0.3333 0.315, 2.1533 -0.2257 0.3237, 2.1443 -0.247 0.315, 2.1523 -0.2254 0.315, 2.1778 -0.113 0.3237, 2.1768 -0.1129 0.315, 2.179 -0.0823 0.315, 2.186 0.002 0.3237, 2.185 0.002 0.315, 2.179 0.0862 0.315, 2.1778 0.117 0.3237, 2.1768 0.1168 0.315, 2.1533 0.2296 0.3237, 2.1523 0.2294 0.315, 2.1443 0.2509 0.315, 2.113 0.3377 0.3237, 2.1121 0.3372 0.315, 2.0753 0.4046 0.315, 2.0577 0.4388 0.3237, 2.0569 0.4383 0.315, 1.9887 0.5311 0.3237, 1.9879 0.5305 0.315, 1.9771 0.5413 0.315, 1.9071 0.6127 0.3237, 1.9065 0.6119 0.315, 1.8512 0.6533 0.315, 1.8148 0.6818 0.3237, 1.8143 0.6809 0.315, 1.7136 0.737 0.3237, 1.7132 0.7361 0.315, 1.706 0.7388 0.315, 1.6056 0.7773 0.3237, 1.4928 0.8008 0.315, 1.493 0.8018 0.3237, 1.5453 0.7894 0.315, 1.6053 0.7764 0.315, 1.6064 0.7801 0.332, 1.7148 0.7397 0.332, 1.8164 0.6842 0.332, 1.909 0.6149 0.332, 1.9909 0.5331 0.332, 2.0602 0.4404 0.332, 2.1157 0.3389 0.332, 2.1561 0.2304 0.332, 2.1807 0.1174 0.332, 2.1889 0.002 0.332, 2.1807 -0.1134 0.332, 2.1561 -0.2265 0.332, 2.1157 -0.3349 0.332, 2.0602 -0.4365 0.332, 1.9909 -0.5291 0.332, 1.909 -0.6109 0.332, 1.8164 -0.6803 0.332, 1.7148 -0.7357 0.332, 1.6064 -0.7762 0.332, 1.6078 0.7846 0.3395, 1.7168 0.7439 0.3395, 1.8189 0.6882 0.3395, 1.9121 0.6184 0.3395, 1.9944 0.5361 0.3395, 2.0641 0.443 0.3395, 2.1199 0.3408 0.3395, 2.1606 0.2318 0.3395, 2.1853 0.1181 0.3395, 2.1936 0.002 0.3395, 2.1853 -0.1141 0.3395, 2.1606 -0.2278 0.3395, 2.1199 -0.3369 0.3395, 2.0641 -0.439 0.3395, 1.9944 -0.5322 0.3395, 1.9121 -0.6145 0.3395, 1.8189 -0.6842 0.3395, 1.7168 -0.74 0.3395, 1.6078 -0.7807 0.3395, 1.6095 0.7906 0.3457, 1.7194 0.7496 0.3457, 1.8223 0.6934 0.3457, 1.9162 0.6231 0.3457, 1.9991 0.5402 0.3457, 2.0694 0.4463 0.3457, 2.1256 0.3434 0.3457, 2.1666 0.2335 0.3457, 2.1915 0.1189 0.3457, 2.1999 0.002 0.3457, 2.1915 -0.115 0.3457, 2.1666 -0.2296 0.3457, 2.1256 -0.3395 0.3457, 2.0694 -0.4424 0.3457, 1.9991 -0.5363 0.3457, 1.9162 -0.6192 0.3457, 1.8223 -0.6895 0.3457, 1.7194 -0.7457 0.3457, 1.6095 -0.7866 0.3457, 1.6116 0.7977 0.3504, 1.7225 0.7564 0.3504, 1.8263 0.6997 0.3504, 1.9211 0.6288 0.3504, 2.0048 0.5451 0.3504, 2.0757 0.4504 0.3504, 2.1324 0.3465 0.3504, 2.1737 0.2356 0.3504, 2.1989 0.12 0.3504, 2.2073 0.002 0.3504, 2.1989 -0.1161 0.3504, 2.1737 -0.2317 0.3504, 2.1324 -0.3426 0.3504, 2.0757 -0.4464 0.3504, 2.0048 -0.5412 0.3504, 1.9211 -0.6248 0.3504, 1.8263 -0.6957 0.3504, 1.7225 -0.7525 0.3504, 1.6116 -0.7938 0.3504, 1.614 0.8057 0.3533, 1.7259 0.764 0.3533, 1.8308 0.7067 0.3533, 1.9265 0.6351 0.3533, 2.011 0.5505 0.3533, 2.0827 0.4549 0.3533, 2.1399 0.35 0.3533, 2.1817 0.238 0.3533, 2.2071 0.1212 0.3533, 2.2156 0.002 0.3533, 2.2071 -0.1172 0.3533, 2.1817 -0.234 0.3533, 2.1399 -0.346 0.3533, 2.0827 -0.4509 0.3533, 2.011 -0.5466 0.3533, 1.9265 -0.6311 0.3533, 1.8308 -0.7027 0.3533, 1.7259 -0.76 0.3533, 1.614 -0.8018 0.3533, 1.4972 -0.8272 0.3533, 1.4984 0.8398 0.3543, 1.6164 0.8141 0.3543, 1.7296 0.7719 0.3543, 1.8356 0.7141 0.3543, 1.9323 0.6417 0.3543, 2.0177 0.5563 0.3543, 2.09 0.4596 0.3543, 2.1479 0.3536 0.3543, 2.1901 0.2404 0.3543, 2.2158 0.1224 0.3543, 2.2244 0.002 0.3543, 2.2158 -0.1185 0.3543, 2.1901 -0.2365 0.3543, 2.1479 -0.3497 0.3543, 2.09 -0.4557 0.3543, 2.0177 -0.5523 0.3543, 1.9323 -0.6377 0.3543, 1.8356 -0.7101 0.3543, 1.7296 -0.768 0.3543, 1.6164 -0.8102 0.3543, 1.4984 -0.8359 0.3543, 1.378 0.9272 0.9449, -1.378 0.9272 0.9449, -1.378 0.9374 0.9462, 1.378 0.9374 0.9462, -1.378 0.9469 0.9502, 1.378 0.9469 0.9502, -1.378 0.955 0.9564, 1.378 0.955 0.9564, -1.378 0.9613 0.9646, 1.378 0.9613 0.9646, -1.378 0.9652 0.9741, 1.378 0.9652 0.9741, -1.378 0.9665 0.9843, 1.378 0.9665 0.9843, 1.5451 0.9501 0.9843, 1.6276 0.9337 0.9843, 1.6273 0.9324 0.9741, 1.7073 0.9066 0.9843, 1.7471 0.8931 0.9843, 1.7466 0.8919 0.9741, 1.9968 0.7395 0.9843, 2.06 0.684 0.9843, 2.0591 0.6831 0.9741, 2.1155 0.6208 0.9843, 2.1432 0.5892 0.9843, 2.1421 0.5883 0.9741, 2.2826 0.3313 0.9843, 2.3097 0.2516 0.9843, 2.3084 0.2513 0.9741, 2.3261 0.1691 0.9843, 2.3343 0.1279 0.9843, 2.3329 0.1277 0.9741, 2.3031 0.002 0.9449, 2.2952 0.1227 0.9449, 2.3133 0.002 0.9462, 2.3053 0.1241 0.9462, 2.3228 0.002 0.9502, 2.3148 0.1253 0.9502, 2.331 0.002 0.9564, 2.3228 0.1264 0.9564, 2.3372 0.002 0.9646, 2.329 0.1272 0.9646, 2.3412 0.002 0.9741, 2.3425 0.002 0.9843, 2.2716 0.2414 0.9449, 2.2815 0.2441 0.9462, 2.2906 0.2465 0.9502, 2.2985 0.2486 0.9564, 2.3046 0.2503 0.9646, 2.2691 0.3711 0.9843, 2.2679 0.3706 0.9741, 2.2642 0.3691 0.9646, 2.2584 0.3667 0.9564, 2.2509 0.3636 0.9502, 2.2421 0.3599 0.9462, 2.2327 0.356 0.9449, 2.1792 0.4646 0.9449, 2.188 0.4697 0.9462, 2.1962 0.4744 0.9502, 2.2033 0.4785 0.9564, 2.2087 0.4816 0.9646, 2.2121 0.4836 0.9741, 2.2133 0.4843 0.9843, 2.112 0.5652 0.9449, 2.12 0.5714 0.9462, 2.1276 0.5772 0.9502, 2.134 0.5821 0.9564, 2.139 0.5859 0.9646, 2.0322 0.6562 0.9449, 2.0394 0.6634 0.9462, 2.0461 0.6701 0.9502, 2.0519 0.6759 0.9564, 2.0563 0.6803 0.9646, 1.9651 0.7672 0.9843, 1.9643 0.7661 0.9741, 1.9619 0.763 0.9646, 1.9581 0.7581 0.9564, 1.9532 0.7516 0.9502, 1.9474 0.7441 0.9462, 1.9412 0.736 0.9449, 1.8406 0.8032 0.9449, 1.8456 0.812 0.9462, 1.8504 0.8203 0.9502, 1.8545 0.8273 0.9564, 1.8576 0.8327 0.9646, 1.8596 0.8361 0.9741, 1.8602 0.8373 0.9843, 1.732 0.8567 0.9449, 1.7359 0.8662 0.9462, 1.7395 0.8749 0.9502, 1.7427 0.8825 0.9564, 1.7451 0.8882 0.9646, 1.6174 0.8956 0.9449, 1.62 0.9055 0.9462, 1.6225 0.9147 0.9502, 1.6246 0.9225 0.9564, 1.6262 0.9286 0.9646, 1.5039 0.9583 0.9843, 1.5037 0.957 0.9741, 1.5032 0.9531 0.9646, 1.5023 0.9469 0.9564, 1.5013 0.9388 0.9502, 1.5 0.9294 0.9462, 1.4987 0.9193 0.9449, -2.3261 0.1691 0.9843, -2.3097 0.2516 0.9843, -2.3084 0.2513 0.9741, -2.2826 0.3313 0.9843, -2.2691 0.3711 0.9843, -2.2679 0.3706 0.9741, -2.1155 0.6208 0.9843, -2.06 0.684 0.9843, -2.0591 0.6831 0.9741, -1.9968 0.7395 0.9843, -1.9651 0.7672 0.9843, -1.9643 0.7661 0.9741, -1.7073 0.9066 0.9843, -1.6276 0.9337 0.9843, -1.6273 0.9324 0.9741, -1.5451 0.9501 0.9843, -1.5039 0.9583 0.9843, -1.5037 0.957 0.9741, -1.4987 0.9193 0.9449, -1.5 0.9294 0.9462, -1.5013 0.9388 0.9502, -1.5023 0.9469 0.9564, -1.5032 0.9531 0.9646, -1.6174 0.8956 0.9449, -1.62 0.9055 0.9462, -1.6225 0.9147 0.9502, -1.6246 0.9225 0.9564, -1.6262 0.9286 0.9646, -1.7471 0.8931 0.9843, -1.7466 0.8919 0.9741, -1.7451 0.8882 0.9646, -1.7427 0.8825 0.9564, -1.7395 0.8749 0.9502, -1.7359 0.8662 0.9462, -1.732 0.8567 0.9449, -1.8406 0.8032 0.9449, -1.8456 0.812 0.9462, -1.8504 0.8203 0.9502, -1.8545 0.8273 0.9564, -1.8576 0.8327 0.9646, -1.8596 0.8361 0.9741, -1.8602 0.8373 0.9843, -1.9412 0.736 0.9449, -1.9474 0.7441 0.9462, -1.9532 0.7516 0.9502, -1.9581 0.7581 0.9564, -1.9619 0.763 0.9646, -2.0322 0.6562 0.9449, -2.0394 0.6634 0.9462, -2.0461 0.6701 0.9502, -2.0519 0.6759 0.9564, -2.0563 0.6803 0.9646, -2.1432 0.5892 0.9843, -2.1421 0.5883 0.9741, -2.139 0.5859 0.9646, -2.134 0.5821 0.9564, -2.1276 0.5772 0.9502, -2.12 0.5714 0.9462, -2.112 0.5652 0.9449, -2.1792 0.4646 0.9449, -2.188 0.4697 0.9462, -2.1962 0.4744 0.9502, -2.2033 0.4785 0.9564, -2.2087 0.4816 0.9646, -2.2121 0.4836 0.9741, -2.2133 0.4843 0.9843, -2.2327 0.356 0.9449, -2.2421 0.3599 0.9462, -2.2509 0.3636 0.9502, -2.2584 0.3667 0.9564, -2.2642 0.3691 0.9646, -2.2716 0.2414 0.9449, -2.2815 0.2441 0.9462, -2.2906 0.2465 0.9502, -2.2985 0.2486 0.9564, -2.3046 0.2503 0.9646, -2.3343 0.1279 0.9843, -2.3329 0.1277 0.9741, -2.329 0.1272 0.9646, -2.3228 0.1264 0.9564, -2.3148 0.1253 0.9502, -2.3053 0.1241 0.9462, -2.2952 0.1227 0.9449, -2.3031 0.002 0.9449, -2.3133 0.002 0.9462, -2.3228 0.002 0.9502, -2.331 0.002 0.9564, -2.3372 0.002 0.9646, -2.3412 0.002 0.9741, -2.3425 0.002 0.9843, 2.3261 -0.1652 0.9843, 2.3097 -0.2477 0.9843, 2.3084 -0.2473 0.9741, 2.2826 -0.3273 0.9843, 2.2691 -0.3672 0.9843, 2.2679 -0.3666 0.9741, 2.1155 -0.6168 0.9843, 2.06 -0.6801 0.9843, 2.0591 -0.6791 0.9741, 1.9968 -0.7356 0.9843, 1.9651 -0.7633 0.9843, 1.9643 -0.7622 0.9741, 1.7073 -0.9027 0.9843, 1.6276 -0.9297 0.9843, 1.6273 -0.9284 0.9741, 1.5451 -0.9461 0.9843, 1.5039 -0.9543 0.9843, 1.5037 -0.953 0.9741, 1.378 -0.9232 0.9449, 1.4987 -0.9153 0.9449, 1.378 -0.9334 0.9462, 1.5 -0.9254 0.9462, 1.378 -0.9429 0.9502, 1.5013 -0.9348 0.9502, 1.378 -0.9511 0.9564, 1.5023 -0.9429 0.9564, 1.378 -0.9573 0.9646, 1.5032 -0.9491 0.9646, 1.378 -0.9613 0.9741, 1.378 -0.9626 0.9843, 1.6174 -0.8917 0.9449, 1.62 -0.9015 0.9462, 1.6225 -0.9107 0.9502, 1.6246 -0.9186 0.9564, 1.6262 -0.9246 0.9646, 1.7471 -0.8892 0.9843, 1.7466 -0.8879 0.9741, 1.7451 -0.8843 0.9646, 1.7427 -0.8785 0.9564, 1.7395 -0.871 0.9502, 1.7359 -0.8622 0.9462, 1.732 -0.8528 0.9449, 1.8406 -0.7993 0.9449, 1.8456 -0.8081 0.9462, 1.8504 -0.8163 0.9502, 1.8545 -0.8234 0.9564, 1.8576 -0.8288 0.9646, 1.8596 -0.8322 0.9741, 1.8602 -0.8334 0.9843, 1.9412 -0.732 0.9449, 1.9474 -0.7401 0.9462, 1.9532 -0.7477 0.9502, 1.9581 -0.7541 0.9564, 1.9619 -0.7591 0.9646, 2.0322 -0.6522 0.9449, 2.0394 -0.6594 0.9462, 2.0461 -0.6662 0.9502, 2.0519 -0.6719 0.9564, 2.0563 -0.6764 0.9646, 2.1432 -0.5852 0.9843, 2.1421 -0.5844 0.9741, 2.139 -0.582 0.9646, 2.134 -0.5782 0.9564, 2.1276 -0.5732 0.9502, 2.12 -0.5675 0.9462, 2.112 -0.5613 0.9449, 2.1792 -0.4606 0.9449, 2.188 -0.4657 0.9462, 2.1962 -0.4705 0.9502, 2.2033 -0.4745 0.9564, 2.2087 -0.4777 0.9646, 2.2121 -0.4796 0.9741, 2.2133 -0.4803 0.9843, 2.2327 -0.3521 0.9449, 2.2421 -0.356 0.9462, 2.2509 -0.3596 0.9502, 2.2584 -0.3627 0.9564, 2.2642 -0.3651 0.9646, 2.2716 -0.2375 0.9449, 2.2815 -0.2401 0.9462, 2.2906 -0.2426 0.9502, 2.2985 -0.2447 0.9564, 2.3046 -0.2463 0.9646, 2.3343 -0.1239 0.9843, 2.3329 -0.1238 0.9741, 2.329 -0.1232 0.9646, 2.3228 -0.1224 0.9564, 2.3148 -0.1214 0.9502, 2.3053 -0.1201 0.9462, 2.2952 -0.1188 0.9449, -1.5451 -0.9461 0.9843, -1.6276 -0.9297 0.9843, -1.6273 -0.9284 0.9741, -1.7073 -0.9027 0.9843, -1.7471 -0.8892 0.9843, -1.7466 -0.8879 0.9741, -1.9968 -0.7356 0.9843, -2.06 -0.6801 0.9843, -2.0591 -0.6791 0.9741, -2.1155 -0.6168 0.9843, -2.1432 -0.5852 0.9843, -2.1421 -0.5844 0.9741, -2.2826 -0.3273 0.9843, -2.3097 -0.2477 0.9843, -2.3084 -0.2473 0.9741, -2.3261 -0.1652 0.9843, -2.3343 -0.1239 0.9843, -2.3329 -0.1238 0.9741, -2.2952 -0.1188 0.9449, -2.3053 -0.1201 0.9462, -2.3148 -0.1214 0.9502, -2.3228 -0.1224 0.9564, -2.329 -0.1232 0.9646, -2.2716 -0.2375 0.9449, -2.2815 -0.2401 0.9462, -2.2906 -0.2426 0.9502, -2.2985 -0.2447 0.9564, -2.3046 -0.2463 0.9646, -2.2691 -0.3672 0.9843, -2.2679 -0.3666 0.9741, -2.2642 -0.3651 0.9646, -2.2584 -0.3627 0.9564, -2.2509 -0.3596 0.9502, -2.2421 -0.356 0.9462, -2.2327 -0.3521 0.9449, -2.1792 -0.4606 0.9449, -2.188 -0.4657 0.9462, -2.1962 -0.4705 0.9502, -2.2033 -0.4745 0.9564, -2.2087 -0.4777 0.9646, -2.2121 -0.4796 0.9741, -2.2133 -0.4803 0.9843, -2.112 -0.5613 0.9449, -2.12 -0.5675 0.9462, -2.1276 -0.5732 0.9502, -2.134 -0.5782 0.9564, -2.139 -0.582 0.9646, -2.0322 -0.6522 0.9449, -2.0394 -0.6594 0.9462, -2.0461 -0.6662 0.9502, -2.0519 -0.6719 0.9564, -2.0563 -0.6764 0.9646, -1.9651 -0.7633 0.9843, -1.9643 -0.7622 0.9741, -1.9619 -0.7591 0.9646, -1.9581 -0.7541 0.9564, -1.9532 -0.7477 0.9502, -1.9474 -0.7401 0.9462, -1.9412 -0.732 0.9449, -1.8406 -0.7993 0.9449, -1.8456 -0.8081 0.9462, -1.8504 -0.8163 0.9502, -1.8545 -0.8234 0.9564, -1.8576 -0.8288 0.9646, -1.8596 -0.8322 0.9741, -1.8602 -0.8334 0.9843, -1.732 -0.8528 0.9449, -1.7359 -0.8622 0.9462, -1.7395 -0.871 0.9502, -1.7427 -0.8785 0.9564, -1.7451 -0.8843 0.9646, -1.6174 -0.8917 0.9449, -1.62 -0.9015 0.9462, -1.6225 -0.9107 0.9502, -1.6246 -0.9186 0.9564, -1.6262 -0.9246 0.9646, -1.5039 -0.9543 0.9843, -1.5037 -0.953 0.9741, -1.5032 -0.9491 0.9646, -1.5023 -0.9429 0.9564, -1.5013 -0.9348 0.9502, -1.5 -0.9254 0.9462, -1.4987 -0.9153 0.9449, -1.378 -0.9232 0.9449, -1.378 -0.9334 0.9462, -1.378 -0.9429 0.9502, -1.378 -0.9511 0.9564, -1.378 -0.9573 0.9646, -1.378 -0.9613 0.9741, -1.378 -0.9626 0.9843, 0.5965 -0.9626 0.9843, 0.5459 -0.9626 0.9843, 0.4845 -0.9626 0.9843, 0.396 -0.9626 0.9843, 0.3587 -0.9626 0.9843, 0.2855 -0.9626 0.9843, 0.1499 -0.9626 0.9843, 0.1403 -0.9626 0.9843, -0.0138 -0.9626 0.9843, -1.0919 -0.9626 0.9843, -1.378 0.6632 -0.0327, 1.378 0.6632 -0.0327, -1.378 0.7106 -0.013, 1.378 0.7106 -0.013, -1.378 0.7514 0.0183, 1.378 0.7514 0.0183, -1.378 0.7827 0.0591, 1.378 0.7827 0.0591, -1.378 0.8023 0.1065, 1.378 0.8023 0.1065, -1.378 0.8091 0.1575, 1.378 0.8091 0.1575, 1.4765 0.6558 -0.0327, 1.4836 0.7027 -0.013, 1.4896 0.743 0.0183, 1.4943 0.774 0.0591, 1.4972 0.7934 0.1065, 1.4982 0.8 0.1575, 1.5453 0.7893 0.1575, 1.6139 0.7668 0.1065, 1.6158 0.7732 0.1575, 1.7057 0.7379 0.1575, 1.7252 0.7231 0.1065, 1.7281 0.7291 0.1575, 1.8326 0.6688 0.1575, 1.8288 0.6633 0.1065, 1.8514 0.6538 0.1575, 1.9223 0.5887 0.1065, 1.9269 0.5936 0.1575, 2.0037 0.501 0.1065, 1.9761 0.5405 0.1575, 2.009 0.5052 0.1575, 2.0769 0.4055 0.1575, 2.0711 0.4022 0.1065, 2.1292 0.2968 0.1575, 2.123 0.2944 0.1065, 2.1435 0.2507 0.1575, 2.1583 0.1801 0.1065, 2.1648 0.1816 0.1575, 2.1792 0.0861 0.1575, 2.1761 0.0618 0.1065, 2.1828 0.0623 0.1575, 2.1828 -0.0583 0.1575, 2.1761 -0.0578 0.1065, 2.1792 -0.0822 0.1575, 2.1583 -0.1761 0.1065, 2.1648 -0.1776 0.1575, 2.123 -0.2904 0.1065, 2.1435 -0.2468 0.1575, 2.1292 -0.2929 0.1575, 2.0769 -0.4016 0.1575, 2.0711 -0.3982 0.1065, 2.009 -0.5012 0.1575, 2.0037 -0.4971 0.1065, 1.9761 -0.5366 0.1575, 1.9223 -0.5848 0.1065, 1.9269 -0.5897 0.1575, 1.8514 -0.6498 0.1575, 1.8288 -0.6593 0.1065, 1.8326 -0.6649 0.1575, 1.7281 -0.7252 0.1575, 1.7252 -0.7191 0.1065, 1.7057 -0.734 0.1575, 1.6139 -0.7629 0.1065, 1.6158 -0.7693 0.1575, 1.4972 -0.7895 0.1065, 1.5453 -0.7854 0.1575, 1.4982 -0.7961 0.1575, 1.378 -0.8051 0.1575, 1.378 -0.7984 0.1065, 1.6081 0.748 0.0591, 1.7167 0.7054 0.0591, 1.8177 0.647 0.0591, 1.909 0.5743 0.0591, 1.9883 0.4887 0.0591, 2.0541 0.3923 0.0591, 2.1047 0.2872 0.0591, 2.1391 0.1757 0.0591, 2.1565 0.0603 0.0591, 2.1565 -0.0564 0.0591, 2.1391 -0.1718 0.0591, 2.1047 -0.2833 0.0591, 2.0541 -0.3884 0.0591, 1.9883 -0.4848 0.0591, 1.909 -0.5703 0.0591, 1.8177 -0.6431 0.0591, 1.7167 -0.7014 0.0591, 1.6081 -0.7441 0.0591, 1.4943 -0.77 0.0591, 1.378 -0.7787 0.0591, 1.5989 0.7181 0.0183, 1.7031 0.6772 0.0183, 1.8001 0.6212 0.0183, 1.8877 0.5513 0.0183, 1.9639 0.4692 0.0183, 2.027 0.3767 0.0183, 2.0756 0.2758 0.0183, 2.1086 0.1687 0.0183, 2.1253 0.058 0.0183, 2.1253 -0.054 0.0183, 2.1086 -0.1648 0.0183, 2.0756 -0.2718 0.0183, 2.027 -0.3727 0.0183, 1.9639 -0.4653 0.0183, 1.8877 -0.5474 0.0183, 1.8001 -0.6172 0.0183, 1.7031 -0.6732 0.0183, 1.5989 -0.7142 0.0183, 1.4896 -0.7391 0.0183, 1.378 -0.7475 0.0183, 1.5868 0.6791 -0.013, 1.6854 0.6405 -0.013, 1.7772 0.5875 -0.013, 1.86 0.5215 -0.013, 1.932 0.4438 -0.013, 1.9917 0.3563 -0.013, 2.0376 0.2609 -0.013, 2.0688 0.1597 -0.013, 2.0846 0.0549 -0.013, 2.0846 -0.051 -0.013, 2.0688 -0.1557 -0.013, 2.0376 -0.2569 -0.013, 1.9917 -0.3524 -0.013, 1.932 -0.4399 -0.013, 1.86 -0.5175 -0.013, 1.7772 -0.5836 -0.013, 1.6854 -0.6365 -0.013, 1.5868 -0.6752 -0.013, 1.4836 -0.6988 -0.013, 1.378 -0.7067 -0.013, 1.5728 0.6338 -0.0327, 1.6648 0.5977 -0.0327, 1.7504 0.5483 -0.0327, 1.8277 0.4867 -0.0327, 1.8949 0.4142 -0.0327, 1.9506 0.3326 -0.0327, 1.9934 0.2435 -0.0327, 2.0226 0.1491 -0.0327, 2.0373 0.0514 -0.0327, 2.0373 -0.0474 -0.0327, 2.0226 -0.1452 -0.0327, 1.9934 -0.2396 -0.0327, 1.9506 -0.3286 -0.0327, 1.8949 -0.4103 -0.0327, 1.8277 -0.4827 -0.0327, 1.7504 -0.5443 -0.0327, 1.6648 -0.5937 -0.0327, 1.5728 -0.6298 -0.0327, 1.4765 -0.6518 -0.0327, 1.378 -0.6592 -0.0327, -1.378 -0.6592 -0.0327, -1.4765 -0.6518 -0.0327, -1.378 -0.7067 -0.013, -1.4836 -0.6988 -0.013, -1.378 -0.7475 0.0183, -1.4896 -0.7391 0.0183, -1.378 -0.7787 0.0591, -1.4943 -0.77 0.0591, -1.378 -0.7984 0.1065, -1.4972 -0.7895 0.1065, -1.378 -0.8051 0.1575, -1.4982 -0.7961 0.1575, -1.5453 -0.7854 0.1575, -1.6139 -0.7629 0.1065, -1.6158 -0.7693 0.1575, -1.7057 -0.734 0.1575, -1.7252 -0.7191 0.1065, -1.7281 -0.7252 0.1575, -1.8326 -0.6649 0.1575, -1.8288 -0.6593 0.1065, -1.8514 -0.6498 0.1575, -1.9223 -0.5848 0.1065, -1.9269 -0.5897 0.1575, -2.0037 -0.4971 0.1065, -1.9761 -0.5366 0.1575, -2.009 -0.5012 0.1575, -2.0769 -0.4016 0.1575, -2.0711 -0.3982 0.1065, -2.1292 -0.2929 0.1575, -2.123 -0.2904 0.1065, -2.1435 -0.2468 0.1575, -2.1583 -0.1761 0.1065, -2.1648 -0.1776 0.1575, -2.1792 -0.0822 0.1575, -2.1761 -0.0578 0.1065, -2.1828 -0.0583 0.1575, -2.1828 0.0623 0.1575, -2.1761 0.0618 0.1065, -2.1792 0.0861 0.1575, -2.1583 0.1801 0.1065, -2.1648 0.1816 0.1575, -2.123 0.2944 0.1065, -2.1435 0.2507 0.1575, -2.1292 0.2968 0.1575, -2.0769 0.4055 0.1575, -2.0711 0.4022 0.1065, -2.009 0.5052 0.1575, -2.0037 0.501 0.1065, -1.9761 0.5405 0.1575, -1.9223 0.5887 0.1065, -1.9269 0.5936 0.1575, -1.8514 0.6538 0.1575, -1.8288 0.6633 0.1065, -1.8326 0.6688 0.1575, -1.7281 0.7291 0.1575, -1.7252 0.7231 0.1065, -1.7057 0.7379 0.1575, -1.6139 0.7668 0.1065, -1.6158 0.7732 0.1575, -1.4972 0.7934 0.1065, -1.5453 0.7893 0.1575, -1.4982 0.8 0.1575, -1.6081 -0.7441 0.0591, -1.7167 -0.7014 0.0591, -1.8177 -0.6431 0.0591, -1.909 -0.5703 0.0591, -1.9883 -0.4848 0.0591, -2.0541 -0.3884 0.0591, -2.1047 -0.2833 0.0591, -2.1391 -0.1718 0.0591, -2.1565 -0.0564 0.0591, -2.1565 0.0603 0.0591, -2.1391 0.1757 0.0591, -2.1047 0.2872 0.0591, -2.0541 0.3923 0.0591, -1.9883 0.4887 0.0591, -1.909 0.5743 0.0591, -1.8177 0.647 0.0591, -1.7167 0.7054 0.0591, -1.6081 0.748 0.0591, -1.4943 0.774 0.0591, -1.5989 -0.7142 0.0183, -1.7031 -0.6732 0.0183, -1.8001 -0.6172 0.0183, -1.8877 -0.5474 0.0183, -1.9639 -0.4653 0.0183, -2.027 -0.3727 0.0183, -2.0756 -0.2718 0.0183, -2.1086 -0.1648 0.0183, -2.1253 -0.054 0.0183, -2.1253 0.058 0.0183, -2.1086 0.1687 0.0183, -2.0756 0.2758 0.0183, -2.027 0.3767 0.0183, -1.9639 0.4692 0.0183, -1.8877 0.5513 0.0183, -1.8001 0.6212 0.0183, -1.7031 0.6772 0.0183, -1.5989 0.7181 0.0183, -1.4896 0.743 0.0183, -1.5868 -0.6752 -0.013, -1.6854 -0.6365 -0.013, -1.7772 -0.5836 -0.013, -1.86 -0.5175 -0.013, -1.932 -0.4399 -0.013, -1.9917 -0.3524 -0.013, -2.0376 -0.2569 -0.013, -2.0688 -0.1557 -0.013, -2.0846 -0.051 -0.013, -2.0846 0.0549 -0.013, -2.0688 0.1597 -0.013, -2.0376 0.2609 -0.013, -1.9917 0.3563 -0.013, -1.932 0.4438 -0.013, -1.86 0.5215 -0.013, -1.7772 0.5875 -0.013, -1.6854 0.6405 -0.013, -1.5868 0.6791 -0.013, -1.4836 0.7027 -0.013, -1.5728 -0.6298 -0.0327, -1.6648 -0.5937 -0.0327, -1.7504 -0.5443 -0.0327, -1.8277 -0.4827 -0.0327, -1.8949 -0.4103 -0.0327, -1.9506 -0.3286 -0.0327, -1.9934 -0.2396 -0.0327, -2.0226 -0.1452 -0.0327, -2.0373 -0.0474 -0.0327, -2.0373 0.0514 -0.0327, -2.0226 0.1491 -0.0327, -1.9934 0.2435 -0.0327, -1.9506 0.3326 -0.0327, -1.8949 0.4142 -0.0327, -1.8277 0.4867 -0.0327, -1.7504 0.5483 -0.0327, -1.6648 0.5977 -0.0327, -1.5728 0.6338 -0.0327, -1.4765 0.6558 -0.0327
            ]
        }
        coordIndex [
            0,1,2,-1,0,2,3,-1,1,4,5,-1,5,4,6,-1,5,6,7,-1,8,9,10,-1,10,9,5,-1,10,5,11,-1,11,5,7,-1,12,13,14,-1,8,15,9,-1,9,15,16,-1,9,16,17,-1,1,5,2,-1,2,5,18,-1,2,18,14,-1,19,20,21,-1,19,21,22,-1,13,23,14,-1,14,23,24,-1,14,24,2,-1,25,26,2,-1,2,26,27,-1,2,27,3,-1,22,21,14,-1,14,21,28,-1,14,28,12,-1,17,16,29,-1,29,16,30,-1,29,30,31,-1,31,30,32,-1,31,32,33,-1,33,32,34,-1,33,34,35,-1,35,34,36,-1,35,36,37,-1,37,36,38,-1,37,38,39,-1,39,38,40,-1,39,40,41,-1,41,40,42,-1,41,42,43,-1,43,42,44,-1,43,44,45,-1,45,44,46,-1,45,46,47,-1,47,46,48,-1,47,48,25,-1,25,48,49,-1,25,49,26,-1,50,51,52,-1,50,52,53,-1,54,55,56,-1,51,57,58,-1,58,57,59,-1,58,59,60,-1,61,62,63,-1,63,62,58,-1,63,58,64,-1,64,58,60,-1,56,55,52,-1,52,55,65,-1,52,65,53,-1,58,66,51,-1,51,66,67,-1,51,67,68,-1,68,69,51,-1,51,69,70,-1,51,70,71,-1,71,72,51,-1,51,72,73,-1,51,73,74,-1,74,75,51,-1,51,75,76,-1,51,76,52,-1,54,56,77,-1,77,56,78,-1,77,78,79,-1,79,78,80,-1,79,80,81,-1,81,80,82,-1,81,82,83,-1,83,82,84,-1,83,84,85,-1,85,84,86,-1,85,86,87,-1,87,86,88,-1,87,88,89,-1,89,88,90,-1,89,90,91,-1,91,90,92,-1,91,92,93,-1,93,92,94,-1,93,94,95,-1,95,94,96,-1,95,96,97,-1,61,98,62,-1,62,98,97,-1,62,97,99,-1,99,97,96,-1,100,101,102,-1,103,101,104,-1,105,106,102,-1,102,106,107,-1,102,107,108,-1,109,110,111,-1,111,110,112,-1,104,113,103,-1,103,113,114,-1,103,114,110,-1,110,114,115,-1,110,115,112,-1,101,103,102,-1,102,103,116,-1,102,116,117,-1,108,118,102,-1,102,118,119,-1,102,119,100,-1,109,111,120,-1,120,111,121,-1,120,121,122,-1,122,121,123,-1,122,123,124,-1,124,123,125,-1,124,125,126,-1,126,125,127,-1,126,127,128,-1,128,127,129,-1,128,129,130,-1,130,129,131,-1,130,131,132,-1,132,131,133,-1,132,133,134,-1,134,133,135,-1,134,135,136,-1,136,135,137,-1,136,137,138,-1,138,137,139,-1,138,139,105,-1,105,139,140,-1,105,140,106,-1,141,142,117,-1,117,142,143,-1,117,143,102,-1,141,144,142,-1,142,144,145,-1,142,145,146,-1,147,148,146,-1,146,148,149,-1,146,149,142,-1,15,150,16,-1,16,150,151,-1,16,151,30,-1,30,151,152,-1,30,152,32,-1,32,152,153,-1,32,153,34,-1,34,153,154,-1,34,154,36,-1,36,154,155,-1,36,155,38,-1,38,155,156,-1,38,156,40,-1,40,156,157,-1,40,157,42,-1,42,157,158,-1,42,158,44,-1,44,158,159,-1,44,159,46,-1,46,159,160,-1,46,160,48,-1,48,160,161,-1,48,161,49,-1,49,161,162,-1,49,162,26,-1,26,162,163,-1,26,163,27,-1,27,163,164,-1,27,164,3,-1,3,164,165,-1,3,165,0,-1,0,165,166,-1,0,166,1,-1,1,166,167,-1,1,167,4,-1,4,167,168,-1,4,168,6,-1,6,168,169,-1,6,169,7,-1,7,169,170,-1,7,170,11,-1,11,170,171,-1,11,171,10,-1,10,171,172,-1,10,172,8,-1,8,172,173,-1,8,173,15,-1,15,173,150,-1,98,174,97,-1,97,174,175,-1,97,175,95,-1,95,175,176,-1,95,176,93,-1,93,176,177,-1,93,177,91,-1,91,177,178,-1,91,178,89,-1,89,178,179,-1,89,179,87,-1,87,179,180,-1,87,180,85,-1,85,180,181,-1,85,181,83,-1,83,181,182,-1,83,182,81,-1,81,182,183,-1,81,183,79,-1,79,183,184,-1,79,184,77,-1,77,184,185,-1,77,185,54,-1,54,185,186,-1,54,186,55,-1,55,186,187,-1,55,187,65,-1,65,187,188,-1,65,188,53,-1,53,188,189,-1,53,189,50,-1,50,189,190,-1,50,190,51,-1,51,190,191,-1,51,191,57,-1,57,191,192,-1,57,192,59,-1,59,192,193,-1,59,193,60,-1,60,193,194,-1,60,194,64,-1,64,194,195,-1,64,195,63,-1,63,195,196,-1,63,196,61,-1,61,196,197,-1,61,197,98,-1,98,197,174,-1,112,198,111,-1,111,198,199,-1,111,199,121,-1,121,199,200,-1,121,200,123,-1,123,200,201,-1,123,201,125,-1,125,201,202,-1,125,202,127,-1,127,202,203,-1,127,203,129,-1,129,203,204,-1,129,204,131,-1,131,204,205,-1,131,205,133,-1,133,205,206,-1,133,206,135,-1,135,206,207,-1,135,207,137,-1,137,207,208,-1,137,208,139,-1,139,208,209,-1,139,209,140,-1,140,209,210,-1,140,210,106,-1,106,210,211,-1,106,211,107,-1,107,211,212,-1,107,212,108,-1,108,212,213,-1,108,213,118,-1,118,213,214,-1,118,214,119,-1,119,214,215,-1,119,215,100,-1,100,215,216,-1,100,216,101,-1,101,216,217,-1,101,217,104,-1,104,217,218,-1,104,218,113,-1,113,218,219,-1,113,219,114,-1,114,219,220,-1,114,220,115,-1,115,220,221,-1,115,221,112,-1,112,221,198,-1,169,222,170,-1,170,222,223,-1,170,223,171,-1,224,219,218,-1,173,225,150,-1,150,225,226,-1,150,226,151,-1,172,227,173,-1,173,227,228,-1,173,228,225,-1,224,218,229,-1,208,207,230,-1,202,201,182,-1,179,178,159,-1,223,231,171,-1,171,231,232,-1,171,232,172,-1,172,232,233,-1,172,233,227,-1,167,224,168,-1,168,224,234,-1,168,234,169,-1,169,234,235,-1,169,235,222,-1,194,193,224,-1,224,193,192,-1,224,192,219,-1,219,192,191,-1,219,191,220,-1,220,191,190,-1,220,190,221,-1,213,236,214,-1,214,236,237,-1,214,237,215,-1,212,238,213,-1,213,238,239,-1,213,239,236,-1,209,240,210,-1,210,240,241,-1,210,241,211,-1,230,242,208,-1,208,242,243,-1,208,243,209,-1,209,243,244,-1,209,244,240,-1,205,245,206,-1,206,245,246,-1,206,246,207,-1,207,246,247,-1,207,247,230,-1,203,248,204,-1,204,248,249,-1,204,249,205,-1,205,249,250,-1,205,250,245,-1,152,251,153,-1,153,251,252,-1,153,252,154,-1,176,175,165,-1,165,175,174,-1,165,174,166,-1,166,174,197,-1,166,197,167,-1,167,197,196,-1,167,196,224,-1,224,196,195,-1,224,195,194,-1,241,253,211,-1,211,253,254,-1,211,254,212,-1,212,254,255,-1,212,255,238,-1,202,182,203,-1,176,165,177,-1,177,165,164,-1,177,164,163,-1,155,256,156,-1,156,256,257,-1,156,257,157,-1,252,258,154,-1,154,258,259,-1,154,259,155,-1,155,259,260,-1,155,260,256,-1,221,190,198,-1,198,190,189,-1,198,189,188,-1,203,182,248,-1,248,182,181,-1,248,181,180,-1,226,261,151,-1,151,261,262,-1,151,262,152,-1,152,262,263,-1,152,263,251,-1,218,217,229,-1,229,217,216,-1,229,216,264,-1,264,216,215,-1,264,215,265,-1,265,215,237,-1,157,257,158,-1,158,257,248,-1,158,248,159,-1,159,248,180,-1,159,180,179,-1,163,162,177,-1,177,162,161,-1,177,161,178,-1,178,161,160,-1,178,160,159,-1,188,187,198,-1,198,187,186,-1,198,186,199,-1,199,186,185,-1,199,185,200,-1,200,185,184,-1,200,184,201,-1,201,184,183,-1,201,183,182,-1,266,267,268,-1,267,269,270,-1,269,271,272,-1,271,273,274,-1,273,275,276,-1,275,277,278,-1,279,280,281,-1,275,278,276,-1,276,278,282,-1,276,282,281,-1,281,282,283,-1,281,283,279,-1,284,285,286,-1,279,287,280,-1,280,287,288,-1,280,288,289,-1,289,288,290,-1,289,290,291,-1,291,290,292,-1,291,292,286,-1,286,292,293,-1,286,293,284,-1,294,295,296,-1,284,297,285,-1,285,297,298,-1,285,298,299,-1,299,298,300,-1,299,300,301,-1,301,300,302,-1,301,302,296,-1,296,302,303,-1,296,303,294,-1,294,304,295,-1,295,304,305,-1,295,305,306,-1,273,276,274,-1,274,276,281,-1,274,281,307,-1,307,281,280,-1,307,280,308,-1,308,280,289,-1,308,289,309,-1,309,289,291,-1,309,291,310,-1,310,291,286,-1,310,286,311,-1,311,286,285,-1,311,285,312,-1,312,285,299,-1,312,299,313,-1,313,299,301,-1,313,301,314,-1,314,301,296,-1,314,296,315,-1,315,296,295,-1,315,295,316,-1,316,295,306,-1,316,306,317,-1,271,274,272,-1,272,274,307,-1,272,307,318,-1,318,307,308,-1,318,308,319,-1,319,308,309,-1,319,309,320,-1,320,309,310,-1,320,310,321,-1,321,310,311,-1,321,311,322,-1,322,311,312,-1,322,312,323,-1,323,312,313,-1,323,313,324,-1,324,313,314,-1,324,314,325,-1,325,314,315,-1,325,315,326,-1,326,315,316,-1,326,316,327,-1,327,316,317,-1,327,317,328,-1,269,272,270,-1,270,272,318,-1,270,318,329,-1,329,318,319,-1,329,319,330,-1,330,319,320,-1,330,320,331,-1,331,320,321,-1,331,321,332,-1,332,321,322,-1,332,322,333,-1,333,322,323,-1,333,323,334,-1,334,323,324,-1,334,324,335,-1,335,324,325,-1,335,325,336,-1,336,325,326,-1,336,326,337,-1,337,326,327,-1,337,327,338,-1,338,327,328,-1,338,328,339,-1,267,270,268,-1,268,270,329,-1,268,329,340,-1,340,329,330,-1,340,330,341,-1,341,330,331,-1,341,331,342,-1,342,331,332,-1,342,332,343,-1,343,332,333,-1,343,333,344,-1,344,333,334,-1,344,334,345,-1,345,334,335,-1,345,335,346,-1,346,335,336,-1,346,336,347,-1,347,336,337,-1,347,337,348,-1,348,337,338,-1,348,338,349,-1,349,338,339,-1,349,339,350,-1,266,268,351,-1,351,268,340,-1,351,340,352,-1,352,340,341,-1,352,341,353,-1,353,341,342,-1,353,342,354,-1,354,342,343,-1,354,343,355,-1,355,343,344,-1,355,344,356,-1,356,344,345,-1,356,345,357,-1,357,345,346,-1,357,346,358,-1,358,346,347,-1,358,347,359,-1,359,347,348,-1,359,348,360,-1,360,348,349,-1,360,349,361,-1,361,349,350,-1,361,350,362,-1,266,363,364,-1,266,364,267,-1,267,364,365,-1,267,365,269,-1,269,365,366,-1,269,366,271,-1,271,366,367,-1,271,367,273,-1,273,367,368,-1,273,368,275,-1,275,368,369,-1,275,369,277,-1,362,350,370,-1,350,339,371,-1,339,328,372,-1,328,317,373,-1,317,306,374,-1,306,305,375,-1,376,377,378,-1,306,375,374,-1,374,375,379,-1,374,379,378,-1,378,379,380,-1,378,380,376,-1,381,382,383,-1,376,384,377,-1,377,384,385,-1,377,385,386,-1,386,385,387,-1,386,387,388,-1,388,387,389,-1,388,389,383,-1,383,389,390,-1,383,390,381,-1,391,392,393,-1,381,394,382,-1,382,394,395,-1,382,395,396,-1,396,395,397,-1,396,397,398,-1,398,397,399,-1,398,399,393,-1,393,399,400,-1,393,400,391,-1,391,401,392,-1,392,401,402,-1,392,402,403,-1,317,374,373,-1,373,374,378,-1,373,378,404,-1,404,378,377,-1,404,377,405,-1,405,377,386,-1,405,386,406,-1,406,386,388,-1,406,388,407,-1,407,388,383,-1,407,383,408,-1,408,383,382,-1,408,382,409,-1,409,382,396,-1,409,396,410,-1,410,396,398,-1,410,398,411,-1,411,398,393,-1,411,393,412,-1,412,393,392,-1,412,392,413,-1,413,392,403,-1,413,403,414,-1,328,373,372,-1,372,373,404,-1,372,404,415,-1,415,404,405,-1,415,405,416,-1,416,405,406,-1,416,406,417,-1,417,406,407,-1,417,407,418,-1,418,407,408,-1,418,408,419,-1,419,408,409,-1,419,409,420,-1,420,409,410,-1,420,410,421,-1,421,410,411,-1,421,411,422,-1,422,411,412,-1,422,412,423,-1,423,412,413,-1,423,413,424,-1,424,413,414,-1,424,414,425,-1,339,372,371,-1,371,372,415,-1,371,415,426,-1,426,415,416,-1,426,416,427,-1,427,416,417,-1,427,417,428,-1,428,417,418,-1,428,418,429,-1,429,418,419,-1,429,419,430,-1,430,419,420,-1,430,420,431,-1,431,420,421,-1,431,421,432,-1,432,421,422,-1,432,422,433,-1,433,422,423,-1,433,423,434,-1,434,423,424,-1,434,424,435,-1,435,424,425,-1,435,425,436,-1,350,371,370,-1,370,371,426,-1,370,426,437,-1,437,426,427,-1,437,427,438,-1,438,427,428,-1,438,428,439,-1,439,428,429,-1,439,429,440,-1,440,429,430,-1,440,430,441,-1,441,430,431,-1,441,431,442,-1,442,431,432,-1,442,432,443,-1,443,432,433,-1,443,433,444,-1,444,433,434,-1,444,434,445,-1,445,434,435,-1,445,435,446,-1,446,435,436,-1,446,436,447,-1,362,370,448,-1,448,370,437,-1,448,437,449,-1,449,437,438,-1,449,438,450,-1,450,438,439,-1,450,439,451,-1,451,439,440,-1,451,440,452,-1,452,440,441,-1,452,441,453,-1,453,441,442,-1,453,442,454,-1,454,442,443,-1,454,443,455,-1,455,443,444,-1,455,444,456,-1,456,444,445,-1,456,445,457,-1,457,445,446,-1,457,446,458,-1,458,446,447,-1,458,447,459,-1,460,461,462,-1,461,463,464,-1,463,465,466,-1,465,467,468,-1,467,469,470,-1,469,471,472,-1,473,474,475,-1,469,472,470,-1,470,472,476,-1,470,476,475,-1,475,476,477,-1,475,477,473,-1,478,479,480,-1,473,481,474,-1,474,481,482,-1,474,482,483,-1,483,482,484,-1,483,484,485,-1,485,484,486,-1,485,486,480,-1,480,486,487,-1,480,487,478,-1,488,489,490,-1,478,491,479,-1,479,491,492,-1,479,492,493,-1,493,492,494,-1,493,494,495,-1,495,494,496,-1,495,496,490,-1,490,496,497,-1,490,497,488,-1,488,498,489,-1,489,498,369,-1,489,369,368,-1,467,470,468,-1,468,470,475,-1,468,475,499,-1,499,475,474,-1,499,474,500,-1,500,474,483,-1,500,483,501,-1,501,483,485,-1,501,485,502,-1,502,485,480,-1,502,480,503,-1,503,480,479,-1,503,479,504,-1,504,479,493,-1,504,493,505,-1,505,493,495,-1,505,495,506,-1,506,495,490,-1,506,490,507,-1,507,490,489,-1,507,489,508,-1,508,489,368,-1,508,368,367,-1,465,468,466,-1,466,468,499,-1,466,499,509,-1,509,499,500,-1,509,500,510,-1,510,500,501,-1,510,501,511,-1,511,501,502,-1,511,502,512,-1,512,502,503,-1,512,503,513,-1,513,503,504,-1,513,504,514,-1,514,504,505,-1,514,505,515,-1,515,505,506,-1,515,506,516,-1,516,506,507,-1,516,507,517,-1,517,507,508,-1,517,508,518,-1,518,508,367,-1,518,367,366,-1,463,466,464,-1,464,466,509,-1,464,509,519,-1,519,509,510,-1,519,510,520,-1,520,510,511,-1,520,511,521,-1,521,511,512,-1,521,512,522,-1,522,512,513,-1,522,513,523,-1,523,513,514,-1,523,514,524,-1,524,514,515,-1,524,515,525,-1,525,515,516,-1,525,516,526,-1,526,516,517,-1,526,517,527,-1,527,517,518,-1,527,518,528,-1,528,518,366,-1,528,366,365,-1,461,464,462,-1,462,464,519,-1,462,519,529,-1,529,519,520,-1,529,520,530,-1,530,520,521,-1,530,521,531,-1,531,521,522,-1,531,522,532,-1,532,522,523,-1,532,523,533,-1,533,523,524,-1,533,524,534,-1,534,524,525,-1,534,525,535,-1,535,525,526,-1,535,526,536,-1,536,526,527,-1,536,527,537,-1,537,527,528,-1,537,528,538,-1,538,528,365,-1,538,365,364,-1,460,462,539,-1,539,462,529,-1,539,529,540,-1,540,529,530,-1,540,530,541,-1,541,530,531,-1,541,531,542,-1,542,531,532,-1,542,532,543,-1,543,532,533,-1,543,533,544,-1,544,533,534,-1,544,534,545,-1,545,534,535,-1,545,535,546,-1,546,535,536,-1,546,536,547,-1,547,536,537,-1,547,537,548,-1,548,537,538,-1,548,538,549,-1,549,538,364,-1,549,364,363,-1,550,459,447,-1,550,447,551,-1,551,447,436,-1,551,436,552,-1,552,436,425,-1,552,425,553,-1,553,425,414,-1,553,414,554,-1,554,414,403,-1,554,403,555,-1,555,403,402,-1,555,402,556,-1,550,551,557,-1,551,552,558,-1,552,553,559,-1,553,554,560,-1,554,555,561,-1,555,556,562,-1,563,564,565,-1,555,562,561,-1,561,562,566,-1,561,566,565,-1,565,566,567,-1,565,567,563,-1,568,569,570,-1,563,571,564,-1,564,571,572,-1,564,572,573,-1,573,572,574,-1,573,574,575,-1,575,574,576,-1,575,576,570,-1,570,576,577,-1,570,577,568,-1,578,579,580,-1,568,581,569,-1,569,581,582,-1,569,582,583,-1,583,582,584,-1,583,584,585,-1,585,584,586,-1,585,586,580,-1,580,586,587,-1,580,587,578,-1,578,588,579,-1,579,588,471,-1,579,471,469,-1,554,561,560,-1,560,561,565,-1,560,565,589,-1,589,565,564,-1,589,564,590,-1,590,564,573,-1,590,573,591,-1,591,573,575,-1,591,575,592,-1,592,575,570,-1,592,570,593,-1,593,570,569,-1,593,569,594,-1,594,569,583,-1,594,583,595,-1,595,583,585,-1,595,585,596,-1,596,585,580,-1,596,580,597,-1,597,580,579,-1,597,579,598,-1,598,579,469,-1,598,469,467,-1,553,560,559,-1,559,560,589,-1,559,589,599,-1,599,589,590,-1,599,590,600,-1,600,590,591,-1,600,591,601,-1,601,591,592,-1,601,592,602,-1,602,592,593,-1,602,593,603,-1,603,593,594,-1,603,594,604,-1,604,594,595,-1,604,595,605,-1,605,595,596,-1,605,596,606,-1,606,596,597,-1,606,597,607,-1,607,597,598,-1,607,598,608,-1,608,598,467,-1,608,467,465,-1,552,559,558,-1,558,559,599,-1,558,599,609,-1,609,599,600,-1,609,600,610,-1,610,600,601,-1,610,601,611,-1,611,601,602,-1,611,602,612,-1,612,602,603,-1,612,603,613,-1,613,603,604,-1,613,604,614,-1,614,604,605,-1,614,605,615,-1,615,605,606,-1,615,606,616,-1,616,606,607,-1,616,607,617,-1,617,607,608,-1,617,608,618,-1,618,608,465,-1,618,465,463,-1,551,558,557,-1,557,558,609,-1,557,609,619,-1,619,609,610,-1,619,610,620,-1,620,610,611,-1,620,611,621,-1,621,611,612,-1,621,612,622,-1,622,612,613,-1,622,613,623,-1,623,613,614,-1,623,614,624,-1,624,614,615,-1,624,615,625,-1,625,615,616,-1,625,616,626,-1,626,616,617,-1,626,617,627,-1,627,617,618,-1,627,618,628,-1,628,618,463,-1,628,463,461,-1,550,557,629,-1,629,557,619,-1,629,619,630,-1,630,619,620,-1,630,620,631,-1,631,620,621,-1,631,621,632,-1,632,621,622,-1,632,622,633,-1,633,622,623,-1,633,623,634,-1,634,623,624,-1,634,624,635,-1,635,624,625,-1,635,625,636,-1,636,625,626,-1,636,626,637,-1,637,626,627,-1,637,627,638,-1,638,627,628,-1,638,628,639,-1,639,628,461,-1,639,461,460,-1,640,641,642,-1,643,644,645,-1,646,647,648,-1,649,650,651,-1,652,653,654,-1,655,656,657,-1,658,659,660,-1,660,659,661,-1,660,661,662,-1,662,661,663,-1,662,663,664,-1,664,663,665,-1,664,665,666,-1,666,665,667,-1,666,667,668,-1,668,667,657,-1,668,657,669,-1,669,657,656,-1,659,670,661,-1,661,670,671,-1,661,671,663,-1,663,671,672,-1,663,672,665,-1,665,672,673,-1,665,673,667,-1,667,673,674,-1,667,674,657,-1,657,674,654,-1,657,654,655,-1,655,654,653,-1,675,652,676,-1,676,652,654,-1,676,654,677,-1,677,654,674,-1,677,674,678,-1,678,674,673,-1,678,673,679,-1,679,673,672,-1,679,672,680,-1,680,672,671,-1,680,671,681,-1,681,671,670,-1,681,682,680,-1,680,682,683,-1,680,683,679,-1,679,683,684,-1,679,684,678,-1,678,684,685,-1,678,685,677,-1,677,685,686,-1,677,686,676,-1,676,686,687,-1,676,687,675,-1,675,687,688,-1,682,689,683,-1,683,689,690,-1,683,690,684,-1,684,690,691,-1,684,691,685,-1,685,691,692,-1,685,692,686,-1,686,692,693,-1,686,693,687,-1,687,693,651,-1,687,651,688,-1,688,651,650,-1,689,694,690,-1,690,694,695,-1,690,695,691,-1,691,695,696,-1,691,696,692,-1,692,696,697,-1,692,697,693,-1,693,697,698,-1,693,698,651,-1,651,698,648,-1,651,648,649,-1,649,648,647,-1,699,646,700,-1,700,646,648,-1,700,648,701,-1,701,648,698,-1,701,698,702,-1,702,698,697,-1,702,697,703,-1,703,697,696,-1,703,696,704,-1,704,696,695,-1,704,695,705,-1,705,695,694,-1,705,706,704,-1,704,706,707,-1,704,707,703,-1,703,707,708,-1,703,708,702,-1,702,708,709,-1,702,709,701,-1,701,709,710,-1,701,710,700,-1,700,710,711,-1,700,711,699,-1,699,711,712,-1,706,713,707,-1,707,713,714,-1,707,714,708,-1,708,714,715,-1,708,715,709,-1,709,715,716,-1,709,716,710,-1,710,716,717,-1,710,717,711,-1,711,717,645,-1,711,645,712,-1,712,645,644,-1,713,718,714,-1,714,718,719,-1,714,719,715,-1,715,719,720,-1,715,720,716,-1,716,720,721,-1,716,721,717,-1,717,721,722,-1,717,722,645,-1,645,722,642,-1,645,642,643,-1,643,642,641,-1,723,640,724,-1,724,640,642,-1,724,642,725,-1,725,642,722,-1,725,722,726,-1,726,722,721,-1,726,721,727,-1,727,721,720,-1,727,720,728,-1,728,720,719,-1,728,719,729,-1,729,719,718,-1,729,730,728,-1,728,730,731,-1,728,731,727,-1,727,731,732,-1,727,732,726,-1,726,732,733,-1,726,733,725,-1,725,733,734,-1,725,734,724,-1,724,734,735,-1,724,735,723,-1,723,735,736,-1,737,658,660,-1,737,660,738,-1,738,660,662,-1,738,662,739,-1,739,662,664,-1,739,664,740,-1,740,664,666,-1,740,666,741,-1,741,666,668,-1,741,668,742,-1,742,668,669,-1,742,669,743,-1,744,745,746,-1,747,748,749,-1,750,751,752,-1,753,754,755,-1,756,757,758,-1,759,760,761,-1,730,762,731,-1,731,762,763,-1,731,763,732,-1,732,763,764,-1,732,764,733,-1,733,764,765,-1,733,765,734,-1,734,765,766,-1,734,766,735,-1,735,766,761,-1,735,761,736,-1,736,761,760,-1,762,767,763,-1,763,767,768,-1,763,768,764,-1,764,768,769,-1,764,769,765,-1,765,769,770,-1,765,770,766,-1,766,770,771,-1,766,771,761,-1,761,771,758,-1,761,758,759,-1,759,758,757,-1,772,756,773,-1,773,756,758,-1,773,758,774,-1,774,758,771,-1,774,771,775,-1,775,771,770,-1,775,770,776,-1,776,770,769,-1,776,769,777,-1,777,769,768,-1,777,768,778,-1,778,768,767,-1,778,779,777,-1,777,779,780,-1,777,780,776,-1,776,780,781,-1,776,781,775,-1,775,781,782,-1,775,782,774,-1,774,782,783,-1,774,783,773,-1,773,783,784,-1,773,784,772,-1,772,784,785,-1,779,786,780,-1,780,786,787,-1,780,787,781,-1,781,787,788,-1,781,788,782,-1,782,788,789,-1,782,789,783,-1,783,789,790,-1,783,790,784,-1,784,790,755,-1,784,755,785,-1,785,755,754,-1,786,791,787,-1,787,791,792,-1,787,792,788,-1,788,792,793,-1,788,793,789,-1,789,793,794,-1,789,794,790,-1,790,794,795,-1,790,795,755,-1,755,795,752,-1,755,752,753,-1,753,752,751,-1,796,750,797,-1,797,750,752,-1,797,752,798,-1,798,752,795,-1,798,795,799,-1,799,795,794,-1,799,794,800,-1,800,794,793,-1,800,793,801,-1,801,793,792,-1,801,792,802,-1,802,792,791,-1,802,803,801,-1,801,803,804,-1,801,804,800,-1,800,804,805,-1,800,805,799,-1,799,805,806,-1,799,806,798,-1,798,806,807,-1,798,807,797,-1,797,807,808,-1,797,808,796,-1,796,808,809,-1,803,810,804,-1,804,810,811,-1,804,811,805,-1,805,811,812,-1,805,812,806,-1,806,812,813,-1,806,813,807,-1,807,813,814,-1,807,814,808,-1,808,814,749,-1,808,749,809,-1,809,749,748,-1,810,815,811,-1,811,815,816,-1,811,816,812,-1,812,816,817,-1,812,817,813,-1,813,817,818,-1,813,818,814,-1,814,818,819,-1,814,819,749,-1,749,819,746,-1,749,746,747,-1,747,746,745,-1,820,744,821,-1,821,744,746,-1,821,746,822,-1,822,746,819,-1,822,819,823,-1,823,819,818,-1,823,818,824,-1,824,818,817,-1,824,817,825,-1,825,817,816,-1,825,816,826,-1,826,816,815,-1,826,827,825,-1,825,827,828,-1,825,828,824,-1,824,828,829,-1,824,829,823,-1,823,829,830,-1,823,830,822,-1,822,830,831,-1,822,831,821,-1,821,831,832,-1,821,832,820,-1,820,832,833,-1,834,835,836,-1,837,838,839,-1,840,841,842,-1,843,844,845,-1,846,847,848,-1,849,850,851,-1,852,853,854,-1,854,853,855,-1,854,855,856,-1,856,855,857,-1,856,857,858,-1,858,857,859,-1,858,859,860,-1,860,859,861,-1,860,861,862,-1,862,861,851,-1,862,851,863,-1,863,851,850,-1,853,864,855,-1,855,864,865,-1,855,865,857,-1,857,865,866,-1,857,866,859,-1,859,866,867,-1,859,867,861,-1,861,867,868,-1,861,868,851,-1,851,868,848,-1,851,848,849,-1,849,848,847,-1,869,846,870,-1,870,846,848,-1,870,848,871,-1,871,848,868,-1,871,868,872,-1,872,868,867,-1,872,867,873,-1,873,867,866,-1,873,866,874,-1,874,866,865,-1,874,865,875,-1,875,865,864,-1,875,876,874,-1,874,876,877,-1,874,877,873,-1,873,877,878,-1,873,878,872,-1,872,878,879,-1,872,879,871,-1,871,879,880,-1,871,880,870,-1,870,880,881,-1,870,881,869,-1,869,881,882,-1,876,883,877,-1,877,883,884,-1,877,884,878,-1,878,884,885,-1,878,885,879,-1,879,885,886,-1,879,886,880,-1,880,886,887,-1,880,887,881,-1,881,887,845,-1,881,845,882,-1,882,845,844,-1,883,888,884,-1,884,888,889,-1,884,889,885,-1,885,889,890,-1,885,890,886,-1,886,890,891,-1,886,891,887,-1,887,891,892,-1,887,892,845,-1,845,892,842,-1,845,842,843,-1,843,842,841,-1,893,840,894,-1,894,840,842,-1,894,842,895,-1,895,842,892,-1,895,892,896,-1,896,892,891,-1,896,891,897,-1,897,891,890,-1,897,890,898,-1,898,890,889,-1,898,889,899,-1,899,889,888,-1,899,900,898,-1,898,900,901,-1,898,901,897,-1,897,901,902,-1,897,902,896,-1,896,902,903,-1,896,903,895,-1,895,903,904,-1,895,904,894,-1,894,904,905,-1,894,905,893,-1,893,905,906,-1,900,907,901,-1,901,907,908,-1,901,908,902,-1,902,908,909,-1,902,909,903,-1,903,909,910,-1,903,910,904,-1,904,910,911,-1,904,911,905,-1,905,911,839,-1,905,839,906,-1,906,839,838,-1,907,912,908,-1,908,912,913,-1,908,913,909,-1,909,913,914,-1,909,914,910,-1,910,914,915,-1,910,915,911,-1,911,915,916,-1,911,916,839,-1,839,916,836,-1,839,836,837,-1,837,836,835,-1,917,834,918,-1,918,834,836,-1,918,836,919,-1,919,836,916,-1,919,916,920,-1,920,916,915,-1,920,915,921,-1,921,915,914,-1,921,914,922,-1,922,914,913,-1,922,913,923,-1,923,913,912,-1,923,737,922,-1,922,737,738,-1,922,738,921,-1,921,738,739,-1,921,739,920,-1,920,739,740,-1,920,740,919,-1,919,740,741,-1,919,741,918,-1,918,741,742,-1,918,742,917,-1,917,742,743,-1,827,924,925,-1,827,925,828,-1,828,925,926,-1,828,926,829,-1,829,926,927,-1,829,927,830,-1,830,927,928,-1,830,928,831,-1,831,928,929,-1,831,929,832,-1,832,929,930,-1,832,930,833,-1,931,932,933,-1,934,935,936,-1,937,938,939,-1,940,941,942,-1,943,944,945,-1,946,947,948,-1,924,949,925,-1,925,949,950,-1,925,950,926,-1,926,950,951,-1,926,951,927,-1,927,951,952,-1,927,952,928,-1,928,952,953,-1,928,953,929,-1,929,953,948,-1,929,948,930,-1,930,948,947,-1,949,954,950,-1,950,954,955,-1,950,955,951,-1,951,955,956,-1,951,956,952,-1,952,956,957,-1,952,957,953,-1,953,957,958,-1,953,958,948,-1,948,958,945,-1,948,945,946,-1,946,945,944,-1,959,943,960,-1,960,943,945,-1,960,945,961,-1,961,945,958,-1,961,958,962,-1,962,958,957,-1,962,957,963,-1,963,957,956,-1,963,956,964,-1,964,956,955,-1,964,955,965,-1,965,955,954,-1,965,966,964,-1,964,966,967,-1,964,967,963,-1,963,967,968,-1,963,968,962,-1,962,968,969,-1,962,969,961,-1,961,969,970,-1,961,970,960,-1,960,970,971,-1,960,971,959,-1,959,971,972,-1,966,973,967,-1,967,973,974,-1,967,974,968,-1,968,974,975,-1,968,975,969,-1,969,975,976,-1,969,976,970,-1,970,976,977,-1,970,977,971,-1,971,977,942,-1,971,942,972,-1,972,942,941,-1,973,978,974,-1,974,978,979,-1,974,979,975,-1,975,979,980,-1,975,980,976,-1,976,980,981,-1,976,981,977,-1,977,981,982,-1,977,982,942,-1,942,982,939,-1,942,939,940,-1,940,939,938,-1,983,937,984,-1,984,937,939,-1,984,939,985,-1,985,939,982,-1,985,982,986,-1,986,982,981,-1,986,981,987,-1,987,981,980,-1,987,980,988,-1,988,980,979,-1,988,979,989,-1,989,979,978,-1,989,990,988,-1,988,990,991,-1,988,991,987,-1,987,991,992,-1,987,992,986,-1,986,992,993,-1,986,993,985,-1,985,993,994,-1,985,994,984,-1,984,994,995,-1,984,995,983,-1,983,995,996,-1,990,997,991,-1,991,997,998,-1,991,998,992,-1,992,998,999,-1,992,999,993,-1,993,999,1000,-1,993,1000,994,-1,994,1000,1001,-1,994,1001,995,-1,995,1001,936,-1,995,936,996,-1,996,936,935,-1,997,1002,998,-1,998,1002,1003,-1,998,1003,999,-1,999,1003,1004,-1,999,1004,1000,-1,1000,1004,1005,-1,1000,1005,1001,-1,1001,1005,1006,-1,1001,1006,936,-1,936,1006,933,-1,936,933,934,-1,934,933,932,-1,1007,931,1008,-1,1008,931,933,-1,1008,933,1009,-1,1009,933,1006,-1,1009,1006,1010,-1,1010,1006,1005,-1,1010,1005,1011,-1,1011,1005,1004,-1,1011,1004,1012,-1,1012,1004,1003,-1,1012,1003,1013,-1,1013,1003,1002,-1,1013,852,1012,-1,1012,852,854,-1,1012,854,1011,-1,1011,854,856,-1,1011,856,1010,-1,1010,856,858,-1,1010,858,1009,-1,1009,858,860,-1,1009,860,1008,-1,1008,860,862,-1,1008,862,1007,-1,1007,862,863,-1,1014,1015,1016,-1,1017,1018,1019,-1,1020,1021,1022,-1,1023,1024,1025,-1,1026,1027,1028,-1,1029,1030,1031,-1,1032,1033,1034,-1,1035,1036,1037,-1,1038,1039,1040,-1,1041,1042,1043,-1,1043,1042,1044,-1,1044,1045,1043,-1,1043,1045,1046,-1,1043,1046,1047,-1,1047,1046,1048,-1,1047,1048,1049,-1,1048,1050,1049,-1,1049,1050,1051,-1,1049,1051,1052,-1,1051,1053,1052,-1,1052,1053,1054,-1,1052,1054,1055,-1,1055,1054,1056,-1,1055,1056,1057,-1,1056,1058,1057,-1,1057,1058,1059,-1,1057,1059,1060,-1,1059,1061,1060,-1,1060,1061,1062,-1,1060,1062,1063,-1,1063,1062,1064,-1,1063,1064,1065,-1,1064,1066,1065,-1,1065,1066,1067,-1,1065,1067,1068,-1,1067,1069,1068,-1,1068,1069,1070,-1,1068,1070,1071,-1,1070,1072,1071,-1,1071,1072,1073,-1,1071,1073,1074,-1,1074,1073,1075,-1,1074,1075,1076,-1,1075,1077,1076,-1,1076,1077,1078,-1,1076,1078,1079,-1,1078,1080,1079,-1,1079,1080,1081,-1,1079,1081,1082,-1,1082,1081,1083,-1,1082,1083,1084,-1,1083,1085,1084,-1,1084,1085,1086,-1,1084,1086,1087,-1,1086,1088,1087,-1,1087,1088,1089,-1,1087,1089,1090,-1,1090,1089,1091,-1,1090,1091,1092,-1,1091,1093,1092,-1,1092,1093,1094,-1,1092,1094,1095,-1,1096,1097,1098,-1,1098,1097,1099,-1,1098,1099,1100,-1,1100,1099,1095,-1,1100,1095,1101,-1,1101,1095,1094,-1,1097,1038,1099,-1,1099,1038,1040,-1,1099,1040,1095,-1,1095,1040,1102,-1,1095,1102,1092,-1,1092,1102,1103,-1,1092,1103,1090,-1,1090,1103,1104,-1,1090,1104,1087,-1,1087,1104,1105,-1,1087,1105,1084,-1,1084,1105,1106,-1,1084,1106,1082,-1,1082,1106,1107,-1,1082,1107,1079,-1,1079,1107,1108,-1,1079,1108,1076,-1,1076,1108,1109,-1,1076,1109,1074,-1,1074,1109,1110,-1,1074,1110,1071,-1,1071,1110,1111,-1,1071,1111,1068,-1,1068,1111,1112,-1,1068,1112,1065,-1,1065,1112,1113,-1,1065,1113,1063,-1,1063,1113,1114,-1,1063,1114,1060,-1,1060,1114,1115,-1,1060,1115,1057,-1,1057,1115,1116,-1,1057,1116,1055,-1,1055,1116,1117,-1,1055,1117,1052,-1,1052,1117,1118,-1,1052,1118,1049,-1,1049,1118,1119,-1,1049,1119,1047,-1,1047,1119,1120,-1,1047,1120,1043,-1,1043,1120,1037,-1,1043,1037,1041,-1,1041,1037,1036,-1,1039,1032,1040,-1,1040,1032,1034,-1,1040,1034,1102,-1,1102,1034,1121,-1,1102,1121,1103,-1,1103,1121,1122,-1,1103,1122,1104,-1,1104,1122,1123,-1,1104,1123,1105,-1,1105,1123,1124,-1,1105,1124,1106,-1,1106,1124,1125,-1,1106,1125,1107,-1,1107,1125,1126,-1,1107,1126,1108,-1,1108,1126,1127,-1,1108,1127,1109,-1,1109,1127,1128,-1,1109,1128,1110,-1,1110,1128,1129,-1,1110,1129,1111,-1,1111,1129,1130,-1,1111,1130,1112,-1,1112,1130,1131,-1,1112,1131,1113,-1,1113,1131,1132,-1,1113,1132,1114,-1,1114,1132,1133,-1,1114,1133,1115,-1,1115,1133,1134,-1,1115,1134,1116,-1,1116,1134,1135,-1,1116,1135,1117,-1,1117,1135,1136,-1,1117,1136,1118,-1,1118,1136,1137,-1,1118,1137,1119,-1,1119,1137,1138,-1,1119,1138,1120,-1,1120,1138,1139,-1,1120,1139,1037,-1,1037,1139,1031,-1,1037,1031,1035,-1,1035,1031,1030,-1,1033,1026,1034,-1,1034,1026,1028,-1,1034,1028,1121,-1,1121,1028,1140,-1,1121,1140,1122,-1,1122,1140,1141,-1,1122,1141,1123,-1,1123,1141,1142,-1,1123,1142,1124,-1,1124,1142,1143,-1,1124,1143,1125,-1,1125,1143,1144,-1,1125,1144,1126,-1,1126,1144,1145,-1,1126,1145,1127,-1,1127,1145,1146,-1,1127,1146,1128,-1,1128,1146,1147,-1,1128,1147,1129,-1,1129,1147,1148,-1,1129,1148,1130,-1,1130,1148,1149,-1,1130,1149,1131,-1,1131,1149,1150,-1,1131,1150,1132,-1,1132,1150,1151,-1,1132,1151,1133,-1,1133,1151,1152,-1,1133,1152,1134,-1,1134,1152,1153,-1,1134,1153,1135,-1,1135,1153,1154,-1,1135,1154,1136,-1,1136,1154,1155,-1,1136,1155,1137,-1,1137,1155,1156,-1,1137,1156,1138,-1,1138,1156,1157,-1,1138,1157,1139,-1,1139,1157,1158,-1,1139,1158,1031,-1,1031,1158,1025,-1,1031,1025,1029,-1,1029,1025,1024,-1,1027,1020,1028,-1,1028,1020,1022,-1,1028,1022,1140,-1,1140,1022,1159,-1,1140,1159,1141,-1,1141,1159,1160,-1,1141,1160,1142,-1,1142,1160,1161,-1,1142,1161,1143,-1,1143,1161,1162,-1,1143,1162,1144,-1,1144,1162,1163,-1,1144,1163,1145,-1,1145,1163,1164,-1,1145,1164,1146,-1,1146,1164,1165,-1,1146,1165,1147,-1,1147,1165,1166,-1,1147,1166,1148,-1,1148,1166,1167,-1,1148,1167,1149,-1,1149,1167,1168,-1,1149,1168,1150,-1,1150,1168,1169,-1,1150,1169,1151,-1,1151,1169,1170,-1,1151,1170,1152,-1,1152,1170,1171,-1,1152,1171,1153,-1,1153,1171,1172,-1,1153,1172,1154,-1,1154,1172,1173,-1,1154,1173,1155,-1,1155,1173,1174,-1,1155,1174,1156,-1,1156,1174,1175,-1,1156,1175,1157,-1,1157,1175,1176,-1,1157,1176,1158,-1,1158,1176,1177,-1,1158,1177,1025,-1,1025,1177,1019,-1,1025,1019,1023,-1,1023,1019,1018,-1,1021,1014,1022,-1,1022,1014,1016,-1,1022,1016,1159,-1,1159,1016,1178,-1,1159,1178,1160,-1,1160,1178,1179,-1,1160,1179,1161,-1,1161,1179,1180,-1,1161,1180,1162,-1,1162,1180,1181,-1,1162,1181,1163,-1,1163,1181,1182,-1,1163,1182,1164,-1,1164,1182,1183,-1,1164,1183,1165,-1,1165,1183,1184,-1,1165,1184,1166,-1,1166,1184,1185,-1,1166,1185,1167,-1,1167,1185,1186,-1,1167,1186,1168,-1,1168,1186,1187,-1,1168,1187,1169,-1,1169,1187,1188,-1,1169,1188,1170,-1,1170,1188,1189,-1,1170,1189,1171,-1,1171,1189,1190,-1,1171,1190,1172,-1,1172,1190,1191,-1,1172,1191,1173,-1,1173,1191,1192,-1,1173,1192,1174,-1,1174,1192,1193,-1,1174,1193,1175,-1,1175,1193,1194,-1,1175,1194,1176,-1,1176,1194,1195,-1,1176,1195,1177,-1,1177,1195,1196,-1,1177,1196,1019,-1,1019,1196,1197,-1,1019,1197,1017,-1,1017,1197,1198,-1,1015,1199,1016,-1,1016,1199,1200,-1,1016,1200,1178,-1,1178,1200,1201,-1,1178,1201,1179,-1,1179,1201,1202,-1,1179,1202,1180,-1,1180,1202,1203,-1,1180,1203,1181,-1,1181,1203,1204,-1,1181,1204,1182,-1,1182,1204,1205,-1,1182,1205,1183,-1,1183,1205,1206,-1,1183,1206,1184,-1,1184,1206,1207,-1,1184,1207,1185,-1,1185,1207,1208,-1,1185,1208,1186,-1,1186,1208,1209,-1,1186,1209,1187,-1,1187,1209,1210,-1,1187,1210,1188,-1,1188,1210,1211,-1,1188,1211,1189,-1,1189,1211,1212,-1,1189,1212,1190,-1,1190,1212,1213,-1,1190,1213,1191,-1,1191,1213,1214,-1,1191,1214,1192,-1,1192,1214,1215,-1,1192,1215,1193,-1,1193,1215,1216,-1,1193,1216,1194,-1,1194,1216,1217,-1,1194,1217,1195,-1,1195,1217,1218,-1,1195,1218,1196,-1,1196,1218,1219,-1,1196,1219,1197,-1,1197,1219,1220,-1,1197,1220,1198,-1,1198,1220,1221,-1,1222,1044,1223,-1,1223,1044,1042,-1,1223,1042,1224,-1,1224,1042,1041,-1,1224,1041,1225,-1,1225,1041,1036,-1,1225,1036,1226,-1,1226,1036,1035,-1,1226,1035,1227,-1,1227,1035,1030,-1,1227,1030,1228,-1,1228,1030,1029,-1,1228,1029,1229,-1,1229,1029,1024,-1,1229,1024,1230,-1,1230,1024,1023,-1,1230,1023,1231,-1,1231,1023,1018,-1,1231,1018,1232,-1,1232,1018,1017,-1,1232,1017,1233,-1,1233,1017,1198,-1,1233,1198,1234,-1,1234,1198,1221,-1,1096,1235,1097,-1,1097,1235,1236,-1,1097,1236,1038,-1,1038,1236,1237,-1,1038,1237,1039,-1,1039,1237,1238,-1,1039,1238,1032,-1,1032,1238,1239,-1,1032,1239,1033,-1,1033,1239,1240,-1,1033,1240,1026,-1,1026,1240,1241,-1,1026,1241,1027,-1,1027,1241,1242,-1,1027,1242,1020,-1,1020,1242,1243,-1,1020,1243,1021,-1,1021,1243,1244,-1,1021,1244,1014,-1,1014,1244,1245,-1,1014,1245,1015,-1,1015,1245,1246,-1,1015,1246,1199,-1,1199,1246,1247,-1,1232,1233,1248,-1,1245,1244,1249,-1,1230,1231,1250,-1,1243,1242,1251,-1,1228,1229,1252,-1,1241,1240,1253,-1,1226,1227,1254,-1,1239,1238,1255,-1,1224,1225,1256,-1,1237,1236,1257,-1,1257,1236,1235,-1,1235,1258,1257,-1,1257,1258,1259,-1,1257,1259,1260,-1,1260,1259,1261,-1,1260,1261,1262,-1,1261,1263,1262,-1,1262,1263,1264,-1,1262,1264,1265,-1,1264,1266,1265,-1,1265,1266,1267,-1,1265,1267,1268,-1,1268,1267,1269,-1,1268,1269,1270,-1,1269,1271,1270,-1,1270,1271,1272,-1,1270,1272,1273,-1,1272,1274,1273,-1,1273,1274,1275,-1,1273,1275,1276,-1,1276,1275,1277,-1,1276,1277,1278,-1,1277,1279,1278,-1,1278,1279,1280,-1,1278,1280,1281,-1,1280,1282,1281,-1,1281,1282,1283,-1,1281,1283,1284,-1,1283,1285,1284,-1,1284,1285,1286,-1,1284,1286,1287,-1,1287,1286,1288,-1,1287,1288,1289,-1,1288,1290,1289,-1,1289,1290,1291,-1,1289,1291,1292,-1,1291,1293,1292,-1,1292,1293,1294,-1,1292,1294,1295,-1,1295,1294,1296,-1,1295,1296,1297,-1,1296,1298,1297,-1,1297,1298,1299,-1,1297,1299,1300,-1,1299,1301,1300,-1,1300,1301,1302,-1,1300,1302,1303,-1,1303,1302,1304,-1,1303,1304,1305,-1,1304,1306,1305,-1,1305,1306,1307,-1,1305,1307,1308,-1,1222,1223,1309,-1,1309,1223,1310,-1,1309,1310,1311,-1,1311,1310,1308,-1,1311,1308,1312,-1,1312,1308,1307,-1,1223,1224,1310,-1,1310,1224,1256,-1,1310,1256,1308,-1,1308,1256,1313,-1,1308,1313,1305,-1,1305,1313,1314,-1,1305,1314,1303,-1,1303,1314,1315,-1,1303,1315,1300,-1,1300,1315,1316,-1,1300,1316,1297,-1,1297,1316,1317,-1,1297,1317,1295,-1,1295,1317,1318,-1,1295,1318,1292,-1,1292,1318,1319,-1,1292,1319,1289,-1,1289,1319,1320,-1,1289,1320,1287,-1,1287,1320,1321,-1,1287,1321,1284,-1,1284,1321,1322,-1,1284,1322,1281,-1,1281,1322,1323,-1,1281,1323,1278,-1,1278,1323,1324,-1,1278,1324,1276,-1,1276,1324,1325,-1,1276,1325,1273,-1,1273,1325,1326,-1,1273,1326,1270,-1,1270,1326,1327,-1,1270,1327,1268,-1,1268,1327,1328,-1,1268,1328,1265,-1,1265,1328,1329,-1,1265,1329,1262,-1,1262,1329,1330,-1,1262,1330,1260,-1,1260,1330,1331,-1,1260,1331,1257,-1,1257,1331,1255,-1,1257,1255,1237,-1,1237,1255,1238,-1,1225,1226,1256,-1,1256,1226,1254,-1,1256,1254,1313,-1,1313,1254,1332,-1,1313,1332,1314,-1,1314,1332,1333,-1,1314,1333,1315,-1,1315,1333,1334,-1,1315,1334,1316,-1,1316,1334,1335,-1,1316,1335,1317,-1,1317,1335,1336,-1,1317,1336,1318,-1,1318,1336,1337,-1,1318,1337,1319,-1,1319,1337,1338,-1,1319,1338,1320,-1,1320,1338,1339,-1,1320,1339,1321,-1,1321,1339,1340,-1,1321,1340,1322,-1,1322,1340,1341,-1,1322,1341,1323,-1,1323,1341,1342,-1,1323,1342,1324,-1,1324,1342,1343,-1,1324,1343,1325,-1,1325,1343,1344,-1,1325,1344,1326,-1,1326,1344,1345,-1,1326,1345,1327,-1,1327,1345,1346,-1,1327,1346,1328,-1,1328,1346,1347,-1,1328,1347,1329,-1,1329,1347,1348,-1,1329,1348,1330,-1,1330,1348,1349,-1,1330,1349,1331,-1,1331,1349,1350,-1,1331,1350,1255,-1,1255,1350,1253,-1,1255,1253,1239,-1,1239,1253,1240,-1,1227,1228,1254,-1,1254,1228,1252,-1,1254,1252,1332,-1,1332,1252,1351,-1,1332,1351,1333,-1,1333,1351,1352,-1,1333,1352,1334,-1,1334,1352,1353,-1,1334,1353,1335,-1,1335,1353,1354,-1,1335,1354,1336,-1,1336,1354,1355,-1,1336,1355,1337,-1,1337,1355,1356,-1,1337,1356,1338,-1,1338,1356,1357,-1,1338,1357,1339,-1,1339,1357,1358,-1,1339,1358,1340,-1,1340,1358,1359,-1,1340,1359,1341,-1,1341,1359,1360,-1,1341,1360,1342,-1,1342,1360,1361,-1,1342,1361,1343,-1,1343,1361,1362,-1,1343,1362,1344,-1,1344,1362,1363,-1,1344,1363,1345,-1,1345,1363,1364,-1,1345,1364,1346,-1,1346,1364,1365,-1,1346,1365,1347,-1,1347,1365,1366,-1,1347,1366,1348,-1,1348,1366,1367,-1,1348,1367,1349,-1,1349,1367,1368,-1,1349,1368,1350,-1,1350,1368,1369,-1,1350,1369,1253,-1,1253,1369,1251,-1,1253,1251,1241,-1,1241,1251,1242,-1,1229,1230,1252,-1,1252,1230,1250,-1,1252,1250,1351,-1,1351,1250,1370,-1,1351,1370,1352,-1,1352,1370,1371,-1,1352,1371,1353,-1,1353,1371,1372,-1,1353,1372,1354,-1,1354,1372,1373,-1,1354,1373,1355,-1,1355,1373,1374,-1,1355,1374,1356,-1,1356,1374,1375,-1,1356,1375,1357,-1,1357,1375,1376,-1,1357,1376,1358,-1,1358,1376,1377,-1,1358,1377,1359,-1,1359,1377,1378,-1,1359,1378,1360,-1,1360,1378,1379,-1,1360,1379,1361,-1,1361,1379,1380,-1,1361,1380,1362,-1,1362,1380,1381,-1,1362,1381,1363,-1,1363,1381,1382,-1,1363,1382,1364,-1,1364,1382,1383,-1,1364,1383,1365,-1,1365,1383,1384,-1,1365,1384,1366,-1,1366,1384,1385,-1,1366,1385,1367,-1,1367,1385,1386,-1,1367,1386,1368,-1,1368,1386,1387,-1,1368,1387,1369,-1,1369,1387,1388,-1,1369,1388,1251,-1,1251,1388,1249,-1,1251,1249,1243,-1,1243,1249,1244,-1,1231,1232,1250,-1,1250,1232,1248,-1,1250,1248,1370,-1,1370,1248,1389,-1,1370,1389,1371,-1,1371,1389,1390,-1,1371,1390,1372,-1,1372,1390,1391,-1,1372,1391,1373,-1,1373,1391,1392,-1,1373,1392,1374,-1,1374,1392,1393,-1,1374,1393,1375,-1,1375,1393,1394,-1,1375,1394,1376,-1,1376,1394,1395,-1,1376,1395,1377,-1,1377,1395,1396,-1,1377,1396,1378,-1,1378,1396,1397,-1,1378,1397,1379,-1,1379,1397,1398,-1,1379,1398,1380,-1,1380,1398,1399,-1,1380,1399,1381,-1,1381,1399,1400,-1,1381,1400,1382,-1,1382,1400,1401,-1,1382,1401,1383,-1,1383,1401,1402,-1,1383,1402,1384,-1,1384,1402,1403,-1,1384,1403,1385,-1,1385,1403,1404,-1,1385,1404,1386,-1,1386,1404,1405,-1,1386,1405,1387,-1,1387,1405,1406,-1,1387,1406,1388,-1,1388,1406,1407,-1,1388,1407,1249,-1,1249,1407,1408,-1,1249,1408,1245,-1,1245,1408,1246,-1,1233,1234,1248,-1,1248,1234,1409,-1,1248,1409,1389,-1,1389,1409,1410,-1,1389,1410,1390,-1,1390,1410,1411,-1,1390,1411,1391,-1,1391,1411,1412,-1,1391,1412,1392,-1,1392,1412,1413,-1,1392,1413,1393,-1,1393,1413,1414,-1,1393,1414,1394,-1,1394,1414,1415,-1,1394,1415,1395,-1,1395,1415,1416,-1,1395,1416,1396,-1,1396,1416,1417,-1,1396,1417,1397,-1,1397,1417,1418,-1,1397,1418,1398,-1,1398,1418,1419,-1,1398,1419,1399,-1,1399,1419,1420,-1,1399,1420,1400,-1,1400,1420,1421,-1,1400,1421,1401,-1,1401,1421,1422,-1,1401,1422,1402,-1,1402,1422,1423,-1,1402,1423,1403,-1,1403,1423,1424,-1,1403,1424,1404,-1,1404,1424,1425,-1,1404,1425,1405,-1,1405,1425,1426,-1,1405,1426,1406,-1,1406,1426,1427,-1,1406,1427,1407,-1,1407,1427,1428,-1,1407,1428,1408,-1,1408,1428,1429,-1,1408,1429,1246,-1,1246,1429,1247,-1,1430,1431,1432,-1,1433,1434,1435,-1,1436,1437,1438,-1,1431,1430,1439,-1,1440,1441,1442,-1,1443,1444,1445,-1,1446,1447,1448,-1,1449,1450,1451,-1,1452,1449,1453,-1,1454,1452,1455,-1,1456,1454,1457,-1,1458,1456,1459,-1,1460,1458,1461,-1,1462,1460,1463,-1,1464,1465,1466,-1,1467,1444,1468,-1,1468,1444,1443,-1,1468,1443,1469,-1,1446,1441,1470,-1,1470,1441,1440,-1,1470,1440,1471,-1,1472,1473,1474,-1,1474,1473,1475,-1,1476,1445,1477,-1,1477,1445,1444,-1,1477,1444,1478,-1,1478,1444,1467,-1,1478,1467,1479,-1,1480,1481,1482,-1,1483,1484,1472,-1,1485,1476,1486,-1,1486,1476,1477,-1,1486,1477,1487,-1,1487,1477,1478,-1,1487,1478,1488,-1,1488,1478,1479,-1,1488,1479,1489,-1,1490,1491,1481,-1,1481,1480,1490,-1,1490,1480,1492,-1,1490,1492,1493,-1,1446,1448,1441,-1,1441,1448,1494,-1,1441,1494,1442,-1,1442,1494,1495,-1,1442,1495,1496,-1,1450,1471,1482,-1,1482,1471,1440,-1,1482,1440,1480,-1,1480,1440,1442,-1,1480,1442,1492,-1,1492,1442,1496,-1,1484,1483,1497,-1,1497,1483,1498,-1,1497,1498,1499,-1,1500,1485,1501,-1,1501,1485,1486,-1,1501,1486,1502,-1,1502,1486,1487,-1,1502,1487,1503,-1,1503,1487,1488,-1,1503,1488,1504,-1,1504,1488,1489,-1,1504,1489,1505,-1,1506,1507,1491,-1,1499,1498,1508,-1,1508,1498,1509,-1,1508,1509,1510,-1,1511,1500,1512,-1,1512,1500,1501,-1,1512,1501,1513,-1,1513,1501,1502,-1,1513,1502,1514,-1,1514,1502,1503,-1,1514,1503,1515,-1,1515,1503,1504,-1,1515,1504,1516,-1,1516,1504,1505,-1,1516,1505,1462,-1,1517,1507,1518,-1,1518,1507,1506,-1,1518,1506,1519,-1,1496,1520,1492,-1,1492,1520,1521,-1,1492,1521,1493,-1,1493,1521,1522,-1,1493,1522,1523,-1,1491,1490,1506,-1,1506,1490,1493,-1,1506,1493,1519,-1,1519,1493,1523,-1,1519,1523,1524,-1,1525,1526,1527,-1,1528,1529,1530,-1,1530,1529,1525,-1,1530,1525,1531,-1,1531,1525,1527,-1,1531,1527,1532,-1,1533,1534,1535,-1,1535,1534,1536,-1,1535,1536,1537,-1,1537,1536,1538,-1,1537,1538,1539,-1,1539,1538,1540,-1,1539,1540,1541,-1,1541,1540,1474,-1,1541,1474,1464,-1,1464,1474,1475,-1,1464,1475,1465,-1,1466,1542,1464,-1,1464,1542,1543,-1,1464,1543,1541,-1,1541,1543,1544,-1,1541,1544,1539,-1,1539,1544,1545,-1,1539,1545,1537,-1,1537,1545,1546,-1,1537,1546,1535,-1,1535,1546,1547,-1,1535,1547,1533,-1,1533,1547,1548,-1,1533,1548,1549,-1,1549,1548,1550,-1,1551,1552,1553,-1,1553,1552,1554,-1,1553,1554,1555,-1,1555,1554,1556,-1,1555,1556,1557,-1,1557,1556,1558,-1,1557,1558,1559,-1,1559,1558,1560,-1,1559,1560,1561,-1,1561,1560,1562,-1,1561,1562,1563,-1,1563,1562,1564,-1,1552,1565,1554,-1,1554,1565,1566,-1,1554,1566,1556,-1,1556,1566,1567,-1,1556,1567,1558,-1,1558,1567,1568,-1,1558,1568,1560,-1,1560,1568,1569,-1,1560,1569,1562,-1,1562,1569,1570,-1,1562,1570,1564,-1,1564,1570,1571,-1,1564,1571,1572,-1,1572,1571,1573,-1,1524,1439,1519,-1,1519,1439,1430,-1,1519,1430,1518,-1,1518,1430,1574,-1,1518,1574,1517,-1,1517,1574,1575,-1,1510,1509,1576,-1,1576,1509,1577,-1,1576,1577,1578,-1,1578,1577,1579,-1,1578,1579,1580,-1,1483,1532,1498,-1,1498,1532,1527,-1,1498,1527,1509,-1,1509,1527,1526,-1,1509,1526,1577,-1,1577,1526,1581,-1,1577,1581,1579,-1,1529,1582,1525,-1,1525,1582,1583,-1,1525,1583,1526,-1,1526,1583,1584,-1,1526,1584,1581,-1,1472,1474,1483,-1,1483,1474,1540,-1,1483,1540,1532,-1,1532,1540,1538,-1,1532,1538,1531,-1,1531,1538,1536,-1,1531,1536,1530,-1,1530,1536,1534,-1,1530,1534,1528,-1,1549,1585,1533,-1,1533,1585,1586,-1,1533,1586,1534,-1,1534,1586,1587,-1,1534,1587,1528,-1,1542,1551,1543,-1,1543,1551,1553,-1,1543,1553,1544,-1,1544,1553,1555,-1,1544,1555,1545,-1,1545,1555,1557,-1,1545,1557,1546,-1,1546,1557,1559,-1,1546,1559,1547,-1,1547,1559,1561,-1,1547,1561,1548,-1,1548,1561,1563,-1,1548,1563,1550,-1,1572,1588,1564,-1,1564,1588,1589,-1,1564,1589,1563,-1,1563,1589,1590,-1,1563,1590,1550,-1,1565,1469,1566,-1,1566,1469,1443,-1,1566,1443,1567,-1,1567,1443,1445,-1,1567,1445,1568,-1,1568,1445,1476,-1,1568,1476,1569,-1,1569,1476,1485,-1,1569,1485,1570,-1,1570,1485,1500,-1,1570,1500,1571,-1,1571,1500,1511,-1,1571,1511,1573,-1,1573,1511,1591,-1,1592,1593,1594,-1,1462,1463,1516,-1,1516,1463,1595,-1,1516,1595,1515,-1,1515,1595,1596,-1,1515,1596,1514,-1,1514,1596,1597,-1,1514,1597,1513,-1,1513,1597,1598,-1,1513,1598,1512,-1,1512,1598,1592,-1,1512,1592,1511,-1,1511,1592,1594,-1,1511,1594,1591,-1,1460,1461,1463,-1,1463,1461,1599,-1,1463,1599,1595,-1,1595,1599,1600,-1,1595,1600,1596,-1,1596,1600,1601,-1,1596,1601,1597,-1,1597,1601,1602,-1,1597,1602,1598,-1,1598,1602,1438,-1,1598,1438,1592,-1,1592,1438,1437,-1,1592,1437,1593,-1,1458,1459,1461,-1,1461,1459,1603,-1,1461,1603,1599,-1,1599,1603,1604,-1,1599,1604,1600,-1,1600,1604,1605,-1,1600,1605,1601,-1,1601,1605,1606,-1,1601,1606,1602,-1,1602,1606,1607,-1,1602,1607,1438,-1,1438,1607,1608,-1,1438,1608,1436,-1,1609,1610,1611,-1,1456,1457,1459,-1,1459,1457,1612,-1,1459,1612,1603,-1,1603,1612,1613,-1,1603,1613,1604,-1,1604,1613,1614,-1,1604,1614,1605,-1,1605,1614,1615,-1,1605,1615,1606,-1,1606,1615,1609,-1,1606,1609,1607,-1,1607,1609,1611,-1,1607,1611,1608,-1,1454,1455,1457,-1,1457,1455,1616,-1,1457,1616,1612,-1,1612,1616,1617,-1,1612,1617,1613,-1,1613,1617,1618,-1,1613,1618,1614,-1,1614,1618,1619,-1,1614,1619,1615,-1,1615,1619,1435,-1,1615,1435,1609,-1,1609,1435,1434,-1,1609,1434,1610,-1,1452,1453,1455,-1,1455,1453,1620,-1,1455,1620,1616,-1,1616,1620,1621,-1,1616,1621,1617,-1,1617,1621,1622,-1,1617,1622,1618,-1,1618,1622,1623,-1,1618,1623,1619,-1,1619,1623,1624,-1,1619,1624,1435,-1,1435,1624,1625,-1,1435,1625,1433,-1,1626,1627,1628,-1,1449,1451,1453,-1,1453,1451,1629,-1,1453,1629,1620,-1,1620,1629,1630,-1,1620,1630,1621,-1,1621,1630,1631,-1,1621,1631,1622,-1,1622,1631,1632,-1,1622,1632,1623,-1,1623,1632,1626,-1,1623,1626,1624,-1,1624,1626,1628,-1,1624,1628,1625,-1,1450,1482,1451,-1,1451,1482,1481,-1,1451,1481,1629,-1,1629,1481,1491,-1,1629,1491,1630,-1,1630,1491,1507,-1,1630,1507,1631,-1,1631,1507,1517,-1,1631,1517,1632,-1,1632,1517,1575,-1,1632,1575,1626,-1,1626,1575,1633,-1,1626,1633,1627,-1,1432,1634,1430,-1,1430,1634,1635,-1,1430,1635,1574,-1,1574,1635,1636,-1,1574,1636,1575,-1,1575,1636,1637,-1,1575,1637,1633,-1,1580,1638,1578,-1,1578,1638,1639,-1,1578,1639,1576,-1,1576,1639,1640,-1,1576,1640,1510,-1,1510,1640,1641,-1,1510,1641,1508,-1,1508,1641,1642,-1,1508,1642,1499,-1,1499,1642,1643,-1,1499,1643,1497,-1,1497,1643,1644,-1,1497,1644,1484,-1,1484,1644,1645,-1,1484,1645,1472,-1,1472,1645,1646,-1,1472,1646,1473,-1,1473,1646,1647,-1,1473,1647,1475,-1,1475,1647,1648,-1,1475,1648,1465,-1,1465,1648,1649,-1,1465,1649,1466,-1,1466,1649,1650,-1,1447,1651,1448,-1,1448,1651,1652,-1,1448,1652,1494,-1,1494,1652,1653,-1,1494,1653,1495,-1,1495,1653,1654,-1,1495,1654,1496,-1,1496,1654,1655,-1,1496,1655,1520,-1,1520,1655,1656,-1,1520,1656,1521,-1,1521,1656,1657,-1,1521,1657,1522,-1,1522,1657,1658,-1,1522,1658,1523,-1,1523,1658,1659,-1,1523,1659,1524,-1,1524,1659,1660,-1,1524,1660,1439,-1,1439,1660,1661,-1,1439,1661,1431,-1,1431,1661,1662,-1,1431,1662,1432,-1,1432,1662,1663,-1,1664,1639,1638,-1,1665,1666,1667,-1,1668,1669,1670,-1,1639,1664,1640,-1,1671,1672,1673,-1,1674,1675,1676,-1,1677,1650,1649,-1,1678,1679,1680,-1,1681,1678,1682,-1,1683,1681,1684,-1,1685,1683,1686,-1,1687,1685,1688,-1,1689,1687,1690,-1,1691,1689,1692,-1,1693,1652,1651,-1,1694,1675,1695,-1,1695,1675,1674,-1,1695,1674,1696,-1,1677,1672,1697,-1,1697,1672,1671,-1,1697,1671,1698,-1,1655,1654,1699,-1,1699,1654,1653,-1,1700,1676,1701,-1,1701,1676,1675,-1,1701,1675,1702,-1,1702,1675,1694,-1,1702,1694,1703,-1,1704,1705,1706,-1,1707,1656,1655,-1,1708,1700,1709,-1,1709,1700,1701,-1,1709,1701,1710,-1,1710,1701,1702,-1,1710,1702,1711,-1,1711,1702,1703,-1,1711,1703,1712,-1,1713,1714,1705,-1,1705,1704,1713,-1,1713,1704,1715,-1,1713,1715,1716,-1,1677,1649,1672,-1,1672,1649,1648,-1,1672,1648,1673,-1,1673,1648,1647,-1,1673,1647,1646,-1,1679,1698,1706,-1,1706,1698,1671,-1,1706,1671,1704,-1,1704,1671,1673,-1,1704,1673,1715,-1,1715,1673,1646,-1,1656,1707,1657,-1,1657,1707,1717,-1,1657,1717,1658,-1,1718,1708,1719,-1,1719,1708,1709,-1,1719,1709,1720,-1,1720,1709,1710,-1,1720,1710,1721,-1,1721,1710,1711,-1,1721,1711,1722,-1,1722,1711,1712,-1,1722,1712,1723,-1,1724,1725,1714,-1,1658,1717,1659,-1,1659,1717,1726,-1,1659,1726,1660,-1,1727,1718,1728,-1,1728,1718,1719,-1,1728,1719,1729,-1,1729,1719,1720,-1,1729,1720,1730,-1,1730,1720,1721,-1,1730,1721,1731,-1,1731,1721,1722,-1,1731,1722,1732,-1,1732,1722,1723,-1,1732,1723,1691,-1,1733,1725,1734,-1,1734,1725,1724,-1,1734,1724,1735,-1,1646,1645,1715,-1,1715,1645,1644,-1,1715,1644,1716,-1,1716,1644,1643,-1,1716,1643,1642,-1,1714,1713,1724,-1,1724,1713,1716,-1,1724,1716,1735,-1,1735,1716,1642,-1,1735,1642,1641,-1,1736,1737,1738,-1,1739,1740,1741,-1,1741,1740,1736,-1,1741,1736,1742,-1,1742,1736,1738,-1,1742,1738,1743,-1,1744,1745,1746,-1,1746,1745,1747,-1,1746,1747,1748,-1,1748,1747,1749,-1,1748,1749,1750,-1,1750,1749,1751,-1,1750,1751,1752,-1,1752,1751,1699,-1,1752,1699,1693,-1,1693,1699,1653,-1,1693,1653,1652,-1,1651,1753,1693,-1,1693,1753,1754,-1,1693,1754,1752,-1,1752,1754,1755,-1,1752,1755,1750,-1,1750,1755,1756,-1,1750,1756,1748,-1,1748,1756,1757,-1,1748,1757,1746,-1,1746,1757,1758,-1,1746,1758,1744,-1,1744,1758,1759,-1,1744,1759,1760,-1,1760,1759,1761,-1,1762,1763,1764,-1,1764,1763,1765,-1,1764,1765,1766,-1,1766,1765,1767,-1,1766,1767,1768,-1,1768,1767,1769,-1,1768,1769,1770,-1,1770,1769,1771,-1,1770,1771,1772,-1,1772,1771,1773,-1,1772,1773,1774,-1,1774,1773,1775,-1,1763,1776,1765,-1,1765,1776,1777,-1,1765,1777,1767,-1,1767,1777,1778,-1,1767,1778,1769,-1,1769,1778,1779,-1,1769,1779,1771,-1,1771,1779,1780,-1,1771,1780,1773,-1,1773,1780,1781,-1,1773,1781,1775,-1,1775,1781,1782,-1,1775,1782,1783,-1,1783,1782,1784,-1,1641,1640,1735,-1,1735,1640,1664,-1,1735,1664,1734,-1,1734,1664,1785,-1,1734,1785,1733,-1,1733,1785,1786,-1,1660,1726,1661,-1,1661,1726,1787,-1,1661,1787,1662,-1,1662,1787,1788,-1,1662,1788,1663,-1,1707,1743,1717,-1,1717,1743,1738,-1,1717,1738,1726,-1,1726,1738,1737,-1,1726,1737,1787,-1,1787,1737,1789,-1,1787,1789,1788,-1,1740,1790,1736,-1,1736,1790,1791,-1,1736,1791,1737,-1,1737,1791,1792,-1,1737,1792,1789,-1,1655,1699,1707,-1,1707,1699,1751,-1,1707,1751,1743,-1,1743,1751,1749,-1,1743,1749,1742,-1,1742,1749,1747,-1,1742,1747,1741,-1,1741,1747,1745,-1,1741,1745,1739,-1,1760,1793,1744,-1,1744,1793,1794,-1,1744,1794,1745,-1,1745,1794,1795,-1,1745,1795,1739,-1,1753,1762,1754,-1,1754,1762,1764,-1,1754,1764,1755,-1,1755,1764,1766,-1,1755,1766,1756,-1,1756,1766,1768,-1,1756,1768,1757,-1,1757,1768,1770,-1,1757,1770,1758,-1,1758,1770,1772,-1,1758,1772,1759,-1,1759,1772,1774,-1,1759,1774,1761,-1,1783,1796,1775,-1,1775,1796,1797,-1,1775,1797,1774,-1,1774,1797,1798,-1,1774,1798,1761,-1,1776,1696,1777,-1,1777,1696,1674,-1,1777,1674,1778,-1,1778,1674,1676,-1,1778,1676,1779,-1,1779,1676,1700,-1,1779,1700,1780,-1,1780,1700,1708,-1,1780,1708,1781,-1,1781,1708,1718,-1,1781,1718,1782,-1,1782,1718,1727,-1,1782,1727,1784,-1,1784,1727,1799,-1,1800,1801,1802,-1,1691,1692,1732,-1,1732,1692,1803,-1,1732,1803,1731,-1,1731,1803,1804,-1,1731,1804,1730,-1,1730,1804,1805,-1,1730,1805,1729,-1,1729,1805,1806,-1,1729,1806,1728,-1,1728,1806,1800,-1,1728,1800,1727,-1,1727,1800,1802,-1,1727,1802,1799,-1,1689,1690,1692,-1,1692,1690,1807,-1,1692,1807,1803,-1,1803,1807,1808,-1,1803,1808,1804,-1,1804,1808,1809,-1,1804,1809,1805,-1,1805,1809,1810,-1,1805,1810,1806,-1,1806,1810,1670,-1,1806,1670,1800,-1,1800,1670,1669,-1,1800,1669,1801,-1,1687,1688,1690,-1,1690,1688,1811,-1,1690,1811,1807,-1,1807,1811,1812,-1,1807,1812,1808,-1,1808,1812,1813,-1,1808,1813,1809,-1,1809,1813,1814,-1,1809,1814,1810,-1,1810,1814,1815,-1,1810,1815,1670,-1,1670,1815,1816,-1,1670,1816,1668,-1,1817,1818,1819,-1,1685,1686,1688,-1,1688,1686,1820,-1,1688,1820,1811,-1,1811,1820,1821,-1,1811,1821,1812,-1,1812,1821,1822,-1,1812,1822,1813,-1,1813,1822,1823,-1,1813,1823,1814,-1,1814,1823,1817,-1,1814,1817,1815,-1,1815,1817,1819,-1,1815,1819,1816,-1,1683,1684,1686,-1,1686,1684,1824,-1,1686,1824,1820,-1,1820,1824,1825,-1,1820,1825,1821,-1,1821,1825,1826,-1,1821,1826,1822,-1,1822,1826,1827,-1,1822,1827,1823,-1,1823,1827,1667,-1,1823,1667,1817,-1,1817,1667,1666,-1,1817,1666,1818,-1,1681,1682,1684,-1,1684,1682,1828,-1,1684,1828,1824,-1,1824,1828,1829,-1,1824,1829,1825,-1,1825,1829,1830,-1,1825,1830,1826,-1,1826,1830,1831,-1,1826,1831,1827,-1,1827,1831,1832,-1,1827,1832,1667,-1,1667,1832,1833,-1,1667,1833,1665,-1,1834,1835,1836,-1,1678,1680,1682,-1,1682,1680,1837,-1,1682,1837,1828,-1,1828,1837,1838,-1,1828,1838,1829,-1,1829,1838,1839,-1,1829,1839,1830,-1,1830,1839,1840,-1,1830,1840,1831,-1,1831,1840,1834,-1,1831,1834,1832,-1,1832,1834,1836,-1,1832,1836,1833,-1,1679,1706,1680,-1,1680,1706,1705,-1,1680,1705,1837,-1,1837,1705,1714,-1,1837,1714,1838,-1,1838,1714,1725,-1,1838,1725,1839,-1,1839,1725,1733,-1,1839,1733,1840,-1,1840,1733,1786,-1,1840,1786,1834,-1,1834,1786,1841,-1,1834,1841,1835,-1,1638,1842,1664,-1,1664,1842,1843,-1,1664,1843,1785,-1,1785,1843,1844,-1,1785,1844,1786,-1,1786,1844,1845,-1,1786,1845,1841,-1,1846,1847,1848,-1,1849,1850,1851,-1,1852,1853,1854,-1,1855,1856,1857,-1,1858,1859,1860,-1,1861,1862,1863,-1,1864,1865,1866,-1,1866,1865,1867,-1,1866,1867,1868,-1,1868,1867,1869,-1,1868,1869,1870,-1,1870,1869,1871,-1,1870,1871,1872,-1,1872,1871,1873,-1,1872,1873,1874,-1,1874,1873,1863,-1,1874,1863,1875,-1,1875,1863,1862,-1,1865,1876,1867,-1,1867,1876,1877,-1,1867,1877,1869,-1,1869,1877,1878,-1,1869,1878,1871,-1,1871,1878,1879,-1,1871,1879,1873,-1,1873,1879,1880,-1,1873,1880,1863,-1,1863,1880,1860,-1,1863,1860,1861,-1,1861,1860,1859,-1,1881,1858,1882,-1,1882,1858,1860,-1,1882,1860,1883,-1,1883,1860,1880,-1,1883,1880,1884,-1,1884,1880,1879,-1,1884,1879,1885,-1,1885,1879,1878,-1,1885,1878,1886,-1,1886,1878,1877,-1,1886,1877,1887,-1,1887,1877,1876,-1,1887,1888,1886,-1,1886,1888,1889,-1,1886,1889,1885,-1,1885,1889,1890,-1,1885,1890,1884,-1,1884,1890,1891,-1,1884,1891,1883,-1,1883,1891,1892,-1,1883,1892,1882,-1,1882,1892,1893,-1,1882,1893,1881,-1,1881,1893,1894,-1,1888,1895,1889,-1,1889,1895,1896,-1,1889,1896,1890,-1,1890,1896,1897,-1,1890,1897,1891,-1,1891,1897,1898,-1,1891,1898,1892,-1,1892,1898,1899,-1,1892,1899,1893,-1,1893,1899,1857,-1,1893,1857,1894,-1,1894,1857,1856,-1,1895,1900,1896,-1,1896,1900,1901,-1,1896,1901,1897,-1,1897,1901,1902,-1,1897,1902,1898,-1,1898,1902,1903,-1,1898,1903,1899,-1,1899,1903,1904,-1,1899,1904,1857,-1,1857,1904,1854,-1,1857,1854,1855,-1,1855,1854,1853,-1,1905,1852,1906,-1,1906,1852,1854,-1,1906,1854,1907,-1,1907,1854,1904,-1,1907,1904,1908,-1,1908,1904,1903,-1,1908,1903,1909,-1,1909,1903,1902,-1,1909,1902,1910,-1,1910,1902,1901,-1,1910,1901,1911,-1,1911,1901,1900,-1,1911,1912,1910,-1,1910,1912,1913,-1,1910,1913,1909,-1,1909,1913,1914,-1,1909,1914,1908,-1,1908,1914,1915,-1,1908,1915,1907,-1,1907,1915,1916,-1,1907,1916,1906,-1,1906,1916,1917,-1,1906,1917,1905,-1,1905,1917,1918,-1,1912,1919,1913,-1,1913,1919,1920,-1,1913,1920,1914,-1,1914,1920,1921,-1,1914,1921,1915,-1,1915,1921,1922,-1,1915,1922,1916,-1,1916,1922,1923,-1,1916,1923,1917,-1,1917,1923,1851,-1,1917,1851,1918,-1,1918,1851,1850,-1,1919,1924,1920,-1,1920,1924,1925,-1,1920,1925,1921,-1,1921,1925,1926,-1,1921,1926,1922,-1,1922,1926,1927,-1,1922,1927,1923,-1,1923,1927,1928,-1,1923,1928,1851,-1,1851,1928,1848,-1,1851,1848,1849,-1,1849,1848,1847,-1,1929,1846,1930,-1,1930,1846,1848,-1,1930,1848,1931,-1,1931,1848,1928,-1,1931,1928,1932,-1,1932,1928,1927,-1,1932,1927,1933,-1,1933,1927,1926,-1,1933,1926,1934,-1,1934,1926,1925,-1,1934,1925,1935,-1,1935,1925,1924,-1,1935,1936,1934,-1,1934,1936,1937,-1,1934,1937,1933,-1,1933,1937,1938,-1,1933,1938,1932,-1,1932,1938,1939,-1,1932,1939,1931,-1,1931,1939,1940,-1,1931,1940,1930,-1,1930,1940,1941,-1,1930,1941,1929,-1,1929,1941,1942,-1,1875,1943,1874,-1,1874,1943,1944,-1,1944,1945,1874,-1,1874,1945,1946,-1,1874,1946,1872,-1,1872,1946,1947,-1,1872,1947,1870,-1,1870,1947,1948,-1,1870,1948,1868,-1,1868,1948,1949,-1,1868,1949,1866,-1,1866,1949,1950,-1,1866,1950,1864,-1,1944,1951,1945,-1,1945,1951,1952,-1,1945,1952,1953,-1,1953,1954,1945,-1,1945,1954,1955,-1,1945,1955,1956,-1,1956,1957,1945,-1,1945,1957,1958,-1,1945,1958,1959,-1,1960,1961,1962,-1,1963,1964,1965,-1,1966,1967,1968,-1,1969,1970,1971,-1,1972,1973,1974,-1,1975,1976,1977,-1,1936,1978,1937,-1,1937,1978,1979,-1,1937,1979,1938,-1,1938,1979,1980,-1,1938,1980,1939,-1,1939,1980,1981,-1,1939,1981,1940,-1,1940,1981,1982,-1,1940,1982,1941,-1,1941,1982,1977,-1,1941,1977,1942,-1,1942,1977,1976,-1,1978,1983,1979,-1,1979,1983,1984,-1,1979,1984,1980,-1,1980,1984,1985,-1,1980,1985,1981,-1,1981,1985,1986,-1,1981,1986,1982,-1,1982,1986,1987,-1,1982,1987,1977,-1,1977,1987,1974,-1,1977,1974,1975,-1,1975,1974,1973,-1,1988,1972,1989,-1,1989,1972,1974,-1,1989,1974,1990,-1,1990,1974,1987,-1,1990,1987,1991,-1,1991,1987,1986,-1,1991,1986,1992,-1,1992,1986,1985,-1,1992,1985,1993,-1,1993,1985,1984,-1,1993,1984,1994,-1,1994,1984,1983,-1,1994,1995,1993,-1,1993,1995,1996,-1,1993,1996,1992,-1,1992,1996,1997,-1,1992,1997,1991,-1,1991,1997,1998,-1,1991,1998,1990,-1,1990,1998,1999,-1,1990,1999,1989,-1,1989,1999,2000,-1,1989,2000,1988,-1,1988,2000,2001,-1,1995,2002,1996,-1,1996,2002,2003,-1,1996,2003,1997,-1,1997,2003,2004,-1,1997,2004,1998,-1,1998,2004,2005,-1,1998,2005,1999,-1,1999,2005,2006,-1,1999,2006,2000,-1,2000,2006,1971,-1,2000,1971,2001,-1,2001,1971,1970,-1,2002,2007,2003,-1,2003,2007,2008,-1,2003,2008,2004,-1,2004,2008,2009,-1,2004,2009,2005,-1,2005,2009,2010,-1,2005,2010,2006,-1,2006,2010,2011,-1,2006,2011,1971,-1,1971,2011,1968,-1,1971,1968,1969,-1,1969,1968,1967,-1,2012,1966,2013,-1,2013,1966,1968,-1,2013,1968,2014,-1,2014,1968,2011,-1,2014,2011,2015,-1,2015,2011,2010,-1,2015,2010,2016,-1,2016,2010,2009,-1,2016,2009,2017,-1,2017,2009,2008,-1,2017,2008,2018,-1,2018,2008,2007,-1,2018,2019,2017,-1,2017,2019,2020,-1,2017,2020,2016,-1,2016,2020,2021,-1,2016,2021,2015,-1,2015,2021,2022,-1,2015,2022,2014,-1,2014,2022,2023,-1,2014,2023,2013,-1,2013,2023,2024,-1,2013,2024,2012,-1,2012,2024,2025,-1,2019,2026,2020,-1,2020,2026,2027,-1,2020,2027,2021,-1,2021,2027,2028,-1,2021,2028,2022,-1,2022,2028,2029,-1,2022,2029,2023,-1,2023,2029,2030,-1,2023,2030,2024,-1,2024,2030,1965,-1,2024,1965,2025,-1,2025,1965,1964,-1,2026,2031,2027,-1,2027,2031,2032,-1,2027,2032,2028,-1,2028,2032,2033,-1,2028,2033,2029,-1,2029,2033,2034,-1,2029,2034,2030,-1,2030,2034,2035,-1,2030,2035,1965,-1,1965,2035,1962,-1,1965,1962,1963,-1,1963,1962,1961,-1,2036,1960,2037,-1,2037,1960,1962,-1,2037,1962,2038,-1,2038,1962,2035,-1,2038,2035,2039,-1,2039,2035,2034,-1,2039,2034,2040,-1,2040,2034,2033,-1,2040,2033,2041,-1,2041,2033,2032,-1,2041,2032,2042,-1,2042,2032,2031,-1,2042,2043,2041,-1,2041,2043,2044,-1,2041,2044,2040,-1,2040,2044,2045,-1,2040,2045,2039,-1,2039,2045,2046,-1,2039,2046,2038,-1,2038,2046,2047,-1,2038,2047,2037,-1,2037,2047,2048,-1,2037,2048,2036,-1,2036,2048,2049,-1,2050,2051,2052,-1,2053,2054,2055,-1,2056,2057,2058,-1,2059,2060,2061,-1,2062,2063,2064,-1,2065,2066,2067,-1,2068,2069,2070,-1,2070,2069,2071,-1,2070,2071,2072,-1,2072,2071,2073,-1,2072,2073,2074,-1,2074,2073,2075,-1,2074,2075,2076,-1,2076,2075,2077,-1,2076,2077,2078,-1,2078,2077,2067,-1,2078,2067,2079,-1,2079,2067,2066,-1,2069,2080,2071,-1,2071,2080,2081,-1,2071,2081,2073,-1,2073,2081,2082,-1,2073,2082,2075,-1,2075,2082,2083,-1,2075,2083,2077,-1,2077,2083,2084,-1,2077,2084,2067,-1,2067,2084,2064,-1,2067,2064,2065,-1,2065,2064,2063,-1,2085,2062,2086,-1,2086,2062,2064,-1,2086,2064,2087,-1,2087,2064,2084,-1,2087,2084,2088,-1,2088,2084,2083,-1,2088,2083,2089,-1,2089,2083,2082,-1,2089,2082,2090,-1,2090,2082,2081,-1,2090,2081,2091,-1,2091,2081,2080,-1,2091,2092,2090,-1,2090,2092,2093,-1,2090,2093,2089,-1,2089,2093,2094,-1,2089,2094,2088,-1,2088,2094,2095,-1,2088,2095,2087,-1,2087,2095,2096,-1,2087,2096,2086,-1,2086,2096,2097,-1,2086,2097,2085,-1,2085,2097,2098,-1,2092,2099,2093,-1,2093,2099,2100,-1,2093,2100,2094,-1,2094,2100,2101,-1,2094,2101,2095,-1,2095,2101,2102,-1,2095,2102,2096,-1,2096,2102,2103,-1,2096,2103,2097,-1,2097,2103,2061,-1,2097,2061,2098,-1,2098,2061,2060,-1,2099,2104,2100,-1,2100,2104,2105,-1,2100,2105,2101,-1,2101,2105,2106,-1,2101,2106,2102,-1,2102,2106,2107,-1,2102,2107,2103,-1,2103,2107,2108,-1,2103,2108,2061,-1,2061,2108,2058,-1,2061,2058,2059,-1,2059,2058,2057,-1,2109,2056,2110,-1,2110,2056,2058,-1,2110,2058,2111,-1,2111,2058,2108,-1,2111,2108,2112,-1,2112,2108,2107,-1,2112,2107,2113,-1,2113,2107,2106,-1,2113,2106,2114,-1,2114,2106,2105,-1,2114,2105,2115,-1,2115,2105,2104,-1,2115,2116,2114,-1,2114,2116,2117,-1,2114,2117,2113,-1,2113,2117,2118,-1,2113,2118,2112,-1,2112,2118,2119,-1,2112,2119,2111,-1,2111,2119,2120,-1,2111,2120,2110,-1,2110,2120,2121,-1,2110,2121,2109,-1,2109,2121,2122,-1,2116,2123,2117,-1,2117,2123,2124,-1,2117,2124,2118,-1,2118,2124,2125,-1,2118,2125,2119,-1,2119,2125,2126,-1,2119,2126,2120,-1,2120,2126,2127,-1,2120,2127,2121,-1,2121,2127,2055,-1,2121,2055,2122,-1,2122,2055,2054,-1,2123,2128,2124,-1,2124,2128,2129,-1,2124,2129,2125,-1,2125,2129,2130,-1,2125,2130,2126,-1,2126,2130,2131,-1,2126,2131,2127,-1,2127,2131,2132,-1,2127,2132,2055,-1,2055,2132,2052,-1,2055,2052,2053,-1,2053,2052,2051,-1,2133,2050,2134,-1,2134,2050,2052,-1,2134,2052,2135,-1,2135,2052,2132,-1,2135,2132,2136,-1,2136,2132,2131,-1,2136,2131,2137,-1,2137,2131,2130,-1,2137,2130,2138,-1,2138,2130,2129,-1,2138,2129,2139,-1,2139,2129,2128,-1,2139,1950,2138,-1,2138,1950,1949,-1,2138,1949,2137,-1,2137,1949,1948,-1,2137,1948,2136,-1,2136,1948,1947,-1,2136,1947,2135,-1,2135,1947,1946,-1,2135,1946,2134,-1,2134,1946,1945,-1,2134,1945,2133,-1,2133,1945,1959,-1,2043,2140,2141,-1,2043,2141,2044,-1,2044,2141,2142,-1,2044,2142,2045,-1,2045,2142,2143,-1,2045,2143,2046,-1,2046,2143,2144,-1,2046,2144,2047,-1,2047,2144,2145,-1,2047,2145,2048,-1,2048,2145,2146,-1,2048,2146,2049,-1,2147,2148,2149,-1,2150,2151,2152,-1,2153,2154,2155,-1,2156,2157,2158,-1,2159,2160,2161,-1,2162,2163,2164,-1,2140,2165,2141,-1,2141,2165,2166,-1,2141,2166,2142,-1,2142,2166,2167,-1,2142,2167,2143,-1,2143,2167,2168,-1,2143,2168,2144,-1,2144,2168,2169,-1,2144,2169,2145,-1,2145,2169,2164,-1,2145,2164,2146,-1,2146,2164,2163,-1,2165,2170,2166,-1,2166,2170,2171,-1,2166,2171,2167,-1,2167,2171,2172,-1,2167,2172,2168,-1,2168,2172,2173,-1,2168,2173,2169,-1,2169,2173,2174,-1,2169,2174,2164,-1,2164,2174,2161,-1,2164,2161,2162,-1,2162,2161,2160,-1,2175,2159,2176,-1,2176,2159,2161,-1,2176,2161,2177,-1,2177,2161,2174,-1,2177,2174,2178,-1,2178,2174,2173,-1,2178,2173,2179,-1,2179,2173,2172,-1,2179,2172,2180,-1,2180,2172,2171,-1,2180,2171,2181,-1,2181,2171,2170,-1,2181,2182,2180,-1,2180,2182,2183,-1,2180,2183,2179,-1,2179,2183,2184,-1,2179,2184,2178,-1,2178,2184,2185,-1,2178,2185,2177,-1,2177,2185,2186,-1,2177,2186,2176,-1,2176,2186,2187,-1,2176,2187,2175,-1,2175,2187,2188,-1,2182,2189,2183,-1,2183,2189,2190,-1,2183,2190,2184,-1,2184,2190,2191,-1,2184,2191,2185,-1,2185,2191,2192,-1,2185,2192,2186,-1,2186,2192,2193,-1,2186,2193,2187,-1,2187,2193,2158,-1,2187,2158,2188,-1,2188,2158,2157,-1,2189,2194,2190,-1,2190,2194,2195,-1,2190,2195,2191,-1,2191,2195,2196,-1,2191,2196,2192,-1,2192,2196,2197,-1,2192,2197,2193,-1,2193,2197,2198,-1,2193,2198,2158,-1,2158,2198,2155,-1,2158,2155,2156,-1,2156,2155,2154,-1,2199,2153,2200,-1,2200,2153,2155,-1,2200,2155,2201,-1,2201,2155,2198,-1,2201,2198,2202,-1,2202,2198,2197,-1,2202,2197,2203,-1,2203,2197,2196,-1,2203,2196,2204,-1,2204,2196,2195,-1,2204,2195,2205,-1,2205,2195,2194,-1,2205,2206,2204,-1,2204,2206,2207,-1,2204,2207,2203,-1,2203,2207,2208,-1,2203,2208,2202,-1,2202,2208,2209,-1,2202,2209,2201,-1,2201,2209,2210,-1,2201,2210,2200,-1,2200,2210,2211,-1,2200,2211,2199,-1,2199,2211,2212,-1,2206,2213,2207,-1,2207,2213,2214,-1,2207,2214,2208,-1,2208,2214,2215,-1,2208,2215,2209,-1,2209,2215,2216,-1,2209,2216,2210,-1,2210,2216,2217,-1,2210,2217,2211,-1,2211,2217,2152,-1,2211,2152,2212,-1,2212,2152,2151,-1,2213,2218,2214,-1,2214,2218,2219,-1,2214,2219,2215,-1,2215,2219,2220,-1,2215,2220,2216,-1,2216,2220,2221,-1,2216,2221,2217,-1,2217,2221,2222,-1,2217,2222,2152,-1,2152,2222,2149,-1,2152,2149,2150,-1,2150,2149,2148,-1,2223,2147,2224,-1,2224,2147,2149,-1,2224,2149,2225,-1,2225,2149,2222,-1,2225,2222,2226,-1,2226,2222,2221,-1,2226,2221,2227,-1,2227,2221,2220,-1,2227,2220,2228,-1,2228,2220,2219,-1,2228,2219,2229,-1,2229,2219,2218,-1,2229,2068,2228,-1,2228,2068,2070,-1,2228,2070,2227,-1,2227,2070,2072,-1,2227,2072,2226,-1,2226,2072,2074,-1,2226,2074,2225,-1,2225,2074,2076,-1,2225,2076,2224,-1,2224,2076,2078,-1,2224,2078,2223,-1,2223,2078,2079,-1,2230,2231,2232,-1,2232,2233,2230,-1,2230,2233,2234,-1,2230,2234,2235,-1,2235,2234,2236,-1,2235,2236,2237,-1,2236,2238,2237,-1,2237,2238,2239,-1,2237,2239,2240,-1,2239,2241,2240,-1,2240,2241,2242,-1,2240,2242,2243,-1,2243,2242,2244,-1,2243,2244,2245,-1,2244,2246,2245,-1,2245,2246,2247,-1,2245,2247,2248,-1,2247,2249,2248,-1,2248,2249,2250,-1,2248,2250,2251,-1,2251,2250,2252,-1,2251,2252,2253,-1,2252,2254,2253,-1,2253,2254,2255,-1,2253,2255,2256,-1,2255,2257,2256,-1,2256,2257,2258,-1,2256,2258,2259,-1,2259,2258,2260,-1,2259,2260,2261,-1,2260,2262,2261,-1,2261,2262,2263,-1,2261,2263,2264,-1,2263,2265,2264,-1,2264,2265,2266,-1,2264,2266,2267,-1,2266,2268,2267,-1,2267,2268,2269,-1,2267,2269,2270,-1,2270,2269,2271,-1,2270,2271,2272,-1,2271,2273,2272,-1,2272,2273,2274,-1,2272,2274,2275,-1,2274,2276,2275,-1,2275,2276,2277,-1,2275,2277,2278,-1,2278,2277,2279,-1,2278,2279,2280,-1,2279,2281,2280,-1,2280,2281,2282,-1,2280,2282,2283,-1,2284,2285,2286,-1,2286,2285,2287,-1,2286,2287,2288,-1,2288,2287,2283,-1,2288,2283,2289,-1,2289,2283,2282,-1,2285,2290,2287,-1,2287,2290,2291,-1,2287,2291,2283,-1,2283,2291,2292,-1,2283,2292,2280,-1,2280,2292,2293,-1,2280,2293,2278,-1,2278,2293,2294,-1,2278,2294,2275,-1,2275,2294,2295,-1,2275,2295,2272,-1,2272,2295,2296,-1,2272,2296,2270,-1,2270,2296,2297,-1,2270,2297,2267,-1,2267,2297,2298,-1,2267,2298,2264,-1,2264,2298,2299,-1,2264,2299,2261,-1,2261,2299,2300,-1,2261,2300,2259,-1,2259,2300,2301,-1,2259,2301,2256,-1,2256,2301,2302,-1,2256,2302,2253,-1,2253,2302,2303,-1,2253,2303,2251,-1,2251,2303,2304,-1,2251,2304,2248,-1,2248,2304,2305,-1,2248,2305,2245,-1,2245,2305,2306,-1,2245,2306,2243,-1,2243,2306,2307,-1,2243,2307,2240,-1,2240,2307,2308,-1,2240,2308,2237,-1,2237,2308,2309,-1,2237,2309,2235,-1,2235,2309,2310,-1,2235,2310,2230,-1,2230,2310,2311,-1,2230,2311,2231,-1,2231,2311,2312,-1,2290,2313,2291,-1,2291,2313,2314,-1,2291,2314,2292,-1,2292,2314,2315,-1,2292,2315,2293,-1,2293,2315,2316,-1,2293,2316,2294,-1,2294,2316,2317,-1,2294,2317,2295,-1,2295,2317,2318,-1,2295,2318,2296,-1,2296,2318,2319,-1,2296,2319,2297,-1,2297,2319,2320,-1,2297,2320,2298,-1,2298,2320,2321,-1,2298,2321,2299,-1,2299,2321,2322,-1,2299,2322,2300,-1,2300,2322,2323,-1,2300,2323,2301,-1,2301,2323,2324,-1,2301,2324,2302,-1,2302,2324,2325,-1,2302,2325,2303,-1,2303,2325,2326,-1,2303,2326,2304,-1,2304,2326,2327,-1,2304,2327,2305,-1,2305,2327,2328,-1,2305,2328,2306,-1,2306,2328,2329,-1,2306,2329,2307,-1,2307,2329,2330,-1,2307,2330,2308,-1,2308,2330,2331,-1,2308,2331,2309,-1,2309,2331,2332,-1,2309,2332,2310,-1,2310,2332,2333,-1,2310,2333,2311,-1,2311,2333,2334,-1,2311,2334,2312,-1,2312,2334,2335,-1,2313,2336,2314,-1,2314,2336,2337,-1,2314,2337,2315,-1,2315,2337,2338,-1,2315,2338,2316,-1,2316,2338,2339,-1,2316,2339,2317,-1,2317,2339,2340,-1,2317,2340,2318,-1,2318,2340,2341,-1,2318,2341,2319,-1,2319,2341,2342,-1,2319,2342,2320,-1,2320,2342,2343,-1,2320,2343,2321,-1,2321,2343,2344,-1,2321,2344,2322,-1,2322,2344,2345,-1,2322,2345,2323,-1,2323,2345,2346,-1,2323,2346,2324,-1,2324,2346,2347,-1,2324,2347,2325,-1,2325,2347,2348,-1,2325,2348,2326,-1,2326,2348,2349,-1,2326,2349,2327,-1,2327,2349,2350,-1,2327,2350,2328,-1,2328,2350,2351,-1,2328,2351,2329,-1,2329,2351,2352,-1,2329,2352,2330,-1,2330,2352,2353,-1,2330,2353,2331,-1,2331,2353,2354,-1,2331,2354,2332,-1,2332,2354,2355,-1,2332,2355,2333,-1,2333,2355,2356,-1,2333,2356,2334,-1,2334,2356,2357,-1,2334,2357,2335,-1,2335,2357,2358,-1,2336,2359,2337,-1,2337,2359,2360,-1,2337,2360,2338,-1,2338,2360,2361,-1,2338,2361,2339,-1,2339,2361,2362,-1,2339,2362,2340,-1,2340,2362,2363,-1,2340,2363,2341,-1,2341,2363,2364,-1,2341,2364,2342,-1,2342,2364,2365,-1,2342,2365,2343,-1,2343,2365,2366,-1,2343,2366,2344,-1,2344,2366,2367,-1,2344,2367,2345,-1,2345,2367,2368,-1,2345,2368,2346,-1,2346,2368,2369,-1,2346,2369,2347,-1,2347,2369,2370,-1,2347,2370,2348,-1,2348,2370,2371,-1,2348,2371,2349,-1,2349,2371,2372,-1,2349,2372,2350,-1,2350,2372,2373,-1,2350,2373,2351,-1,2351,2373,2374,-1,2351,2374,2352,-1,2352,2374,2375,-1,2352,2375,2353,-1,2353,2375,2376,-1,2353,2376,2354,-1,2354,2376,2377,-1,2354,2377,2355,-1,2355,2377,2378,-1,2355,2378,2356,-1,2356,2378,2379,-1,2356,2379,2357,-1,2357,2379,2380,-1,2357,2380,2358,-1,2358,2380,2381,-1,2359,2382,2360,-1,2360,2382,2383,-1,2360,2383,2361,-1,2361,2383,2384,-1,2361,2384,2362,-1,2362,2384,2385,-1,2362,2385,2363,-1,2363,2385,2386,-1,2363,2386,2364,-1,2364,2386,2387,-1,2364,2387,2365,-1,2365,2387,2388,-1,2365,2388,2366,-1,2366,2388,2389,-1,2366,2389,2367,-1,2367,2389,2390,-1,2367,2390,2368,-1,2368,2390,2391,-1,2368,2391,2369,-1,2369,2391,2392,-1,2369,2392,2370,-1,2370,2392,2393,-1,2370,2393,2371,-1,2371,2393,2394,-1,2371,2394,2372,-1,2372,2394,2395,-1,2372,2395,2373,-1,2373,2395,2396,-1,2373,2396,2374,-1,2374,2396,2397,-1,2374,2397,2375,-1,2375,2397,2398,-1,2375,2398,2376,-1,2376,2398,2399,-1,2376,2399,2377,-1,2377,2399,2400,-1,2377,2400,2378,-1,2378,2400,2401,-1,2378,2401,2379,-1,2379,2401,2402,-1,2379,2402,2380,-1,2380,2402,2403,-1,2380,2403,2381,-1,2381,2403,2404,-1,2405,2406,2232,-1,2405,2232,2407,-1,2407,2232,2231,-1,2407,2231,2408,-1,2408,2231,2409,-1,2409,2231,2312,-1,2409,2312,2410,-1,2410,2312,2411,-1,2411,2312,2335,-1,2411,2335,2412,-1,2412,2335,2358,-1,2412,2358,2413,-1,2413,2358,2414,-1,2414,2358,2381,-1,2414,2381,2415,-1,2415,2381,2416,-1,2416,2381,2404,-1,2416,2404,2417,-1,2418,2419,2284,-1,2284,2419,2285,-1,2419,2420,2285,-1,2285,2420,2421,-1,2285,2421,2290,-1,2421,2422,2290,-1,2290,2422,2423,-1,2290,2423,2313,-1,2313,2423,2424,-1,2313,2424,2336,-1,2424,2425,2336,-1,2336,2425,2426,-1,2336,2426,2359,-1,2426,2427,2359,-1,2359,2427,2428,-1,2359,2428,2382,-1,2382,2428,2429,-1,2382,2429,2430,-1,2415,2416,2431,-1,2428,2427,2432,-1,2413,2414,2433,-1,2426,2425,2434,-1,2411,2412,2435,-1,2424,2423,2436,-1,2409,2410,2437,-1,2422,2421,2438,-1,2407,2408,2439,-1,2420,2419,2440,-1,2440,2419,2418,-1,2418,2441,2440,-1,2440,2441,2442,-1,2440,2442,2443,-1,2443,2442,2444,-1,2443,2444,2445,-1,2444,2446,2445,-1,2445,2446,2447,-1,2445,2447,2448,-1,2447,2449,2448,-1,2448,2449,2450,-1,2448,2450,2451,-1,2451,2450,2452,-1,2451,2452,2453,-1,2452,2454,2453,-1,2453,2454,2455,-1,2453,2455,2456,-1,2455,2457,2456,-1,2456,2457,2458,-1,2456,2458,2459,-1,2459,2458,2460,-1,2459,2460,2461,-1,2460,2462,2461,-1,2461,2462,2463,-1,2461,2463,2464,-1,2463,2465,2464,-1,2464,2465,2466,-1,2464,2466,2467,-1,2466,2468,2467,-1,2467,2468,2469,-1,2467,2469,2470,-1,2470,2469,2471,-1,2470,2471,2472,-1,2471,2473,2472,-1,2472,2473,2474,-1,2472,2474,2475,-1,2474,2476,2475,-1,2475,2476,2477,-1,2475,2477,2478,-1,2478,2477,2479,-1,2478,2479,2480,-1,2479,2481,2480,-1,2480,2481,2482,-1,2480,2482,2483,-1,2482,2484,2483,-1,2483,2484,2485,-1,2483,2485,2486,-1,2486,2485,2487,-1,2486,2487,2488,-1,2487,2489,2488,-1,2488,2489,2490,-1,2488,2490,2491,-1,2406,2405,2492,-1,2492,2405,2493,-1,2492,2493,2494,-1,2494,2493,2491,-1,2494,2491,2495,-1,2495,2491,2490,-1,2405,2407,2493,-1,2493,2407,2439,-1,2493,2439,2491,-1,2491,2439,2496,-1,2491,2496,2488,-1,2488,2496,2497,-1,2488,2497,2486,-1,2486,2497,2498,-1,2486,2498,2483,-1,2483,2498,2499,-1,2483,2499,2480,-1,2480,2499,2500,-1,2480,2500,2478,-1,2478,2500,2501,-1,2478,2501,2475,-1,2475,2501,2502,-1,2475,2502,2472,-1,2472,2502,2503,-1,2472,2503,2470,-1,2470,2503,2504,-1,2470,2504,2467,-1,2467,2504,2505,-1,2467,2505,2464,-1,2464,2505,2506,-1,2464,2506,2461,-1,2461,2506,2507,-1,2461,2507,2459,-1,2459,2507,2508,-1,2459,2508,2456,-1,2456,2508,2509,-1,2456,2509,2453,-1,2453,2509,2510,-1,2453,2510,2451,-1,2451,2510,2511,-1,2451,2511,2448,-1,2448,2511,2512,-1,2448,2512,2445,-1,2445,2512,2513,-1,2445,2513,2443,-1,2443,2513,2514,-1,2443,2514,2440,-1,2440,2514,2438,-1,2440,2438,2420,-1,2420,2438,2421,-1,2408,2409,2439,-1,2439,2409,2437,-1,2439,2437,2496,-1,2496,2437,2515,-1,2496,2515,2497,-1,2497,2515,2516,-1,2497,2516,2498,-1,2498,2516,2517,-1,2498,2517,2499,-1,2499,2517,2518,-1,2499,2518,2500,-1,2500,2518,2519,-1,2500,2519,2501,-1,2501,2519,2520,-1,2501,2520,2502,-1,2502,2520,2521,-1,2502,2521,2503,-1,2503,2521,2522,-1,2503,2522,2504,-1,2504,2522,2523,-1,2504,2523,2505,-1,2505,2523,2524,-1,2505,2524,2506,-1,2506,2524,2525,-1,2506,2525,2507,-1,2507,2525,2526,-1,2507,2526,2508,-1,2508,2526,2527,-1,2508,2527,2509,-1,2509,2527,2528,-1,2509,2528,2510,-1,2510,2528,2529,-1,2510,2529,2511,-1,2511,2529,2530,-1,2511,2530,2512,-1,2512,2530,2531,-1,2512,2531,2513,-1,2513,2531,2532,-1,2513,2532,2514,-1,2514,2532,2533,-1,2514,2533,2438,-1,2438,2533,2436,-1,2438,2436,2422,-1,2422,2436,2423,-1,2410,2411,2437,-1,2437,2411,2435,-1,2437,2435,2515,-1,2515,2435,2534,-1,2515,2534,2516,-1,2516,2534,2535,-1,2516,2535,2517,-1,2517,2535,2536,-1,2517,2536,2518,-1,2518,2536,2537,-1,2518,2537,2519,-1,2519,2537,2538,-1,2519,2538,2520,-1,2520,2538,2539,-1,2520,2539,2521,-1,2521,2539,2540,-1,2521,2540,2522,-1,2522,2540,2541,-1,2522,2541,2523,-1,2523,2541,2542,-1,2523,2542,2524,-1,2524,2542,2543,-1,2524,2543,2525,-1,2525,2543,2544,-1,2525,2544,2526,-1,2526,2544,2545,-1,2526,2545,2527,-1,2527,2545,2546,-1,2527,2546,2528,-1,2528,2546,2547,-1,2528,2547,2529,-1,2529,2547,2548,-1,2529,2548,2530,-1,2530,2548,2549,-1,2530,2549,2531,-1,2531,2549,2550,-1,2531,2550,2532,-1,2532,2550,2551,-1,2532,2551,2533,-1,2533,2551,2552,-1,2533,2552,2436,-1,2436,2552,2434,-1,2436,2434,2424,-1,2424,2434,2425,-1,2412,2413,2435,-1,2435,2413,2433,-1,2435,2433,2534,-1,2534,2433,2553,-1,2534,2553,2535,-1,2535,2553,2554,-1,2535,2554,2536,-1,2536,2554,2555,-1,2536,2555,2537,-1,2537,2555,2556,-1,2537,2556,2538,-1,2538,2556,2557,-1,2538,2557,2539,-1,2539,2557,2558,-1,2539,2558,2540,-1,2540,2558,2559,-1,2540,2559,2541,-1,2541,2559,2560,-1,2541,2560,2542,-1,2542,2560,2561,-1,2542,2561,2543,-1,2543,2561,2562,-1,2543,2562,2544,-1,2544,2562,2563,-1,2544,2563,2545,-1,2545,2563,2564,-1,2545,2564,2546,-1,2546,2564,2565,-1,2546,2565,2547,-1,2547,2565,2566,-1,2547,2566,2548,-1,2548,2566,2567,-1,2548,2567,2549,-1,2549,2567,2568,-1,2549,2568,2550,-1,2550,2568,2569,-1,2550,2569,2551,-1,2551,2569,2570,-1,2551,2570,2552,-1,2552,2570,2571,-1,2552,2571,2434,-1,2434,2571,2432,-1,2434,2432,2426,-1,2426,2432,2427,-1,2414,2415,2433,-1,2433,2415,2431,-1,2433,2431,2553,-1,2553,2431,2572,-1,2553,2572,2554,-1,2554,2572,2573,-1,2554,2573,2555,-1,2555,2573,2574,-1,2555,2574,2556,-1,2556,2574,2575,-1,2556,2575,2557,-1,2557,2575,2576,-1,2557,2576,2558,-1,2558,2576,2577,-1,2558,2577,2559,-1,2559,2577,2578,-1,2559,2578,2560,-1,2560,2578,2579,-1,2560,2579,2561,-1,2561,2579,2580,-1,2561,2580,2562,-1,2562,2580,2581,-1,2562,2581,2563,-1,2563,2581,2582,-1,2563,2582,2564,-1,2564,2582,2583,-1,2564,2583,2565,-1,2565,2583,2584,-1,2565,2584,2566,-1,2566,2584,2585,-1,2566,2585,2567,-1,2567,2585,2586,-1,2567,2586,2568,-1,2568,2586,2587,-1,2568,2587,2569,-1,2569,2587,2588,-1,2569,2588,2570,-1,2570,2588,2589,-1,2570,2589,2571,-1,2571,2589,2590,-1,2571,2590,2432,-1,2432,2590,2591,-1,2432,2591,2428,-1,2428,2591,2429,-1,2416,2417,2431,-1,2431,2417,2592,-1,2431,2592,2572,-1,2572,2592,2593,-1,2572,2593,2573,-1,2573,2593,2594,-1,2573,2594,2574,-1,2574,2594,2595,-1,2574,2595,2575,-1,2575,2595,2596,-1,2575,2596,2576,-1,2576,2596,2597,-1,2576,2597,2577,-1,2577,2597,2598,-1,2577,2598,2578,-1,2578,2598,2599,-1,2578,2599,2579,-1,2579,2599,2600,-1,2579,2600,2580,-1,2580,2600,2601,-1,2580,2601,2581,-1,2581,2601,2602,-1,2581,2602,2582,-1,2582,2602,2603,-1,2582,2603,2583,-1,2583,2603,2604,-1,2583,2604,2584,-1,2584,2604,2605,-1,2584,2605,2585,-1,2585,2605,2606,-1,2585,2606,2586,-1,2586,2606,2607,-1,2586,2607,2587,-1,2587,2607,2608,-1,2587,2608,2588,-1,2588,2608,2609,-1,2588,2609,2589,-1,2589,2609,2610,-1,2589,2610,2590,-1,2590,2610,2611,-1,2590,2611,2591,-1,2591,2611,2612,-1,2591,2612,2429,-1,2429,2612,2430,-1,2613,2614,2615,-1,2613,2615,2616,-1,2616,2615,2617,-1,2616,2617,2618,-1,2618,2617,2619,-1,2618,2619,2620,-1,2620,2619,2621,-1,2620,2621,2622,-1,2622,2621,2623,-1,2622,2623,2624,-1,2624,2623,2625,-1,2624,2625,2626,-1,2627,2628,2629,-1,2630,2631,2632,-1,2633,2634,2635,-1,2636,2637,2638,-1,2639,2640,2641,-1,2642,2643,2644,-1,2645,2646,2647,-1,2647,2646,2648,-1,2647,2648,2649,-1,2649,2648,2650,-1,2649,2650,2651,-1,2651,2650,2652,-1,2651,2652,2653,-1,2653,2652,2654,-1,2653,2654,2655,-1,2655,2654,2644,-1,2655,2644,2656,-1,2656,2644,2643,-1,2646,2657,2648,-1,2648,2657,2658,-1,2648,2658,2650,-1,2650,2658,2659,-1,2650,2659,2652,-1,2652,2659,2660,-1,2652,2660,2654,-1,2654,2660,2661,-1,2654,2661,2644,-1,2644,2661,2641,-1,2644,2641,2642,-1,2642,2641,2640,-1,2662,2639,2663,-1,2663,2639,2641,-1,2663,2641,2664,-1,2664,2641,2661,-1,2664,2661,2665,-1,2665,2661,2660,-1,2665,2660,2666,-1,2666,2660,2659,-1,2666,2659,2667,-1,2667,2659,2658,-1,2667,2658,2668,-1,2668,2658,2657,-1,2668,2669,2667,-1,2667,2669,2670,-1,2667,2670,2666,-1,2666,2670,2671,-1,2666,2671,2665,-1,2665,2671,2672,-1,2665,2672,2664,-1,2664,2672,2673,-1,2664,2673,2663,-1,2663,2673,2674,-1,2663,2674,2662,-1,2662,2674,2675,-1,2669,2676,2670,-1,2670,2676,2677,-1,2670,2677,2671,-1,2671,2677,2678,-1,2671,2678,2672,-1,2672,2678,2679,-1,2672,2679,2673,-1,2673,2679,2680,-1,2673,2680,2674,-1,2674,2680,2638,-1,2674,2638,2675,-1,2675,2638,2637,-1,2676,2681,2677,-1,2677,2681,2682,-1,2677,2682,2678,-1,2678,2682,2683,-1,2678,2683,2679,-1,2679,2683,2684,-1,2679,2684,2680,-1,2680,2684,2685,-1,2680,2685,2638,-1,2638,2685,2635,-1,2638,2635,2636,-1,2636,2635,2634,-1,2686,2633,2687,-1,2687,2633,2635,-1,2687,2635,2688,-1,2688,2635,2685,-1,2688,2685,2689,-1,2689,2685,2684,-1,2689,2684,2690,-1,2690,2684,2683,-1,2690,2683,2691,-1,2691,2683,2682,-1,2691,2682,2692,-1,2692,2682,2681,-1,2692,2693,2691,-1,2691,2693,2694,-1,2691,2694,2690,-1,2690,2694,2695,-1,2690,2695,2689,-1,2689,2695,2696,-1,2689,2696,2688,-1,2688,2696,2697,-1,2688,2697,2687,-1,2687,2697,2698,-1,2687,2698,2686,-1,2686,2698,2699,-1,2693,2700,2694,-1,2694,2700,2701,-1,2694,2701,2695,-1,2695,2701,2702,-1,2695,2702,2696,-1,2696,2702,2703,-1,2696,2703,2697,-1,2697,2703,2704,-1,2697,2704,2698,-1,2698,2704,2632,-1,2698,2632,2699,-1,2699,2632,2631,-1,2700,2705,2701,-1,2701,2705,2706,-1,2701,2706,2702,-1,2702,2706,2707,-1,2702,2707,2703,-1,2703,2707,2708,-1,2703,2708,2704,-1,2704,2708,2709,-1,2704,2709,2632,-1,2632,2709,2629,-1,2632,2629,2630,-1,2630,2629,2628,-1,2710,2627,2711,-1,2711,2627,2629,-1,2711,2629,2712,-1,2712,2629,2709,-1,2712,2709,2713,-1,2713,2709,2708,-1,2713,2708,2714,-1,2714,2708,2707,-1,2714,2707,2715,-1,2715,2707,2706,-1,2715,2706,2716,-1,2716,2706,2705,-1,2716,2613,2715,-1,2715,2613,2616,-1,2715,2616,2714,-1,2714,2616,2618,-1,2714,2618,2713,-1,2713,2618,2620,-1,2713,2620,2712,-1,2712,2620,2622,-1,2712,2622,2711,-1,2711,2622,2624,-1,2711,2624,2710,-1,2710,2624,2626,-1,2717,2718,2719,-1,2720,2721,2722,-1,2723,2724,2725,-1,2726,2727,2728,-1,2729,2730,2731,-1,2732,2733,2734,-1,2614,2735,2615,-1,2615,2735,2736,-1,2615,2736,2617,-1,2617,2736,2737,-1,2617,2737,2619,-1,2619,2737,2738,-1,2619,2738,2621,-1,2621,2738,2739,-1,2621,2739,2623,-1,2623,2739,2734,-1,2623,2734,2625,-1,2625,2734,2733,-1,2735,2740,2736,-1,2736,2740,2741,-1,2736,2741,2737,-1,2737,2741,2742,-1,2737,2742,2738,-1,2738,2742,2743,-1,2738,2743,2739,-1,2739,2743,2744,-1,2739,2744,2734,-1,2734,2744,2731,-1,2734,2731,2732,-1,2732,2731,2730,-1,2745,2729,2746,-1,2746,2729,2731,-1,2746,2731,2747,-1,2747,2731,2744,-1,2747,2744,2748,-1,2748,2744,2743,-1,2748,2743,2749,-1,2749,2743,2742,-1,2749,2742,2750,-1,2750,2742,2741,-1,2750,2741,2751,-1,2751,2741,2740,-1,2751,2752,2750,-1,2750,2752,2753,-1,2750,2753,2749,-1,2749,2753,2754,-1,2749,2754,2748,-1,2748,2754,2755,-1,2748,2755,2747,-1,2747,2755,2756,-1,2747,2756,2746,-1,2746,2756,2757,-1,2746,2757,2745,-1,2745,2757,2758,-1,2752,2759,2753,-1,2753,2759,2760,-1,2753,2760,2754,-1,2754,2760,2761,-1,2754,2761,2755,-1,2755,2761,2762,-1,2755,2762,2756,-1,2756,2762,2763,-1,2756,2763,2757,-1,2757,2763,2728,-1,2757,2728,2758,-1,2758,2728,2727,-1,2759,2764,2760,-1,2760,2764,2765,-1,2760,2765,2761,-1,2761,2765,2766,-1,2761,2766,2762,-1,2762,2766,2767,-1,2762,2767,2763,-1,2763,2767,2768,-1,2763,2768,2728,-1,2728,2768,2725,-1,2728,2725,2726,-1,2726,2725,2724,-1,2769,2723,2770,-1,2770,2723,2725,-1,2770,2725,2771,-1,2771,2725,2768,-1,2771,2768,2772,-1,2772,2768,2767,-1,2772,2767,2773,-1,2773,2767,2766,-1,2773,2766,2774,-1,2774,2766,2765,-1,2774,2765,2775,-1,2775,2765,2764,-1,2775,2776,2774,-1,2774,2776,2777,-1,2774,2777,2773,-1,2773,2777,2778,-1,2773,2778,2772,-1,2772,2778,2779,-1,2772,2779,2771,-1,2771,2779,2780,-1,2771,2780,2770,-1,2770,2780,2781,-1,2770,2781,2769,-1,2769,2781,2782,-1,2776,2783,2777,-1,2777,2783,2784,-1,2777,2784,2778,-1,2778,2784,2785,-1,2778,2785,2779,-1,2779,2785,2786,-1,2779,2786,2780,-1,2780,2786,2787,-1,2780,2787,2781,-1,2781,2787,2722,-1,2781,2722,2782,-1,2782,2722,2721,-1,2783,2788,2784,-1,2784,2788,2789,-1,2784,2789,2785,-1,2785,2789,2790,-1,2785,2790,2786,-1,2786,2790,2791,-1,2786,2791,2787,-1,2787,2791,2792,-1,2787,2792,2722,-1,2722,2792,2719,-1,2722,2719,2720,-1,2720,2719,2718,-1,2793,2717,2794,-1,2794,2717,2719,-1,2794,2719,2795,-1,2795,2719,2792,-1,2795,2792,2796,-1,2796,2792,2791,-1,2796,2791,2797,-1,2797,2791,2790,-1,2797,2790,2798,-1,2798,2790,2789,-1,2798,2789,2799,-1,2799,2789,2788,-1,2799,2800,2798,-1,2798,2800,2801,-1,2798,2801,2797,-1,2797,2801,2802,-1,2797,2802,2796,-1,2796,2802,2803,-1,2796,2803,2795,-1,2795,2803,2804,-1,2795,2804,2794,-1,2794,2804,2805,-1,2794,2805,2793,-1,2793,2805,2806,-1,2807,2808,2809,-1,2810,2811,2812,-1,2813,2814,2815,-1,2816,2817,2818,-1,2819,2820,2821,-1,2822,2823,2824,-1,2825,2826,2827,-1,2827,2826,2828,-1,2827,2828,2829,-1,2829,2828,2830,-1,2829,2830,2831,-1,2831,2830,2832,-1,2831,2832,2833,-1,2833,2832,2834,-1,2833,2834,2835,-1,2835,2834,2824,-1,2835,2824,2836,-1,2836,2824,2823,-1,2826,2837,2828,-1,2828,2837,2838,-1,2828,2838,2830,-1,2830,2838,2839,-1,2830,2839,2832,-1,2832,2839,2840,-1,2832,2840,2834,-1,2834,2840,2841,-1,2834,2841,2824,-1,2824,2841,2821,-1,2824,2821,2822,-1,2822,2821,2820,-1,2842,2819,2843,-1,2843,2819,2821,-1,2843,2821,2844,-1,2844,2821,2841,-1,2844,2841,2845,-1,2845,2841,2840,-1,2845,2840,2846,-1,2846,2840,2839,-1,2846,2839,2847,-1,2847,2839,2838,-1,2847,2838,2848,-1,2848,2838,2837,-1,2848,2849,2847,-1,2847,2849,2850,-1,2847,2850,2846,-1,2846,2850,2851,-1,2846,2851,2845,-1,2845,2851,2852,-1,2845,2852,2844,-1,2844,2852,2853,-1,2844,2853,2843,-1,2843,2853,2854,-1,2843,2854,2842,-1,2842,2854,2855,-1,2849,2856,2850,-1,2850,2856,2857,-1,2850,2857,2851,-1,2851,2857,2858,-1,2851,2858,2852,-1,2852,2858,2859,-1,2852,2859,2853,-1,2853,2859,2860,-1,2853,2860,2854,-1,2854,2860,2818,-1,2854,2818,2855,-1,2855,2818,2817,-1,2856,2861,2857,-1,2857,2861,2862,-1,2857,2862,2858,-1,2858,2862,2863,-1,2858,2863,2859,-1,2859,2863,2864,-1,2859,2864,2860,-1,2860,2864,2865,-1,2860,2865,2818,-1,2818,2865,2815,-1,2818,2815,2816,-1,2816,2815,2814,-1,2866,2813,2867,-1,2867,2813,2815,-1,2867,2815,2868,-1,2868,2815,2865,-1,2868,2865,2869,-1,2869,2865,2864,-1,2869,2864,2870,-1,2870,2864,2863,-1,2870,2863,2871,-1,2871,2863,2862,-1,2871,2862,2872,-1,2872,2862,2861,-1,2872,2873,2871,-1,2871,2873,2874,-1,2871,2874,2870,-1,2870,2874,2875,-1,2870,2875,2869,-1,2869,2875,2876,-1,2869,2876,2868,-1,2868,2876,2877,-1,2868,2877,2867,-1,2867,2877,2878,-1,2867,2878,2866,-1,2866,2878,2879,-1,2873,2880,2874,-1,2874,2880,2881,-1,2874,2881,2875,-1,2875,2881,2882,-1,2875,2882,2876,-1,2876,2882,2883,-1,2876,2883,2877,-1,2877,2883,2884,-1,2877,2884,2878,-1,2878,2884,2812,-1,2878,2812,2879,-1,2879,2812,2811,-1,2880,2885,2881,-1,2881,2885,2886,-1,2881,2886,2882,-1,2882,2886,2887,-1,2882,2887,2883,-1,2883,2887,2888,-1,2883,2888,2884,-1,2884,2888,2889,-1,2884,2889,2812,-1,2812,2889,2809,-1,2812,2809,2810,-1,2810,2809,2808,-1,2890,2807,2891,-1,2891,2807,2809,-1,2891,2809,2892,-1,2892,2809,2889,-1,2892,2889,2893,-1,2893,2889,2888,-1,2893,2888,2894,-1,2894,2888,2887,-1,2894,2887,2895,-1,2895,2887,2886,-1,2895,2886,2896,-1,2896,2886,2885,-1,2896,2645,2895,-1,2895,2645,2647,-1,2895,2647,2894,-1,2894,2647,2649,-1,2894,2649,2893,-1,2893,2649,2651,-1,2893,2651,2892,-1,2892,2651,2653,-1,2892,2653,2891,-1,2891,2653,2655,-1,2891,2655,2890,-1,2890,2655,2656,-1,2897,2898,2899,-1,2900,2901,2902,-1,2903,2904,2905,-1,2906,2907,2908,-1,2909,2910,2911,-1,2912,2913,2914,-1,2800,2915,2801,-1,2801,2915,2916,-1,2801,2916,2802,-1,2802,2916,2917,-1,2802,2917,2803,-1,2803,2917,2918,-1,2803,2918,2804,-1,2804,2918,2919,-1,2804,2919,2805,-1,2805,2919,2914,-1,2805,2914,2806,-1,2806,2914,2913,-1,2915,2920,2916,-1,2916,2920,2921,-1,2916,2921,2917,-1,2917,2921,2922,-1,2917,2922,2918,-1,2918,2922,2923,-1,2918,2923,2919,-1,2919,2923,2924,-1,2919,2924,2914,-1,2914,2924,2911,-1,2914,2911,2912,-1,2912,2911,2910,-1,2925,2909,2926,-1,2926,2909,2911,-1,2926,2911,2927,-1,2927,2911,2924,-1,2927,2924,2928,-1,2928,2924,2923,-1,2928,2923,2929,-1,2929,2923,2922,-1,2929,2922,2930,-1,2930,2922,2921,-1,2930,2921,2931,-1,2931,2921,2920,-1,2931,2932,2930,-1,2930,2932,2933,-1,2930,2933,2929,-1,2929,2933,2934,-1,2929,2934,2928,-1,2928,2934,2935,-1,2928,2935,2927,-1,2927,2935,2936,-1,2927,2936,2926,-1,2926,2936,2937,-1,2926,2937,2925,-1,2925,2937,2938,-1,2932,2939,2933,-1,2933,2939,2940,-1,2933,2940,2934,-1,2934,2940,2941,-1,2934,2941,2935,-1,2935,2941,2942,-1,2935,2942,2936,-1,2936,2942,2943,-1,2936,2943,2937,-1,2937,2943,2908,-1,2937,2908,2938,-1,2938,2908,2907,-1,2939,2944,2940,-1,2940,2944,2945,-1,2940,2945,2941,-1,2941,2945,2946,-1,2941,2946,2942,-1,2942,2946,2947,-1,2942,2947,2943,-1,2943,2947,2948,-1,2943,2948,2908,-1,2908,2948,2905,-1,2908,2905,2906,-1,2906,2905,2904,-1,2949,2903,2950,-1,2950,2903,2905,-1,2950,2905,2951,-1,2951,2905,2948,-1,2951,2948,2952,-1,2952,2948,2947,-1,2952,2947,2953,-1,2953,2947,2946,-1,2953,2946,2954,-1,2954,2946,2945,-1,2954,2945,2955,-1,2955,2945,2944,-1,2955,2956,2954,-1,2954,2956,2957,-1,2954,2957,2953,-1,2953,2957,2958,-1,2953,2958,2952,-1,2952,2958,2959,-1,2952,2959,2951,-1,2951,2959,2960,-1,2951,2960,2950,-1,2950,2960,2961,-1,2950,2961,2949,-1,2949,2961,2962,-1,2956,2963,2957,-1,2957,2963,2964,-1,2957,2964,2958,-1,2958,2964,2965,-1,2958,2965,2959,-1,2959,2965,2966,-1,2959,2966,2960,-1,2960,2966,2967,-1,2960,2967,2961,-1,2961,2967,2902,-1,2961,2902,2962,-1,2962,2902,2901,-1,2963,2968,2964,-1,2964,2968,2969,-1,2964,2969,2965,-1,2965,2969,2970,-1,2965,2970,2966,-1,2966,2970,2971,-1,2966,2971,2967,-1,2967,2971,2972,-1,2967,2972,2902,-1,2902,2972,2899,-1,2902,2899,2900,-1,2900,2899,2898,-1,2973,2897,2974,-1,2974,2897,2899,-1,2974,2899,2975,-1,2975,2899,2972,-1,2975,2972,2976,-1,2976,2972,2971,-1,2976,2971,2977,-1,2977,2971,2970,-1,2977,2970,2978,-1,2978,2970,2969,-1,2978,2969,2979,-1,2979,2969,2968,-1,2979,2980,2978,-1,2978,2980,2981,-1,2978,2981,2977,-1,2977,2981,2982,-1,2977,2982,2976,-1,2976,2982,2983,-1,2976,2983,2975,-1,2975,2983,2984,-1,2975,2984,2974,-1,2974,2984,2985,-1,2974,2985,2973,-1,2973,2985,2986,-1,2835,2984,2833,-1,2833,2984,2983,-1,2833,2983,2831,-1,2831,2983,2982,-1,2831,2982,2829,-1,2829,2982,2981,-1,2829,2981,2827,-1,2827,2981,2980,-1,2827,2980,2825,-1,2835,2836,2987,-1,2987,2988,2835,-1,2835,2988,2985,-1,2835,2985,2984,-1,2988,2989,2985,-1,2985,2989,2990,-1,2985,2990,2991,-1,2991,2992,2985,-1,2985,2992,2993,-1,2985,2993,2994,-1,2994,2995,2985,-1,2985,2995,2996,-1,2985,2996,2986,-1,248,257,2997,-1,248,2997,2998,-1,2998,2997,2999,-1,2998,2999,3000,-1,3000,2999,3001,-1,3000,3001,3002,-1,3002,3001,3003,-1,3002,3003,3004,-1,3004,3003,3005,-1,3004,3005,3006,-1,3006,3005,3007,-1,3006,3007,3008,-1,248,2998,3009,-1,2998,3000,3010,-1,3000,3002,3011,-1,3002,3004,3012,-1,3004,3006,3013,-1,3006,3008,3014,-1,3006,3014,3013,-1,3013,3014,3015,-1,3013,3015,3016,-1,3015,3017,3016,-1,3016,3017,3018,-1,3016,3018,3019,-1,3018,3020,3019,-1,3019,3020,3021,-1,3019,3021,3022,-1,3022,3021,3023,-1,3022,3023,3024,-1,3024,3023,3025,-1,3024,3025,3026,-1,3026,3025,3027,-1,3027,3028,3026,-1,3026,3028,3029,-1,3026,3029,3030,-1,3030,3029,3031,-1,3030,3031,3032,-1,3032,3031,3033,-1,3032,3033,3034,-1,3033,3035,3034,-1,3034,3035,3036,-1,3034,3036,3037,-1,3036,3038,3037,-1,3037,3038,3039,-1,3037,3039,3040,-1,3040,3039,3041,-1,3040,3041,3042,-1,3042,3041,3043,-1,3042,3043,3044,-1,3044,3043,3045,-1,3045,3046,3044,-1,3044,3046,3047,-1,3044,3047,3048,-1,3048,3047,3049,-1,3048,3049,3050,-1,3050,3049,3051,-1,3050,3051,3052,-1,3051,3053,3052,-1,3052,3053,3054,-1,3052,3054,3055,-1,3054,3056,3055,-1,3055,3056,3057,-1,3055,3057,3058,-1,3058,3057,3059,-1,3058,3059,3060,-1,3060,3059,3061,-1,3060,3061,3062,-1,3062,3061,3063,-1,3063,3064,3062,-1,3062,3064,3065,-1,3062,3065,3066,-1,3004,3013,3012,-1,3012,3013,3016,-1,3012,3016,3067,-1,3067,3016,3019,-1,3067,3019,3068,-1,3068,3019,3022,-1,3068,3022,3069,-1,3069,3022,3024,-1,3069,3024,3070,-1,3070,3024,3026,-1,3070,3026,3071,-1,3071,3026,3030,-1,3071,3030,3072,-1,3072,3030,3032,-1,3072,3032,3073,-1,3073,3032,3034,-1,3073,3034,3074,-1,3074,3034,3037,-1,3074,3037,3075,-1,3075,3037,3040,-1,3075,3040,3076,-1,3076,3040,3042,-1,3076,3042,3077,-1,3077,3042,3044,-1,3077,3044,3078,-1,3078,3044,3048,-1,3078,3048,3079,-1,3079,3048,3050,-1,3079,3050,3080,-1,3080,3050,3052,-1,3080,3052,3081,-1,3081,3052,3055,-1,3081,3055,3082,-1,3082,3055,3058,-1,3082,3058,3083,-1,3083,3058,3060,-1,3083,3060,3084,-1,3084,3060,3062,-1,3084,3062,3085,-1,3085,3062,3066,-1,3085,3066,3086,-1,3002,3012,3011,-1,3011,3012,3067,-1,3011,3067,3087,-1,3087,3067,3068,-1,3087,3068,3088,-1,3088,3068,3069,-1,3088,3069,3089,-1,3089,3069,3070,-1,3089,3070,3090,-1,3090,3070,3071,-1,3090,3071,3091,-1,3091,3071,3072,-1,3091,3072,3092,-1,3092,3072,3073,-1,3092,3073,3093,-1,3093,3073,3074,-1,3093,3074,3094,-1,3094,3074,3075,-1,3094,3075,3095,-1,3095,3075,3076,-1,3095,3076,3096,-1,3096,3076,3077,-1,3096,3077,3097,-1,3097,3077,3078,-1,3097,3078,3098,-1,3098,3078,3079,-1,3098,3079,3099,-1,3099,3079,3080,-1,3099,3080,3100,-1,3100,3080,3081,-1,3100,3081,3101,-1,3101,3081,3082,-1,3101,3082,3102,-1,3102,3082,3083,-1,3102,3083,3103,-1,3103,3083,3084,-1,3103,3084,3104,-1,3104,3084,3085,-1,3104,3085,3105,-1,3105,3085,3086,-1,3105,3086,3106,-1,3000,3011,3010,-1,3010,3011,3087,-1,3010,3087,3107,-1,3107,3087,3088,-1,3107,3088,3108,-1,3108,3088,3089,-1,3108,3089,3109,-1,3109,3089,3090,-1,3109,3090,3110,-1,3110,3090,3091,-1,3110,3091,3111,-1,3111,3091,3092,-1,3111,3092,3112,-1,3112,3092,3093,-1,3112,3093,3113,-1,3113,3093,3094,-1,3113,3094,3114,-1,3114,3094,3095,-1,3114,3095,3115,-1,3115,3095,3096,-1,3115,3096,3116,-1,3116,3096,3097,-1,3116,3097,3117,-1,3117,3097,3098,-1,3117,3098,3118,-1,3118,3098,3099,-1,3118,3099,3119,-1,3119,3099,3100,-1,3119,3100,3120,-1,3120,3100,3101,-1,3120,3101,3121,-1,3121,3101,3102,-1,3121,3102,3122,-1,3122,3102,3103,-1,3122,3103,3123,-1,3123,3103,3104,-1,3123,3104,3124,-1,3124,3104,3105,-1,3124,3105,3125,-1,3125,3105,3106,-1,3125,3106,3126,-1,2998,3010,3009,-1,3009,3010,3107,-1,3009,3107,3127,-1,3127,3107,3108,-1,3127,3108,3128,-1,3128,3108,3109,-1,3128,3109,3129,-1,3129,3109,3110,-1,3129,3110,3130,-1,3130,3110,3111,-1,3130,3111,3131,-1,3131,3111,3112,-1,3131,3112,3132,-1,3132,3112,3113,-1,3132,3113,3133,-1,3133,3113,3114,-1,3133,3114,3134,-1,3134,3114,3115,-1,3134,3115,3135,-1,3135,3115,3116,-1,3135,3116,3136,-1,3136,3116,3117,-1,3136,3117,3137,-1,3137,3117,3118,-1,3137,3118,3138,-1,3138,3118,3119,-1,3138,3119,3139,-1,3139,3119,3120,-1,3139,3120,3140,-1,3140,3120,3121,-1,3140,3121,3141,-1,3141,3121,3122,-1,3141,3122,3142,-1,3142,3122,3123,-1,3142,3123,3143,-1,3143,3123,3124,-1,3143,3124,3144,-1,3144,3124,3125,-1,3144,3125,3145,-1,3145,3125,3126,-1,3145,3126,3146,-1,248,3009,249,-1,249,3009,3127,-1,249,3127,250,-1,250,3127,3128,-1,250,3128,245,-1,245,3128,3129,-1,245,3129,246,-1,246,3129,3130,-1,246,3130,247,-1,247,3130,3131,-1,247,3131,230,-1,230,3131,3132,-1,230,3132,242,-1,242,3132,3133,-1,242,3133,243,-1,243,3133,3134,-1,243,3134,244,-1,244,3134,3135,-1,244,3135,240,-1,240,3135,3136,-1,240,3136,241,-1,241,3136,3137,-1,241,3137,253,-1,253,3137,3138,-1,253,3138,254,-1,254,3138,3139,-1,254,3139,255,-1,255,3139,3140,-1,255,3140,238,-1,238,3140,3141,-1,238,3141,239,-1,239,3141,3142,-1,239,3142,236,-1,236,3142,3143,-1,236,3143,237,-1,237,3143,3144,-1,237,3144,265,-1,265,3144,3145,-1,265,3145,264,-1,264,3145,3146,-1,264,3146,229,-1,224,3147,3148,-1,3147,3149,3150,-1,3149,3151,3152,-1,3151,3153,3154,-1,3153,3155,3156,-1,3155,3157,3158,-1,3155,3158,3156,-1,3156,3158,3159,-1,3156,3159,3160,-1,3159,3161,3160,-1,3160,3161,3162,-1,3160,3162,3163,-1,3162,3164,3163,-1,3163,3164,3165,-1,3163,3165,3166,-1,3166,3165,3167,-1,3166,3167,3168,-1,3168,3167,3169,-1,3168,3169,3170,-1,3170,3169,3171,-1,3171,3172,3170,-1,3170,3172,3173,-1,3170,3173,3174,-1,3174,3173,3175,-1,3174,3175,3176,-1,3176,3175,3177,-1,3176,3177,3178,-1,3177,3179,3178,-1,3178,3179,3180,-1,3178,3180,3181,-1,3180,3182,3181,-1,3181,3182,3183,-1,3181,3183,3184,-1,3184,3183,3185,-1,3184,3185,3186,-1,3186,3185,3187,-1,3186,3187,3188,-1,3188,3187,3189,-1,3189,3190,3188,-1,3188,3190,3191,-1,3188,3191,3192,-1,3192,3191,3193,-1,3192,3193,3194,-1,3194,3193,3195,-1,3194,3195,3196,-1,3195,3197,3196,-1,3196,3197,3198,-1,3196,3198,3199,-1,3198,3200,3199,-1,3199,3200,3201,-1,3199,3201,3202,-1,3202,3201,3203,-1,3202,3203,3204,-1,3204,3203,3205,-1,3204,3205,3206,-1,3206,3205,3207,-1,3207,3208,3206,-1,3206,3208,3007,-1,3206,3007,3005,-1,3153,3156,3154,-1,3154,3156,3160,-1,3154,3160,3209,-1,3209,3160,3163,-1,3209,3163,3210,-1,3210,3163,3166,-1,3210,3166,3211,-1,3211,3166,3168,-1,3211,3168,3212,-1,3212,3168,3170,-1,3212,3170,3213,-1,3213,3170,3174,-1,3213,3174,3214,-1,3214,3174,3176,-1,3214,3176,3215,-1,3215,3176,3178,-1,3215,3178,3216,-1,3216,3178,3181,-1,3216,3181,3217,-1,3217,3181,3184,-1,3217,3184,3218,-1,3218,3184,3186,-1,3218,3186,3219,-1,3219,3186,3188,-1,3219,3188,3220,-1,3220,3188,3192,-1,3220,3192,3221,-1,3221,3192,3194,-1,3221,3194,3222,-1,3222,3194,3196,-1,3222,3196,3223,-1,3223,3196,3199,-1,3223,3199,3224,-1,3224,3199,3202,-1,3224,3202,3225,-1,3225,3202,3204,-1,3225,3204,3226,-1,3226,3204,3206,-1,3226,3206,3227,-1,3227,3206,3005,-1,3227,3005,3003,-1,3151,3154,3152,-1,3152,3154,3209,-1,3152,3209,3228,-1,3228,3209,3210,-1,3228,3210,3229,-1,3229,3210,3211,-1,3229,3211,3230,-1,3230,3211,3212,-1,3230,3212,3231,-1,3231,3212,3213,-1,3231,3213,3232,-1,3232,3213,3214,-1,3232,3214,3233,-1,3233,3214,3215,-1,3233,3215,3234,-1,3234,3215,3216,-1,3234,3216,3235,-1,3235,3216,3217,-1,3235,3217,3236,-1,3236,3217,3218,-1,3236,3218,3237,-1,3237,3218,3219,-1,3237,3219,3238,-1,3238,3219,3220,-1,3238,3220,3239,-1,3239,3220,3221,-1,3239,3221,3240,-1,3240,3221,3222,-1,3240,3222,3241,-1,3241,3222,3223,-1,3241,3223,3242,-1,3242,3223,3224,-1,3242,3224,3243,-1,3243,3224,3225,-1,3243,3225,3244,-1,3244,3225,3226,-1,3244,3226,3245,-1,3245,3226,3227,-1,3245,3227,3246,-1,3246,3227,3003,-1,3246,3003,3001,-1,3149,3152,3150,-1,3150,3152,3228,-1,3150,3228,3247,-1,3247,3228,3229,-1,3247,3229,3248,-1,3248,3229,3230,-1,3248,3230,3249,-1,3249,3230,3231,-1,3249,3231,3250,-1,3250,3231,3232,-1,3250,3232,3251,-1,3251,3232,3233,-1,3251,3233,3252,-1,3252,3233,3234,-1,3252,3234,3253,-1,3253,3234,3235,-1,3253,3235,3254,-1,3254,3235,3236,-1,3254,3236,3255,-1,3255,3236,3237,-1,3255,3237,3256,-1,3256,3237,3238,-1,3256,3238,3257,-1,3257,3238,3239,-1,3257,3239,3258,-1,3258,3239,3240,-1,3258,3240,3259,-1,3259,3240,3241,-1,3259,3241,3260,-1,3260,3241,3242,-1,3260,3242,3261,-1,3261,3242,3243,-1,3261,3243,3262,-1,3262,3243,3244,-1,3262,3244,3263,-1,3263,3244,3245,-1,3263,3245,3264,-1,3264,3245,3246,-1,3264,3246,3265,-1,3265,3246,3001,-1,3265,3001,2999,-1,3147,3150,3148,-1,3148,3150,3247,-1,3148,3247,3266,-1,3266,3247,3248,-1,3266,3248,3267,-1,3267,3248,3249,-1,3267,3249,3268,-1,3268,3249,3250,-1,3268,3250,3269,-1,3269,3250,3251,-1,3269,3251,3270,-1,3270,3251,3252,-1,3270,3252,3271,-1,3271,3252,3253,-1,3271,3253,3272,-1,3272,3253,3254,-1,3272,3254,3273,-1,3273,3254,3255,-1,3273,3255,3274,-1,3274,3255,3256,-1,3274,3256,3275,-1,3275,3256,3257,-1,3275,3257,3276,-1,3276,3257,3258,-1,3276,3258,3277,-1,3277,3258,3259,-1,3277,3259,3278,-1,3278,3259,3260,-1,3278,3260,3279,-1,3279,3260,3261,-1,3279,3261,3280,-1,3280,3261,3262,-1,3280,3262,3281,-1,3281,3262,3263,-1,3281,3263,3282,-1,3282,3263,3264,-1,3282,3264,3283,-1,3283,3264,3265,-1,3283,3265,3284,-1,3284,3265,2999,-1,3284,2999,2997,-1,224,3148,234,-1,234,3148,3266,-1,234,3266,235,-1,235,3266,3267,-1,235,3267,222,-1,222,3267,3268,-1,222,3268,223,-1,223,3268,3269,-1,223,3269,231,-1,231,3269,3270,-1,231,3270,232,-1,232,3270,3271,-1,232,3271,233,-1,233,3271,3272,-1,233,3272,227,-1,227,3272,3273,-1,227,3273,228,-1,228,3273,3274,-1,228,3274,225,-1,225,3274,3275,-1,225,3275,226,-1,226,3275,3276,-1,226,3276,261,-1,261,3276,3277,-1,261,3277,262,-1,262,3277,3278,-1,262,3278,263,-1,263,3278,3279,-1,263,3279,251,-1,251,3279,3280,-1,251,3280,252,-1,252,3280,3281,-1,252,3281,258,-1,258,3281,3282,-1,258,3282,259,-1,259,3282,3283,-1,259,3283,260,-1,260,3283,3284,-1,260,3284,256,-1,256,3284,2997,-1,256,2997,257,-1,224,229,3146,-1,224,3146,3147,-1,3147,3146,3126,-1,3147,3126,3149,-1,3149,3126,3106,-1,3149,3106,3151,-1,3151,3106,3086,-1,3151,3086,3153,-1,3153,3086,3066,-1,3153,3066,3155,-1,3155,3066,3065,-1,3155,3065,3157,-1,
        ]
    }
}
Shape{
    appearance Appearance {
        material  Material 	{
            diffuseColor 0.0 0.0 0.0
            specularColor 0.0 0.0 0.0
            ambientIntensity 0.0
            transparency 0.0
            shininess 0.5
        }
    }
    geometry IndexedFaceSet {
        ccw TRUE
        solid FALSE
        coord DEF co Coordinate {
            point [
                0.1362 -0.9665 3.5678, 0.1362 -0.9665 3.5495, 0.1362 -0.9626 3.5678, 0.1362 -0.9626 3.5495, 0.0725 -0.9665 3.5678, 0.0725 -0.9626 3.5678, 0.0725 -0.9665 3.7097, 0.0725 -0.9626 3.7097, 0.0518 -0.9665 3.7097, 0.0518 -0.9626 3.7097, 0.0518 -0.9665 3.5495, 0.0518 -0.9626 3.5495, 0.2183 -0.9665 3.5468, 0.2183 -0.9626 3.5468, 0.2428 -0.9665 3.5492, 0.2325 -0.9626 3.5482, 0.2428 -0.9626 3.5492, 0.26 -0.9626 3.5548, 0.26 -0.9665 3.5548, 0.2627 -0.9626 3.5562, 0.2627 -0.9665 3.5562, 0.2627 -0.9665 3.576, 0.2627 -0.9626 3.576, 0.247 -0.9626 3.5689, 0.247 -0.9665 3.5689, 0.2289 -0.9626 3.5655, 0.2289 -0.9665 3.5655, 0.2213 -0.9626 3.5653, 0.2213 -0.9665 3.5653, 0.2052 -0.9626 3.5672, 0.2052 -0.9665 3.5672, 0.1938 -0.9626 3.5716, 0.1938 -0.9665 3.5716, 0.1833 -0.9626 3.579, 0.1833 -0.9665 3.579, 0.1802 -0.9626 3.5821, 0.1802 -0.9665 3.5821, 0.1724 -0.9626 3.593, 0.1724 -0.9665 3.593, 0.1672 -0.9626 3.6059, 0.1672 -0.9665 3.6059, 0.1647 -0.9626 3.6219, 0.1647 -0.9665 3.6219, 0.1645 -0.9626 3.6278, 0.1645 -0.9665 3.6278, 0.1672 -0.9626 3.65, 0.1672 -0.9665 3.65, 0.1726 -0.9626 3.6638, 0.1726 -0.9665 3.6638, 0.1813 -0.9626 3.6759, 0.1813 -0.9665 3.6759, 0.1922 -0.9626 3.6849, 0.1922 -0.9665 3.6849, 0.2048 -0.9626 3.6908, 0.2048 -0.9665 3.6908, 0.2187 -0.9626 3.6935, 0.2187 -0.9665 3.6935, 0.2249 -0.9626 3.6937, 0.2249 -0.9665 3.6937, 0.2447 -0.9626 3.6914, 0.2447 -0.9665 3.6914, 0.2609 -0.9626 3.6852, 0.2609 -0.9665 3.6852, 0.2627 -0.9626 3.6842, 0.2627 -0.9665 3.6842, 0.2627 -0.9665 3.7058, 0.2627 -0.9626 3.7058, 0.2247 -0.9626 3.7124, 0.2247 -0.9665 3.7124, 0.225 -0.9665 3.7124, 0.2459 -0.9626 3.7107, 0.2459 -0.9665 3.7107, 0.2418 -0.9626 3.711, 0.225 -0.9626 3.7124, 0.2137 -0.9626 3.711, 0.2014 -0.9665 3.7095, 0.2014 -0.9626 3.7095, 0.1847 -0.9626 3.703, 0.1847 -0.9665 3.703, 0.1697 -0.9626 3.6925, 0.1697 -0.9665 3.6925, 0.1659 -0.9626 3.6888, 0.1659 -0.9665 3.6888, 0.1543 -0.9626 3.6736, 0.1499 -0.9626 3.6634, 0.1467 -0.9665 3.6558, 0.1543 -0.9665 3.6736, 0.1467 -0.9626 3.6558, 0.1431 -0.9626 3.6349, 0.1431 -0.9665 3.6349, 0.1428 -0.9626 3.6266, 0.1428 -0.9665 3.6266, 0.146 -0.9626 3.6003, 0.1499 -0.9626 3.5903, 0.1526 -0.9665 3.5836, 0.146 -0.9665 3.6003, 0.1526 -0.9626 3.5836, 0.1633 -0.9626 3.5687, 0.1633 -0.9665 3.5687, 0.1913 -0.9626 3.5509, 0.1762 -0.9665 3.558, 0.1762 -0.9626 3.558, 0.2043 -0.9626 3.5482, 0.2087 -0.9665 3.5473, 0.1913 -0.9665 3.5509, 0.2087 -0.9626 3.5473, 0.3809 -0.9665 3.5678, 0.3809 -0.9665 3.5495, 0.3809 -0.9626 3.5678, 0.3809 -0.9626 3.5495, 0.3154 -0.9626 3.5678, 0.3154 -0.9665 3.5678, 0.3587 -0.9626 3.5678, 0.3154 -0.9665 3.6217, 0.3154 -0.9626 3.6217, 0.3727 -0.9626 3.6217, 0.3727 -0.9665 3.6217, 0.3587 -0.9626 3.6217, 0.3727 -0.9665 3.64, 0.3727 -0.9626 3.64, 0.3154 -0.9626 3.64, 0.3154 -0.9665 3.64, 0.3587 -0.9626 3.64, 0.3154 -0.9665 3.6913, 0.3154 -0.9626 3.6913, 0.3772 -0.9626 3.6913, 0.3772 -0.9665 3.6913, 0.3587 -0.9626 3.6913, 0.3772 -0.9665 3.7097, 0.3772 -0.9626 3.7097, 0.2947 -0.9626 3.7097, 0.2947 -0.9665 3.7097, 0.3587 -0.9626 3.7097, 0.2947 -0.9665 3.5495, 0.2947 -0.9626 3.5495, 0.3587 -0.9626 3.5495, 0.5173 -0.9665 3.572, 0.4997 -0.9665 3.5818, 0.5008 -0.9665 3.5601, 0.4891 -0.9665 3.5749, 0.4826 -0.9665 3.5529, 0.4754 -0.9665 3.57, 0.4552 -0.9665 3.5495, 0.455 -0.9665 3.5678, 0.4111 -0.9665 3.5495, 0.4318 -0.9665 3.5678, 0.4111 -0.9665 3.7097, 0.4318 -0.9665 3.6913, 0.4568 -0.9665 3.7097, 0.456 -0.9665 3.6913, 0.4812 -0.9665 3.707, 0.4766 -0.9665 3.689, 0.5006 -0.9665 3.6999, 0.4905 -0.9665 3.684, 0.5173 -0.9665 3.6885, 0.5022 -0.9665 3.6762, 0.5229 -0.9665 3.6831, 0.5065 -0.9665 3.6719, 0.5328 -0.9665 3.6691, 0.5128 -0.9665 3.663, 0.5388 -0.9665 3.6539, 0.5173 -0.9665 3.6514, 0.5415 -0.9665 3.6317, 0.5198 -0.9665 3.6311, 0.541 -0.9665 3.6215, 0.5192 -0.9665 3.621, 0.5371 -0.9665 3.6027, 0.5161 -0.9665 3.6063, 0.5293 -0.9665 3.5862, 0.5106 -0.9665 3.5944, 0.5026 -0.9665 3.5845, 0.4552 -0.9626 3.5495, 0.4111 -0.9626 3.5495, 0.5173 -0.9626 3.572, 0.4826 -0.9626 3.5529, 0.4845 -0.9626 3.5537, 0.5008 -0.9626 3.5601, 0.5293 -0.9626 3.5862, 0.5371 -0.9626 3.6027, 0.541 -0.9626 3.6215, 0.5415 -0.9626 3.6317, 0.5388 -0.9626 3.6539, 0.5328 -0.9626 3.6691, 0.5229 -0.9626 3.6831, 0.5173 -0.9626 3.6885, 0.5006 -0.9626 3.6999, 0.4845 -0.9626 3.7058, 0.4812 -0.9626 3.707, 0.4568 -0.9626 3.7097, 0.4111 -0.9626 3.7097, 0.456 -0.9626 3.6913, 0.4318 -0.9626 3.6913, 0.4318 -0.9626 3.5678, 0.455 -0.9626 3.5678, 0.5026 -0.9626 3.5845, 0.4997 -0.9626 3.5818, 0.4891 -0.9626 3.5749, 0.4754 -0.9626 3.57, 0.5198 -0.9626 3.6311, 0.5192 -0.9626 3.621, 0.5161 -0.9626 3.6063, 0.5106 -0.9626 3.5944, 0.5022 -0.9626 3.6762, 0.5065 -0.9626 3.6719, 0.5128 -0.9626 3.663, 0.5173 -0.9626 3.6514, 0.4766 -0.9626 3.689, 0.4905 -0.9626 3.684
            ]
        }
        coordIndex [
            0,1,2,-1,2,1,3,-1,4,0,5,-1,5,0,2,-1,6,4,7,-1,7,4,5,-1,8,6,9,-1,9,6,7,-1,10,8,11,-1,11,8,9,-1,1,10,3,-1,3,10,11,-1,6,8,4,-1,4,8,10,-1,4,10,0,-1,0,10,1,-1,12,13,14,-1,14,13,15,-1,15,16,14,-1,14,16,17,-1,14,17,18,-1,18,17,19,-1,18,19,20,-1,21,20,22,-1,22,20,19,-1,21,22,23,-1,21,23,24,-1,24,23,25,-1,24,25,26,-1,26,25,27,-1,26,27,28,-1,28,27,29,-1,28,29,30,-1,30,29,31,-1,30,31,32,-1,32,31,33,-1,32,33,34,-1,34,33,35,-1,34,35,36,-1,36,35,37,-1,36,37,38,-1,38,37,39,-1,38,39,40,-1,40,39,41,-1,40,41,42,-1,42,41,43,-1,42,43,44,-1,44,43,45,-1,44,45,46,-1,46,45,47,-1,46,47,48,-1,48,47,49,-1,48,49,50,-1,50,49,51,-1,50,51,52,-1,52,51,53,-1,52,53,54,-1,54,53,55,-1,54,55,56,-1,56,55,57,-1,56,57,58,-1,58,57,59,-1,58,59,60,-1,60,59,61,-1,60,61,62,-1,62,61,63,-1,62,63,64,-1,65,64,66,-1,66,64,63,-1,67,68,69,-1,65,66,70,-1,65,70,71,-1,71,70,72,-1,71,72,69,-1,69,72,73,-1,69,73,67,-1,68,67,74,-1,68,74,75,-1,74,76,75,-1,75,76,77,-1,75,77,78,-1,78,77,79,-1,78,79,80,-1,80,79,81,-1,80,81,82,-1,82,81,83,-1,84,85,83,-1,83,85,86,-1,83,86,82,-1,84,87,85,-1,85,87,88,-1,85,88,89,-1,89,88,90,-1,89,90,91,-1,91,90,92,-1,93,94,92,-1,92,94,95,-1,92,95,91,-1,93,96,94,-1,94,96,97,-1,94,97,98,-1,99,100,101,-1,101,100,98,-1,101,98,97,-1,102,103,99,-1,99,103,104,-1,99,104,100,-1,102,105,103,-1,103,105,13,-1,103,13,12,-1,62,64,65,-1,52,80,50,-1,50,80,82,-1,50,82,48,-1,48,82,86,-1,48,86,46,-1,62,65,60,-1,60,65,71,-1,60,71,58,-1,58,71,69,-1,58,69,56,-1,56,69,68,-1,56,68,54,-1,54,68,75,-1,54,75,52,-1,52,75,78,-1,52,78,80,-1,91,44,89,-1,89,44,46,-1,89,46,85,-1,85,46,86,-1,20,21,18,-1,18,21,24,-1,18,24,14,-1,14,24,26,-1,14,26,12,-1,12,26,28,-1,12,28,103,-1,103,28,30,-1,103,30,104,-1,104,30,32,-1,104,32,100,-1,100,32,34,-1,100,34,98,-1,98,34,36,-1,98,36,94,-1,94,36,38,-1,94,38,95,-1,95,38,40,-1,95,40,91,-1,91,40,42,-1,91,42,44,-1,106,107,108,-1,108,107,109,-1,110,111,112,-1,112,111,106,-1,112,106,108,-1,113,111,114,-1,114,111,110,-1,115,116,117,-1,117,116,113,-1,117,113,114,-1,118,116,119,-1,119,116,115,-1,120,121,122,-1,122,121,118,-1,122,118,119,-1,123,121,124,-1,124,121,120,-1,125,126,127,-1,127,126,123,-1,127,123,124,-1,128,126,129,-1,129,126,125,-1,130,131,132,-1,132,131,128,-1,132,128,129,-1,133,131,134,-1,134,131,130,-1,109,107,135,-1,135,107,133,-1,135,133,134,-1,133,107,106,-1,106,111,133,-1,133,111,113,-1,133,113,131,-1,126,128,123,-1,123,128,131,-1,123,131,121,-1,121,131,113,-1,121,113,118,-1,118,113,116,-1,136,137,138,-1,138,137,139,-1,138,139,140,-1,140,139,141,-1,140,141,142,-1,142,141,143,-1,142,143,144,-1,144,143,145,-1,144,145,146,-1,146,145,147,-1,146,147,148,-1,148,147,149,-1,148,149,150,-1,150,149,151,-1,150,151,152,-1,152,151,153,-1,152,153,154,-1,154,153,155,-1,154,155,156,-1,156,155,157,-1,156,157,158,-1,158,157,159,-1,158,159,160,-1,160,159,161,-1,160,161,162,-1,162,161,163,-1,162,163,164,-1,164,163,165,-1,164,165,166,-1,166,165,167,-1,166,167,168,-1,168,167,169,-1,168,169,136,-1,136,169,170,-1,136,170,137,-1,142,144,171,-1,171,144,172,-1,173,136,138,-1,142,171,174,-1,142,174,140,-1,140,174,175,-1,140,175,138,-1,138,175,176,-1,138,176,173,-1,136,173,177,-1,136,177,168,-1,168,177,178,-1,168,178,166,-1,166,178,179,-1,166,179,164,-1,164,179,180,-1,164,180,162,-1,162,180,181,-1,162,181,160,-1,160,181,182,-1,160,182,158,-1,158,182,183,-1,158,183,156,-1,156,183,184,-1,156,184,154,-1,154,184,185,-1,186,150,185,-1,185,150,152,-1,185,152,154,-1,186,187,150,-1,150,187,188,-1,150,188,148,-1,146,148,189,-1,189,148,188,-1,144,146,172,-1,172,146,189,-1,149,147,190,-1,190,147,191,-1,147,145,191,-1,191,145,192,-1,145,143,192,-1,192,143,193,-1,170,194,195,-1,170,195,137,-1,137,195,196,-1,137,196,139,-1,139,196,197,-1,139,197,141,-1,141,197,193,-1,141,193,143,-1,163,198,199,-1,163,199,165,-1,165,199,200,-1,165,200,167,-1,167,200,201,-1,167,201,169,-1,169,201,194,-1,169,194,170,-1,155,202,203,-1,155,203,157,-1,157,203,204,-1,157,204,159,-1,159,204,205,-1,159,205,161,-1,161,205,198,-1,161,198,163,-1,149,190,206,-1,149,206,151,-1,151,206,207,-1,151,207,153,-1,153,207,202,-1,153,202,155,-1,
        ]
    }
}
Shape{
    appearance Appearance {
        material  Material 	{
            diffuseColor 1.0 0.6431372549019608 0.1803921568627451
            specularColor 0.5019607843137255 0.3215686274509804 0.09019607843137255
            ambientIntensity 0.6971
            transparency 0.0
            shininess 0.5
        }
    }
    geometry IndexedFaceSet {
        ccw TRUE
        solid FALSE
        coord DEF co Coordinate {
            point [
                0.4318 -0.9626 3.6913, 0.4318 -0.9626 3.5678, 0.456 -0.9626 3.6913, 0.455 -0.9626 3.5678, 0.4754 -0.9626 3.57, 0.4891 -0.9626 3.5749, 0.4997 -0.9626 3.5818, 0.5026 -0.9626 3.5845, 0.5106 -0.9626 3.5944, 0.5161 -0.9626 3.6063, 0.5192 -0.9626 3.621, 0.5198 -0.9626 3.6311, 0.5173 -0.9626 3.6514, 0.5128 -0.9626 3.663, 0.5065 -0.9626 3.6719, 0.5022 -0.9626 3.6762, 0.4766 -0.9626 3.689, 0.4905 -0.9626 3.684
            ]
        }
        coordIndex [
            0,1,2,-1,2,1,3,-1,2,3,4,-1,4,5,2,-1,2,5,6,-1,2,6,7,-1,7,8,2,-1,2,8,9,-1,2,9,10,-1,10,11,2,-1,2,11,12,-1,2,12,13,-1,13,14,2,-1,2,14,15,-1,2,15,16,-1,16,15,17,-1,
        ]
    }
}
Shape{
    appearance Appearance {
        material  Material 	{
            diffuseColor 0.0 0.0 0.0
            specularColor 0.0 0.0 0.0
            ambientIntensity 0.0
            transparency 0.0
            shininess 0.5
        }
    }
    geometry IndexedFaceSet {
        ccw TRUE
        solid FALSE
        coord DEF co Coordinate {
            point [
                0.5952 -0.9665 3.6114, 0.5886 -0.9665 3.5933, 0.6489 -0.9665 3.6114, 0.6553 -0.9665 3.5933, 0.6191 -0.9665 3.678, 0.6114 -0.9665 3.7097, 0.5504 -0.9665 3.5495, 0.5732 -0.9665 3.5495, 0.6205 -0.9665 3.6828, 0.6217 -0.9665 3.6892, 0.6335 -0.9665 3.7097, 0.6222 -0.9665 3.6892, 0.6235 -0.9665 3.6824, 0.6247 -0.9665 3.678, 0.6945 -0.9665 3.5495, 0.6716 -0.9665 3.5495, 0.6335 -0.9626 3.7097, 0.6945 -0.9626 3.5495, 0.6114 -0.9626 3.7097, 0.5504 -0.9626 3.5495, 0.5965 -0.9626 3.6707, 0.5732 -0.9626 3.5495, 0.5886 -0.9626 3.5933, 0.6553 -0.9626 3.5933, 0.5965 -0.9626 3.5933, 0.6716 -0.9626 3.5495, 0.5952 -0.9626 3.6114, 0.6489 -0.9626 3.6114, 0.6247 -0.9626 3.678, 0.6222 -0.9626 3.6892, 0.6235 -0.9626 3.6824, 0.6217 -0.9626 3.6892, 0.6191 -0.9626 3.678, 0.6205 -0.9626 3.6828
            ]
        }
        coordIndex [
            0,1,2,-1,2,1,3,-1,4,5,0,-1,0,5,6,-1,0,6,1,-1,1,6,7,-1,4,8,5,-1,5,8,9,-1,5,9,10,-1,10,9,11,-1,10,11,12,-1,12,13,10,-1,10,13,2,-1,10,2,14,-1,14,2,3,-1,14,3,15,-1,10,14,16,-1,16,14,17,-1,5,10,18,-1,18,10,16,-1,19,6,20,-1,20,6,5,-1,20,5,18,-1,7,6,21,-1,21,6,19,-1,1,7,22,-1,22,7,21,-1,23,3,24,-1,24,3,1,-1,24,1,22,-1,15,3,25,-1,25,3,23,-1,14,15,17,-1,17,15,25,-1,0,2,26,-1,26,2,27,-1,2,13,27,-1,27,13,28,-1,11,29,30,-1,11,30,12,-1,12,30,28,-1,12,28,13,-1,11,9,29,-1,29,9,31,-1,4,32,33,-1,4,33,8,-1,8,33,31,-1,8,31,9,-1,4,0,32,-1,32,0,26,-1,
        ]
    }
}
Shape{
    appearance Appearance {
        material  Material 	{
            diffuseColor 1.0 0.6431372549019608 0.1803921568627451
            specularColor 0.5019607843137255 0.3215686274509804 0.09019607843137255
            ambientIntensity 0.6971
            transparency 0.0
            shininess 0.5
        }
    }
    geometry IndexedFaceSet {
        ccw TRUE
        solid FALSE
        coord DEF co Coordinate {
            point [
                0.6222 -0.9626 3.6892, 0.6217 -0.9626 3.6892, 0.6235 -0.9626 3.6824, 0.6205 -0.9626 3.6828, 0.6247 -0.9626 3.678, 0.6191 -0.9626 3.678, 0.6489 -0.9626 3.6114, 0.5952 -0.9626 3.6114
            ]
        }
        coordIndex [
            0,1,2,-1,2,1,3,-1,2,3,4,-1,4,3,5,-1,4,5,6,-1,6,5,7,-1,
        ]
    }
}
Shape{
    appearance Appearance {
        material  Material 	{
            diffuseColor 0.0 0.0 0.0
            specularColor 0.0 0.0 0.0
            ambientIntensity 0.0
            transparency 0.0
            shininess 0.5
        }
    }
    geometry IndexedFaceSet {
        ccw TRUE
        solid FALSE
        coord DEF co Coordinate {
            point [
                0.1379 -0.9665 3.3137, 0.1379 -0.9665 3.2955, 0.1379 -0.9626 3.3137, 0.1379 -0.9626 3.2955, 0.0725 -0.9665 3.3137, 0.0725 -0.9626 3.3137, 0.0725 -0.9665 3.3676, 0.0725 -0.9626 3.3676, 0.1297 -0.9665 3.3676, 0.1297 -0.9626 3.3676, 0.1297 -0.9665 3.386, 0.1297 -0.9626 3.386, 0.0725 -0.9665 3.386, 0.0725 -0.9626 3.386, 0.0725 -0.9665 3.4372, 0.0725 -0.9626 3.4372, 0.1343 -0.9665 3.4372, 0.1343 -0.9626 3.4372, 0.1343 -0.9665 3.4556, 0.1343 -0.9626 3.4556, 0.0518 -0.9665 3.4556, 0.0518 -0.9626 3.4556, 0.0518 -0.9665 3.2955, 0.0518 -0.9626 3.2955, 0.2284 -0.9665 3.3132, 0.229 -0.9665 3.3132, 0.2276 -0.9665 3.3316, 0.2289 -0.9665 3.3406, 0.249 -0.9665 3.3691, 0.229 -0.9665 3.3419, 0.229 -0.9665 3.3529, 0.229 -0.9665 3.2955, 0.249 -0.9665 3.2955, 0.1776 -0.9665 3.3309, 0.1786 -0.9665 3.3355, 0.1612 -0.9665 3.3442, 0.2247 -0.9665 3.3245, 0.2204 -0.9665 3.3186, 0.2253 -0.9665 3.3084, 0.2179 -0.9665 3.3161, 0.2189 -0.9665 3.3016, 0.2122 -0.9665 3.3123, 0.2116 -0.9665 3.2968, 0.2061 -0.9665 3.3101, 0.2034 -0.9665 3.2939, 0.1986 -0.9665 3.3092, 0.1934 -0.9665 3.2928, 0.1918 -0.9665 3.31, 0.1813 -0.9665 3.2942, 0.1873 -0.9665 3.3117, 0.1736 -0.9665 3.2971, 0.1833 -0.9665 3.3144, 0.1669 -0.9665 3.3018, 0.1816 -0.9665 3.3161, 0.1652 -0.9665 3.35, 0.1804 -0.9665 3.3393, 0.1713 -0.9665 3.3553, 0.1828 -0.9665 3.3422, 0.1798 -0.9665 3.3597, 0.1853 -0.9665 3.3442, 0.19 -0.9665 3.3464, 0.1951 -0.9665 3.3634, 0.2022 -0.9665 3.3493, 0.229 -0.9665 3.3682, 0.1584 -0.9665 3.3371, 0.1572 -0.9665 3.3285, 0.1775 -0.9665 3.3277, 0.1571 -0.9665 3.3261, 0.178 -0.9665 3.3231, 0.1582 -0.9665 3.3167, 0.1793 -0.9665 3.3195, 0.1607 -0.9665 3.3099, 0.1649 -0.9665 3.3039, 0.1683 -0.9665 3.4018, 0.1683 -0.9665 3.3824, 0.1723 -0.9665 3.4042, 0.1822 -0.9665 3.3911, 0.1872 -0.9665 3.41, 0.1947 -0.9665 3.3951, 0.2077 -0.9665 3.4125, 0.2058 -0.9665 3.3962, 0.2195 -0.9665 3.4114, 0.2127 -0.9665 3.3955, 0.228 -0.9665 3.4089, 0.2173 -0.9665 3.3938, 0.2347 -0.9665 3.4051, 0.2208 -0.9665 3.3915, 0.2401 -0.9665 3.4, 0.2239 -0.9665 3.3883, 0.2442 -0.9665 3.3936, 0.2262 -0.9665 3.3841, 0.2474 -0.9665 3.3846, 0.2283 -0.9665 3.3769, 0.2077 -0.9626 3.4125, 0.1872 -0.9626 3.41, 0.1723 -0.9626 3.4042, 0.1683 -0.9626 3.4018, 0.1683 -0.9626 3.3824, 0.1822 -0.9626 3.3911, 0.1947 -0.9626 3.3951, 0.2058 -0.9626 3.3962, 0.2127 -0.9626 3.3955, 0.2173 -0.9626 3.3938, 0.2208 -0.9626 3.3915, 0.2239 -0.9626 3.3883, 0.2262 -0.9626 3.3841, 0.2283 -0.9626 3.3769, 0.229 -0.9626 3.3682, 0.1951 -0.9626 3.3634, 0.1798 -0.9626 3.3597, 0.1713 -0.9626 3.3553, 0.1652 -0.9626 3.35, 0.1612 -0.9626 3.3442, 0.1584 -0.9626 3.3371, 0.1572 -0.9626 3.3285, 0.1571 -0.9626 3.3261, 0.1582 -0.9626 3.3167, 0.1607 -0.9626 3.3099, 0.1649 -0.9626 3.3039, 0.1669 -0.9626 3.3018, 0.1934 -0.9626 3.2928, 0.1818 -0.9626 3.2941, 0.1813 -0.9626 3.2942, 0.1736 -0.9626 3.2971, 0.2034 -0.9626 3.2939, 0.2042 -0.9626 3.2941, 0.2116 -0.9626 3.2968, 0.2189 -0.9626 3.3016, 0.2253 -0.9626 3.3084, 0.2284 -0.9626 3.3132, 0.229 -0.9626 3.3132, 0.229 -0.9626 3.2955, 0.249 -0.9626 3.2955, 0.249 -0.9626 3.3691, 0.2474 -0.9626 3.3846, 0.2442 -0.9626 3.3936, 0.2401 -0.9626 3.4, 0.2347 -0.9626 3.4051, 0.228 -0.9626 3.4089, 0.2195 -0.9626 3.4114, 0.1828 -0.9626 3.3422, 0.1853 -0.9626 3.3442, 0.19 -0.9626 3.3464, 0.2022 -0.9626 3.3493, 0.1775 -0.9626 3.3277, 0.1776 -0.9626 3.3309, 0.1786 -0.9626 3.3355, 0.1804 -0.9626 3.3393, 0.1833 -0.9626 3.3144, 0.1816 -0.9626 3.3161, 0.1793 -0.9626 3.3195, 0.178 -0.9626 3.3231, 0.1986 -0.9626 3.3092, 0.1918 -0.9626 3.31, 0.1873 -0.9626 3.3117, 0.2204 -0.9626 3.3186, 0.2179 -0.9626 3.3161, 0.2122 -0.9626 3.3123, 0.2061 -0.9626 3.3101, 0.229 -0.9626 3.3419, 0.2289 -0.9626 3.3406, 0.2276 -0.9626 3.3316, 0.2247 -0.9626 3.3245, 0.229 -0.9626 3.3529
            ]
        }
        coordIndex [
            0,1,2,-1,2,1,3,-1,4,0,5,-1,5,0,2,-1,6,4,7,-1,7,4,5,-1,8,6,9,-1,9,6,7,-1,10,8,11,-1,11,8,9,-1,12,10,13,-1,13,10,11,-1,14,12,15,-1,15,12,13,-1,16,14,17,-1,17,14,15,-1,18,16,19,-1,19,16,17,-1,20,18,21,-1,21,18,19,-1,22,20,23,-1,23,20,21,-1,1,22,3,-1,3,22,23,-1,22,1,0,-1,0,4,22,-1,22,4,6,-1,22,6,20,-1,16,18,14,-1,14,18,20,-1,14,20,12,-1,12,20,6,-1,12,6,10,-1,10,6,8,-1,24,25,26,-1,27,28,29,-1,29,28,30,-1,31,32,25,-1,25,32,28,-1,25,28,26,-1,26,28,27,-1,33,34,35,-1,26,36,24,-1,24,36,37,-1,24,37,38,-1,38,37,39,-1,38,39,40,-1,40,39,41,-1,40,41,42,-1,42,41,43,-1,42,43,44,-1,44,43,45,-1,44,45,46,-1,46,45,47,-1,46,47,48,-1,48,47,49,-1,48,49,50,-1,50,49,51,-1,50,51,52,-1,52,51,53,-1,35,34,54,-1,54,34,55,-1,54,55,56,-1,56,55,57,-1,56,57,58,-1,57,59,58,-1,58,59,60,-1,58,60,61,-1,61,60,62,-1,61,62,63,-1,35,64,33,-1,33,64,65,-1,33,65,66,-1,66,65,67,-1,66,67,68,-1,68,67,69,-1,68,69,70,-1,70,69,71,-1,70,71,53,-1,53,71,72,-1,53,72,52,-1,73,74,75,-1,75,74,76,-1,75,76,77,-1,77,76,78,-1,77,78,79,-1,79,78,80,-1,79,80,81,-1,81,80,82,-1,81,82,83,-1,83,82,84,-1,83,84,85,-1,85,84,86,-1,85,86,87,-1,87,86,88,-1,87,88,89,-1,89,88,90,-1,89,90,91,-1,91,90,92,-1,91,92,28,-1,28,92,63,-1,28,63,30,-1,30,63,62,-1,79,93,94,-1,79,94,77,-1,77,94,95,-1,77,95,75,-1,75,95,96,-1,75,96,73,-1,74,73,97,-1,97,73,96,-1,74,97,98,-1,74,98,76,-1,76,98,99,-1,76,99,78,-1,78,99,100,-1,78,100,80,-1,80,100,101,-1,80,101,82,-1,82,101,102,-1,82,102,84,-1,84,102,103,-1,84,103,86,-1,86,103,104,-1,86,104,88,-1,88,104,105,-1,88,105,90,-1,90,105,106,-1,90,106,92,-1,92,106,107,-1,92,107,63,-1,61,63,108,-1,108,63,107,-1,61,108,109,-1,61,109,58,-1,58,109,110,-1,58,110,56,-1,56,110,111,-1,56,111,54,-1,54,111,112,-1,54,112,35,-1,35,112,113,-1,35,113,64,-1,64,113,114,-1,64,114,65,-1,65,114,115,-1,65,115,67,-1,67,115,116,-1,67,116,69,-1,69,116,117,-1,69,117,71,-1,71,117,118,-1,71,118,72,-1,72,118,119,-1,72,119,52,-1,120,46,121,-1,121,46,48,-1,121,48,122,-1,122,48,50,-1,122,50,123,-1,123,50,52,-1,123,52,119,-1,46,120,124,-1,46,124,44,-1,44,124,125,-1,44,125,42,-1,125,126,42,-1,42,126,127,-1,42,127,40,-1,40,127,128,-1,40,128,38,-1,38,128,129,-1,38,129,24,-1,25,24,130,-1,130,24,129,-1,31,25,131,-1,131,25,130,-1,32,31,132,-1,132,31,131,-1,28,32,133,-1,133,32,132,-1,28,133,134,-1,28,134,91,-1,91,134,135,-1,91,135,89,-1,89,135,136,-1,89,136,87,-1,87,136,137,-1,87,137,85,-1,85,137,138,-1,85,138,83,-1,83,138,139,-1,83,139,81,-1,81,139,93,-1,81,93,79,-1,57,140,141,-1,57,141,59,-1,59,141,142,-1,59,142,60,-1,60,142,143,-1,60,143,62,-1,66,144,145,-1,66,145,33,-1,33,145,146,-1,33,146,34,-1,34,146,147,-1,34,147,55,-1,55,147,140,-1,55,140,57,-1,51,148,149,-1,51,149,53,-1,53,149,150,-1,53,150,70,-1,70,150,151,-1,70,151,68,-1,68,151,144,-1,68,144,66,-1,45,152,153,-1,45,153,47,-1,47,153,154,-1,47,154,49,-1,49,154,148,-1,49,148,51,-1,37,155,156,-1,37,156,39,-1,39,156,157,-1,39,157,41,-1,41,157,158,-1,41,158,43,-1,43,158,152,-1,43,152,45,-1,29,159,160,-1,29,160,27,-1,27,160,161,-1,27,161,26,-1,26,161,162,-1,26,162,36,-1,36,162,155,-1,36,155,37,-1,29,30,159,-1,159,30,163,-1,30,62,163,-1,163,62,143,-1,
        ]
    }
}
Shape{
    appearance Appearance {
        material  Material 	{
            diffuseColor 1.0 0.6431372549019608 0.1803921568627451
            specularColor 0.5019607843137255 0.3215686274509804 0.09019607843137255
            ambientIntensity 0.6971
            transparency 0.0
            shininess 0.5
        }
    }
    geometry IndexedFaceSet {
        ccw TRUE
        solid FALSE
        coord DEF co Coordinate {
            point [
                0.2289 -0.9626 3.3406, 0.229 -0.9626 3.3419, 0.1828 -0.9626 3.3422, 0.229 -0.9626 3.3529, 0.2022 -0.9626 3.3493, 0.19 -0.9626 3.3464, 0.1853 -0.9626 3.3442, 0.2276 -0.9626 3.3316, 0.1804 -0.9626 3.3393, 0.2247 -0.9626 3.3245, 0.1816 -0.9626 3.3161, 0.1833 -0.9626 3.3144, 0.2179 -0.9626 3.3161, 0.1793 -0.9626 3.3195, 0.2122 -0.9626 3.3123, 0.2061 -0.9626 3.3101, 0.1986 -0.9626 3.3092, 0.1786 -0.9626 3.3355, 0.1776 -0.9626 3.3309, 0.2204 -0.9626 3.3186, 0.1775 -0.9626 3.3277, 0.178 -0.9626 3.3231, 0.1873 -0.9626 3.3117, 0.1918 -0.9626 3.31
            ]
        }
        coordIndex [
            0,1,2,-1,1,3,4,-1,4,5,1,-1,1,5,6,-1,1,6,2,-1,0,2,7,-1,7,2,8,-1,7,8,9,-1,10,11,12,-1,10,12,13,-1,14,12,15,-1,15,12,16,-1,8,17,9,-1,9,17,18,-1,9,18,19,-1,19,18,20,-1,19,20,12,-1,12,20,21,-1,12,21,13,-1,11,22,12,-1,12,22,23,-1,12,23,16,-1,
        ]
    }
}
Shape{
    appearance Appearance {
        material  Material 	{
            diffuseColor 0.0 0.0 0.0
            specularColor 0.0 0.0 0.0
            ambientIntensity 0.0
            transparency 0.0
            shininess 0.5
        }
    }
    geometry IndexedFaceSet {
        ccw TRUE
        solid FALSE
        coord DEF co Coordinate {
            point [
                0.2762 -0.9626 3.3202, 0.2762 -0.9665 3.3202, 0.2834 -0.9665 3.3157, 0.3092 -0.9665 3.3092, 0.3092 -0.9626 3.3092, 0.2959 -0.9626 3.3108, 0.2959 -0.9665 3.3108, 0.2855 -0.9626 3.3149, 0.2834 -0.9626 3.3157, 0.2762 -0.9665 3.2995, 0.2762 -0.9626 3.2995, 0.2903 -0.9665 3.2946, 0.2855 -0.9626 3.2962, 0.3072 -0.9626 3.2928, 0.3072 -0.9665 3.2928, 0.2943 -0.9626 3.2941, 0.2903 -0.9626 3.2946, 0.3254 -0.9665 3.295, 0.3185 -0.9626 3.2941, 0.3254 -0.9626 3.295, 0.336 -0.9626 3.2991, 0.336 -0.9665 3.2991, 0.3405 -0.9626 3.3019, 0.3405 -0.9665 3.3019, 0.3463 -0.9626 3.3069, 0.3463 -0.9665 3.3069, 0.35 -0.9626 3.3122, 0.35 -0.9665 3.3122, 0.3525 -0.9626 3.3186, 0.3525 -0.9665 3.3186, 0.3534 -0.9626 3.3266, 0.3534 -0.9665 3.3266, 0.3526 -0.9626 3.3341, 0.3526 -0.9665 3.3341, 0.3504 -0.9626 3.34, 0.3504 -0.9665 3.34, 0.3467 -0.9626 3.3455, 0.3467 -0.9665 3.3455, 0.3419 -0.9626 3.3498, 0.3419 -0.9665 3.3498, 0.3286 -0.9626 3.3572, 0.3286 -0.9665 3.3572, 0.3209 -0.9626 3.3603, 0.3209 -0.9665 3.3603, 0.3084 -0.9626 3.3657, 0.3084 -0.9665 3.3657, 0.3014 -0.9626 3.3702, 0.3014 -0.9665 3.3702, 0.2994 -0.9626 3.3723, 0.2994 -0.9665 3.3723, 0.298 -0.9626 3.375, 0.298 -0.9665 3.375, 0.2972 -0.9626 3.3781, 0.2972 -0.9665 3.3781, 0.297 -0.9626 3.3808, 0.297 -0.9665 3.3808, 0.2973 -0.9626 3.384, 0.2973 -0.9665 3.384, 0.2983 -0.9626 3.3867, 0.2983 -0.9665 3.3867, 0.3001 -0.9626 3.3893, 0.3001 -0.9665 3.3893, 0.3031 -0.9626 3.3919, 0.3031 -0.9665 3.3919, 0.3076 -0.9626 3.3943, 0.3076 -0.9665 3.3943, 0.3129 -0.9626 3.3957, 0.3129 -0.9665 3.3957, 0.3189 -0.9626 3.3962, 0.3189 -0.9665 3.3962, 0.3329 -0.9626 3.3945, 0.3329 -0.9665 3.3945, 0.3443 -0.9626 3.3901, 0.3443 -0.9665 3.3901, 0.348 -0.9626 3.3879, 0.348 -0.9665 3.3879, 0.348 -0.9665 3.4074, 0.348 -0.9626 3.4074, 0.3349 -0.9626 3.4112, 0.3349 -0.9665 3.4112, 0.3209 -0.9626 3.4125, 0.3209 -0.9665 3.4125, 0.3048 -0.9626 3.4106, 0.3048 -0.9665 3.4106, 0.294 -0.9626 3.4064, 0.294 -0.9665 3.4064, 0.2892 -0.9626 3.4034, 0.2892 -0.9665 3.4034, 0.2827 -0.9665 3.3974, 0.2855 -0.9626 3.4, 0.2827 -0.9626 3.3974, 0.2792 -0.9626 3.392, 0.2792 -0.9665 3.392, 0.277 -0.9626 3.3855, 0.277 -0.9665 3.3855, 0.2763 -0.9626 3.379, 0.2763 -0.9665 3.379, 0.2774 -0.9626 3.3704, 0.2774 -0.9665 3.3704, 0.2797 -0.9626 3.3644, 0.2797 -0.9665 3.3644, 0.282 -0.9626 3.3609, 0.282 -0.9665 3.3609, 0.3067 -0.9626 3.3458, 0.3067 -0.9665 3.3458, 0.2947 -0.9665 3.3512, 0.2853 -0.9626 3.3575, 0.2853 -0.9665 3.3575, 0.2855 -0.9626 3.3574, 0.2947 -0.9626 3.3512, 0.3199 -0.9626 3.3402, 0.3199 -0.9665 3.3402, 0.3277 -0.9626 3.3355, 0.3277 -0.9665 3.3355, 0.3302 -0.9626 3.3329, 0.3302 -0.9665 3.3329, 0.3317 -0.9626 3.3303, 0.3317 -0.9665 3.3303, 0.3326 -0.9626 3.3271, 0.3326 -0.9665 3.3271, 0.3328 -0.9626 3.3246, 0.3328 -0.9665 3.3246, 0.3324 -0.9626 3.3208, 0.3324 -0.9665 3.3208, 0.3314 -0.9626 3.318, 0.3314 -0.9665 3.318, 0.3297 -0.9626 3.3154, 0.3297 -0.9665 3.3154, 0.3274 -0.9626 3.3133, 0.3274 -0.9665 3.3133, 0.3255 -0.9626 3.3122, 0.3255 -0.9665 3.3122, 0.3204 -0.9626 3.3103, 0.3204 -0.9665 3.3103, 0.3101 -0.9626 3.3092, 0.3101 -0.9665 3.3092, 0.4529 -0.9665 3.4099, 0.4737 -0.9665 3.4099, 0.4529 -0.9626 3.4099, 0.4737 -0.9626 3.4099, 0.4216 -0.9665 3.3237, 0.4216 -0.9626 3.3237, 0.4201 -0.9626 3.3184, 0.4201 -0.9665 3.3184, 0.4192 -0.9626 3.3145, 0.4192 -0.9665 3.3145, 0.4186 -0.9665 3.3145, 0.4186 -0.9626 3.3145, 0.4162 -0.9665 3.3239, 0.4162 -0.9626 3.3239, 0.3863 -0.9626 3.4099, 0.3863 -0.9665 3.4099, 0.396 -0.9626 3.382, 0.3639 -0.9665 3.4099, 0.3639 -0.9626 3.4099, 0.4087 -0.9626 3.2957, 0.4087 -0.9665 3.2957, 0.396 -0.9626 3.3282, 0.3999 -0.9626 3.2749, 0.3999 -0.9665 3.2749, 0.4081 -0.9626 3.2941, 0.396 -0.9626 3.268, 0.3954 -0.9665 3.2669, 0.3954 -0.9626 3.2669, 0.3914 -0.9626 3.2628, 0.3914 -0.9665 3.2628, 0.3876 -0.9626 3.2605, 0.3876 -0.9665 3.2605, 0.3832 -0.9626 3.2591, 0.3832 -0.9665 3.2591, 0.3794 -0.9626 3.2588, 0.3794 -0.9665 3.2588, 0.3721 -0.9626 3.2598, 0.3721 -0.9665 3.2598, 0.368 -0.9626 3.2611, 0.368 -0.9665 3.2611, 0.368 -0.9665 3.2433, 0.368 -0.9626 3.2433, 0.3765 -0.9626 3.2418, 0.3765 -0.9665 3.2418, 0.3809 -0.9626 3.2416, 0.3809 -0.9665 3.2416, 0.3896 -0.9626 3.2427, 0.3896 -0.9665 3.2427, 0.396 -0.9626 3.2452, 0.3974 -0.9665 3.2458, 0.3974 -0.9626 3.2458, 0.4043 -0.9626 3.2508, 0.4043 -0.9665 3.2508, 0.4126 -0.9626 3.2604, 0.4126 -0.9665 3.2604, 0.4218 -0.9626 3.2782, 0.4218 -0.9665 3.2782, 0.428 -0.9626 3.2941, 0.5814 -0.9665 3.3137, 0.5814 -0.9665 3.2955, 0.5814 -0.9626 3.3137, 0.5814 -0.9626 3.2955, 0.5159 -0.9626 3.3137, 0.5159 -0.9665 3.3137, 0.5459 -0.9626 3.3137, 0.5159 -0.9665 3.3676, 0.5159 -0.9626 3.3676, 0.5732 -0.9626 3.3676, 0.5732 -0.9665 3.3676, 0.5459 -0.9626 3.3676, 0.5732 -0.9665 3.386, 0.5732 -0.9626 3.386, 0.5159 -0.9626 3.386, 0.5159 -0.9665 3.386, 0.5459 -0.9626 3.386, 0.5159 -0.9665 3.4372, 0.5159 -0.9626 3.4372, 0.5778 -0.9626 3.4372, 0.5778 -0.9665 3.4372, 0.5459 -0.9626 3.4372, 0.5778 -0.9665 3.4556, 0.5778 -0.9626 3.4556, 0.4953 -0.9626 3.4556, 0.4953 -0.9665 3.4556, 0.5459 -0.9626 3.4556, 0.4953 -0.9665 3.2955, 0.4953 -0.9626 3.2955, 0.5459 -0.9626 3.2955, 0.7179 -0.9665 3.3179, 0.7002 -0.9665 3.3278, 0.7013 -0.9665 3.306, 0.6896 -0.9665 3.3208, 0.6831 -0.9665 3.2989, 0.6759 -0.9665 3.3159, 0.6557 -0.9665 3.2955, 0.6556 -0.9665 3.3137, 0.6117 -0.9665 3.2955, 0.6323 -0.9665 3.3137, 0.6117 -0.9665 3.4556, 0.6323 -0.9665 3.4372, 0.6573 -0.9665 3.4556, 0.6565 -0.9665 3.4372, 0.6818 -0.9665 3.4529, 0.6771 -0.9665 3.4349, 0.7011 -0.9665 3.4459, 0.691 -0.9665 3.4299, 0.7179 -0.9665 3.4344, 0.7027 -0.9665 3.4221, 0.7234 -0.9665 3.429, 0.7071 -0.9665 3.4179, 0.7334 -0.9665 3.4151, 0.7133 -0.9665 3.409, 0.7393 -0.9665 3.3998, 0.7179 -0.9665 3.3973, 0.742 -0.9665 3.3776, 0.7203 -0.9665 3.377, 0.7416 -0.9665 3.3674, 0.7198 -0.9665 3.3669, 0.7377 -0.9665 3.3487, 0.7167 -0.9665 3.3522, 0.7298 -0.9665 3.3321, 0.7112 -0.9665 3.3403, 0.7032 -0.9665 3.3305, 0.6557 -0.9626 3.2955, 0.6117 -0.9626 3.2955, 0.6831 -0.9626 3.2989, 0.7013 -0.9626 3.306, 0.7179 -0.9626 3.3179, 0.7298 -0.9626 3.3321, 0.7377 -0.9626 3.3487, 0.7416 -0.9626 3.3674, 0.742 -0.9626 3.3776, 0.7393 -0.9626 3.3998, 0.7334 -0.9626 3.4151, 0.7234 -0.9626 3.429, 0.7179 -0.9626 3.4344, 0.7011 -0.9626 3.4459, 0.6818 -0.9626 3.4529, 0.6573 -0.9626 3.4556, 0.6117 -0.9626 3.4556, 0.6565 -0.9626 3.4372, 0.6323 -0.9626 3.4372, 0.6323 -0.9626 3.3137, 0.6556 -0.9626 3.3137, 0.7032 -0.9626 3.3305, 0.7002 -0.9626 3.3278, 0.6896 -0.9626 3.3208, 0.6759 -0.9626 3.3159, 0.7203 -0.9626 3.377, 0.7198 -0.9626 3.3669, 0.7167 -0.9626 3.3522, 0.7112 -0.9626 3.3403, 0.7027 -0.9626 3.4221, 0.7071 -0.9626 3.4179, 0.7133 -0.9626 3.409, 0.7179 -0.9626 3.3973, 0.6771 -0.9626 3.4349, 0.691 -0.9626 3.4299
            ]
        }
        coordIndex [
            0,1,2,-1,3,4,5,-1,3,5,6,-1,6,5,7,-1,6,7,2,-1,2,7,8,-1,2,8,0,-1,9,1,10,-1,10,1,0,-1,9,10,11,-1,11,10,12,-1,13,14,15,-1,15,14,11,-1,15,11,16,-1,16,11,12,-1,14,13,17,-1,17,13,18,-1,18,19,17,-1,17,19,20,-1,17,20,21,-1,21,20,22,-1,21,22,23,-1,23,22,24,-1,23,24,25,-1,25,24,26,-1,25,26,27,-1,27,26,28,-1,27,28,29,-1,29,28,30,-1,29,30,31,-1,31,30,32,-1,31,32,33,-1,33,32,34,-1,33,34,35,-1,35,34,36,-1,35,36,37,-1,37,36,38,-1,37,38,39,-1,39,38,40,-1,39,40,41,-1,41,40,42,-1,41,42,43,-1,43,42,44,-1,43,44,45,-1,45,44,46,-1,45,46,47,-1,47,46,48,-1,47,48,49,-1,49,48,50,-1,49,50,51,-1,51,50,52,-1,51,52,53,-1,53,52,54,-1,53,54,55,-1,55,54,56,-1,55,56,57,-1,57,56,58,-1,57,58,59,-1,59,58,60,-1,59,60,61,-1,61,60,62,-1,61,62,63,-1,63,62,64,-1,63,64,65,-1,65,64,66,-1,65,66,67,-1,67,66,68,-1,67,68,69,-1,69,68,70,-1,69,70,71,-1,71,70,72,-1,71,72,73,-1,73,72,74,-1,73,74,75,-1,76,75,77,-1,77,75,74,-1,76,77,78,-1,76,78,79,-1,79,78,80,-1,79,80,81,-1,81,80,82,-1,81,82,83,-1,83,82,84,-1,83,84,85,-1,85,84,86,-1,85,86,87,-1,87,86,88,-1,88,86,89,-1,89,90,88,-1,88,90,91,-1,88,91,92,-1,92,91,93,-1,92,93,94,-1,94,93,95,-1,94,95,96,-1,96,95,97,-1,96,97,98,-1,98,97,99,-1,98,99,100,-1,100,99,101,-1,100,101,102,-1,103,104,105,-1,102,101,106,-1,102,106,107,-1,107,106,108,-1,107,108,105,-1,105,108,109,-1,105,109,103,-1,104,103,110,-1,104,110,111,-1,111,110,112,-1,111,112,113,-1,113,112,114,-1,113,114,115,-1,115,114,116,-1,115,116,117,-1,117,116,118,-1,117,118,119,-1,119,118,120,-1,119,120,121,-1,121,120,122,-1,121,122,123,-1,123,122,124,-1,123,124,125,-1,125,124,126,-1,125,126,127,-1,127,126,128,-1,127,128,129,-1,129,128,130,-1,129,130,131,-1,131,130,132,-1,131,132,133,-1,133,132,134,-1,133,134,135,-1,135,134,4,-1,135,4,3,-1,59,61,87,-1,87,61,85,-1,85,61,63,-1,85,63,83,-1,125,25,27,-1,111,43,104,-1,104,43,45,-1,96,98,51,-1,51,98,100,-1,51,100,49,-1,49,100,102,-1,49,102,47,-1,47,102,107,-1,47,107,45,-1,45,107,105,-1,45,105,104,-1,125,27,123,-1,123,27,29,-1,123,29,121,-1,121,29,31,-1,121,31,119,-1,119,31,33,-1,119,33,117,-1,117,33,35,-1,117,35,115,-1,115,35,37,-1,115,37,113,-1,113,37,39,-1,113,39,111,-1,111,39,41,-1,111,41,43,-1,25,125,23,-1,23,125,127,-1,23,127,21,-1,14,3,11,-1,11,3,6,-1,11,6,9,-1,9,6,2,-1,9,2,1,-1,63,65,83,-1,83,65,67,-1,83,67,81,-1,81,67,69,-1,81,69,79,-1,79,69,71,-1,79,71,76,-1,76,71,73,-1,76,73,75,-1,127,129,21,-1,21,129,131,-1,21,131,17,-1,17,131,133,-1,17,133,14,-1,14,133,135,-1,14,135,3,-1,87,88,59,-1,59,88,92,-1,59,92,57,-1,57,92,94,-1,57,94,55,-1,55,94,96,-1,55,96,53,-1,53,96,51,-1,136,137,138,-1,138,137,139,-1,140,136,141,-1,141,136,138,-1,140,141,142,-1,140,142,143,-1,143,142,144,-1,143,144,145,-1,146,145,147,-1,147,145,144,-1,148,146,149,-1,149,146,147,-1,150,151,152,-1,152,151,148,-1,152,148,149,-1,153,151,154,-1,154,151,150,-1,155,156,157,-1,157,156,153,-1,157,153,154,-1,158,159,160,-1,160,159,156,-1,160,156,155,-1,158,161,159,-1,159,161,162,-1,161,163,162,-1,162,163,164,-1,162,164,165,-1,165,164,166,-1,165,166,167,-1,167,166,168,-1,167,168,169,-1,169,168,170,-1,169,170,171,-1,171,170,172,-1,171,172,173,-1,173,172,174,-1,173,174,175,-1,176,175,177,-1,177,175,174,-1,176,177,178,-1,176,178,179,-1,179,178,180,-1,179,180,181,-1,181,180,182,-1,181,182,183,-1,183,182,184,-1,183,184,185,-1,184,186,185,-1,185,186,187,-1,185,187,188,-1,188,187,189,-1,188,189,190,-1,190,189,191,-1,190,191,192,-1,139,137,193,-1,193,137,192,-1,193,192,191,-1,143,145,192,-1,137,136,192,-1,192,136,140,-1,192,140,143,-1,151,153,148,-1,148,153,156,-1,148,156,146,-1,145,146,192,-1,192,146,156,-1,192,156,190,-1,156,159,190,-1,190,159,162,-1,190,162,188,-1,188,162,165,-1,188,165,185,-1,185,165,167,-1,185,167,183,-1,183,167,169,-1,183,169,181,-1,181,169,171,-1,181,171,179,-1,179,171,173,-1,179,173,176,-1,176,173,175,-1,194,195,196,-1,196,195,197,-1,198,199,200,-1,200,199,194,-1,200,194,196,-1,201,199,202,-1,202,199,198,-1,203,204,205,-1,205,204,201,-1,205,201,202,-1,206,204,207,-1,207,204,203,-1,208,209,210,-1,210,209,206,-1,210,206,207,-1,211,209,212,-1,212,209,208,-1,213,214,215,-1,215,214,211,-1,215,211,212,-1,216,214,217,-1,217,214,213,-1,218,219,220,-1,220,219,216,-1,220,216,217,-1,221,219,222,-1,222,219,218,-1,197,195,223,-1,223,195,221,-1,223,221,222,-1,221,195,194,-1,194,199,221,-1,221,199,201,-1,221,201,219,-1,214,216,211,-1,211,216,219,-1,211,219,209,-1,209,219,201,-1,209,201,206,-1,206,201,204,-1,224,225,226,-1,226,225,227,-1,226,227,228,-1,228,227,229,-1,228,229,230,-1,230,229,231,-1,230,231,232,-1,232,231,233,-1,232,233,234,-1,234,233,235,-1,234,235,236,-1,236,235,237,-1,236,237,238,-1,238,237,239,-1,238,239,240,-1,240,239,241,-1,240,241,242,-1,242,241,243,-1,242,243,244,-1,244,243,245,-1,244,245,246,-1,246,245,247,-1,246,247,248,-1,248,247,249,-1,248,249,250,-1,250,249,251,-1,250,251,252,-1,252,251,253,-1,252,253,254,-1,254,253,255,-1,254,255,256,-1,256,255,257,-1,256,257,224,-1,224,257,258,-1,224,258,225,-1,230,232,259,-1,259,232,260,-1,230,259,261,-1,230,261,228,-1,228,261,262,-1,228,262,226,-1,226,262,263,-1,226,263,224,-1,224,263,264,-1,224,264,256,-1,256,264,265,-1,256,265,254,-1,254,265,266,-1,254,266,252,-1,252,266,267,-1,252,267,250,-1,250,267,268,-1,250,268,248,-1,248,268,269,-1,248,269,246,-1,246,269,270,-1,246,270,244,-1,244,270,271,-1,244,271,242,-1,242,271,272,-1,242,272,240,-1,240,272,273,-1,240,273,238,-1,238,273,274,-1,238,274,236,-1,234,236,275,-1,275,236,274,-1,232,234,260,-1,260,234,275,-1,237,235,276,-1,276,235,277,-1,235,233,277,-1,277,233,278,-1,233,231,278,-1,278,231,279,-1,258,280,281,-1,258,281,225,-1,225,281,282,-1,225,282,227,-1,227,282,283,-1,227,283,229,-1,229,283,279,-1,229,279,231,-1,251,284,285,-1,251,285,253,-1,253,285,286,-1,253,286,255,-1,255,286,287,-1,255,287,257,-1,257,287,280,-1,257,280,258,-1,243,288,289,-1,243,289,245,-1,245,289,290,-1,245,290,247,-1,247,290,291,-1,247,291,249,-1,249,291,284,-1,249,284,251,-1,237,276,292,-1,237,292,239,-1,239,292,293,-1,239,293,241,-1,241,293,288,-1,241,288,243,-1,
        ]
    }
}
Shape{
    appearance Appearance {
        material  Material 	{
            diffuseColor 1.0 0.6431372549019608 0.1803921568627451
            specularColor 0.5019607843137255 0.3215686274509804 0.09019607843137255
            ambientIntensity 0.6971
            transparency 0.0
            shininess 0.5
        }
    }
    geometry IndexedFaceSet {
        ccw TRUE
        solid FALSE
        coord DEF co Coordinate {
            point [
                0.6323 -0.9626 3.4372, 0.6323 -0.9626 3.3137, 0.6565 -0.9626 3.4372, 0.6556 -0.9626 3.3137, 0.6759 -0.9626 3.3159, 0.6896 -0.9626 3.3208, 0.7002 -0.9626 3.3278, 0.7032 -0.9626 3.3305, 0.7112 -0.9626 3.3403, 0.7167 -0.9626 3.3522, 0.7198 -0.9626 3.3669, 0.7203 -0.9626 3.377, 0.7179 -0.9626 3.3973, 0.7133 -0.9626 3.409, 0.7071 -0.9626 3.4179, 0.7027 -0.9626 3.4221, 0.6771 -0.9626 3.4349, 0.691 -0.9626 3.4299
            ]
        }
        coordIndex [
            0,1,2,-1,2,1,3,-1,2,3,4,-1,4,5,2,-1,2,5,6,-1,2,6,7,-1,7,8,2,-1,2,8,9,-1,2,9,10,-1,10,11,2,-1,2,11,12,-1,2,12,13,-1,13,14,2,-1,2,14,15,-1,2,15,16,-1,16,15,17,-1,
        ]
    }
}
Shape{
    appearance Appearance {
        material  Material 	{
            diffuseColor 0.0 0.0 0.0
            specularColor 0.0 0.0 0.0
            ambientIntensity 0.0
            transparency 0.0
            shininess 0.5
        }
    }
    geometry IndexedFaceSet {
        ccw TRUE
        solid FALSE
        coord DEF co Coordinate {
            point [
                0.7957 -0.9665 3.3574, 0.7892 -0.9665 3.3393, 0.8494 -0.9665 3.3574, 0.8558 -0.9665 3.3393, 0.8196 -0.9665 3.4239, 0.8119 -0.9665 3.4556, 0.7509 -0.9665 3.2955, 0.7738 -0.9665 3.2955, 0.821 -0.9665 3.4287, 0.8223 -0.9665 3.4352, 0.834 -0.9665 3.4556, 0.8228 -0.9665 3.4352, 0.8241 -0.9665 3.4284, 0.8253 -0.9665 3.4239, 0.895 -0.9665 3.2955, 0.8722 -0.9665 3.2955, 0.834 -0.9626 3.4556, 0.895 -0.9626 3.2955, 0.8119 -0.9626 3.4556, 0.7509 -0.9626 3.2955, 0.7738 -0.9626 3.2955, 0.7892 -0.9626 3.3393, 0.8558 -0.9626 3.3393, 0.8722 -0.9626 3.2955, 0.7957 -0.9626 3.3574, 0.8494 -0.9626 3.3574, 0.8253 -0.9626 3.4239, 0.8228 -0.9626 3.4352, 0.8241 -0.9626 3.4284, 0.8223 -0.9626 3.4352, 0.8196 -0.9626 3.4239, 0.821 -0.9626 3.4287
            ]
        }
        coordIndex [
            0,1,2,-1,2,1,3,-1,4,5,0,-1,0,5,6,-1,0,6,1,-1,1,6,7,-1,4,8,5,-1,5,8,9,-1,5,9,10,-1,10,9,11,-1,10,11,12,-1,12,13,10,-1,10,13,2,-1,10,2,14,-1,14,2,3,-1,14,3,15,-1,10,14,16,-1,16,14,17,-1,5,10,18,-1,18,10,16,-1,6,5,19,-1,19,5,18,-1,7,6,20,-1,20,6,19,-1,1,7,21,-1,21,7,20,-1,3,1,22,-1,22,1,21,-1,15,3,23,-1,23,3,22,-1,14,15,17,-1,17,15,23,-1,0,2,24,-1,24,2,25,-1,2,13,25,-1,25,13,26,-1,11,27,28,-1,11,28,12,-1,12,28,26,-1,12,26,13,-1,11,9,27,-1,27,9,29,-1,4,30,31,-1,4,31,8,-1,8,31,29,-1,8,29,9,-1,4,0,30,-1,30,0,24,-1,
        ]
    }
}
Shape{
    appearance Appearance {
        material  Material 	{
            diffuseColor 1.0 0.6431372549019608 0.1803921568627451
            specularColor 0.5019607843137255 0.3215686274509804 0.09019607843137255
            ambientIntensity 0.6971
            transparency 0.0
            shininess 0.5
        }
    }
    geometry IndexedFaceSet {
        ccw TRUE
        solid FALSE
        coord DEF co Coordinate {
            point [
                0.8228 -0.9626 3.4352, 0.8223 -0.9626 3.4352, 0.8241 -0.9626 3.4284, 0.821 -0.9626 3.4287, 0.8253 -0.9626 3.4239, 0.8196 -0.9626 3.4239, 0.8494 -0.9626 3.3574, 0.7957 -0.9626 3.3574
            ]
        }
        coordIndex [
            0,1,2,-1,2,1,3,-1,2,3,4,-1,4,3,5,-1,4,5,6,-1,6,5,7,-1,
        ]
    }
}
Shape{
    appearance Appearance {
        material  Material 	{
            diffuseColor 0.0 0.0 0.0
            specularColor 0.0 0.0 0.0
            ambientIntensity 0.0
            transparency 0.0
            shininess 0.5
        }
    }
    geometry IndexedFaceSet {
        ccw TRUE
        solid FALSE
        coord DEF co Coordinate {
            point [
                -0.6555 -0.9665 3.2728, -0.6386 -0.9665 3.2519, -0.6657 -0.9665 3.3735, -0.4655 -0.9665 3.2685, -0.4521 -0.9665 3.2939, -0.4454 -0.9665 3.322, -0.5894 -0.9665 3.2994, -0.5803 -0.9665 3.2931, -0.6163 -0.9665 3.2351, -0.5698 -0.9665 3.2892, -0.15 -0.9665 3.4532, -0.1527 -0.9665 3.4311, -0.085 -0.9665 3.412, -0.2854 -0.9665 3.4293, -0.3207 -0.9665 3.4896, -0.4448 -0.9665 3.345, -0.4733 -0.9665 3.4099, -0.4448 -0.9665 3.3336, -0.5058 -0.9665 3.2329, -0.4831 -0.9665 3.2487, -0.6905 -0.9665 3.3887, -0.6866 -0.9665 3.3034, -0.6669 -0.9665 3.2972, -0.2479 -0.9665 3.542, -0.2388 -0.9665 3.542, -0.1921 -0.9665 3.6035, -0.2172 -0.9665 3.5393, -0.1853 -0.9665 3.6012, -0.1973 -0.9665 3.5317, -0.1515 -0.9665 3.5841, -0.1209 -0.9665 3.5577, -0.5682 -0.9665 3.5796, -0.5598 -0.9665 3.575, -0.5951 -0.9665 3.6581, -0.5437 -0.9665 3.6091, -0.5718 -0.9665 3.6853, -0.5186 -0.9665 3.6399, -0.545 -0.9665 3.7082, -0.4871 -0.9665 3.6635, -0.5174 -0.9665 3.7254, -0.59 -0.9665 3.2241, -0.5632 -0.9665 3.2199, -0.5598 -0.9665 3.2881, -0.5587 -0.9665 3.2198, -0.5502 -0.9665 3.2891, -0.5312 -0.9665 3.2232, -0.5402 -0.9665 3.2927, -0.5313 -0.9665 3.2985, -0.5238 -0.9665 3.3066, -0.0997 -0.9665 3.3762, -0.1605 -0.9665 3.4108, -0.1215 -0.9665 3.3462, -0.4649 -0.9665 3.7457, -0.4499 -0.9665 3.6787, -0.4084 -0.9665 3.7526, -0.2536 -0.9665 3.6934, -0.2938 -0.9665 3.6369, -0.2164 -0.9665 3.6506, -0.2692 -0.9665 3.6052, -0.253 -0.9665 3.5679, -0.7109 -0.9665 3.4097, -0.758 -0.9665 3.3519, -0.7271 -0.9665 3.3247, -0.7307 -0.9665 3.5058, -0.8053 -0.9665 3.4894, -0.734 -0.9665 3.4782, -0.8058 -0.9665 3.476, -0.7327 -0.9665 3.4609, -0.8014 -0.9665 3.4362, -0.7246 -0.9665 3.433, -0.7863 -0.9665 3.3935, -0.7623 -0.9665 3.3568, -0.5966 -0.9665 3.3077, -0.6015 -0.9665 3.3171, -0.604 -0.9665 3.3276, -0.5184 -0.9665 3.3485, -0.5158 -0.9665 3.338, -0.5158 -0.9665 3.3273, -0.5185 -0.9665 3.3164, -0.1796 -0.9665 3.5194, -0.1664 -0.9665 3.5046, -0.0979 -0.9665 3.5252, -0.1558 -0.9665 3.4849, -0.0843 -0.9665 3.4903, -0.1505 -0.9665 3.463, -0.0794 -0.9665 3.4543, -0.0794 -0.9665 3.4493, -0.173 -0.9665 3.393, -0.1747 -0.9665 3.3913, -0.1539 -0.9665 3.3191, -0.1915 -0.9665 3.3775, -0.1887 -0.9665 3.3024, -0.2116 -0.9665 3.3683, -0.2251 -0.9665 3.2949, -0.2319 -0.9665 3.3644, -0.2923 -0.9665 3.2949, -0.2832 -0.9665 3.3644, -0.2978 -0.9665 3.2958, -0.5937 -0.9665 3.5889, -0.6082 -0.9665 3.6597, -0.6202 -0.9665 3.5921, -0.6213 -0.9665 3.6604, -0.6319 -0.9665 3.5915, -0.6613 -0.9665 3.656, -0.66 -0.9665 3.5849, -0.7038 -0.9665 3.6409, -0.6854 -0.9665 3.5715, -0.742 -0.9665 3.6153, -0.7052 -0.9665 3.5538, -0.7523 -0.9665 3.6058, -0.7209 -0.9665 3.5312, -0.7772 -0.9665 3.5747, -0.7963 -0.9665 3.5343, -0.4119 -0.9665 3.6843, -0.4073 -0.9665 3.6843, -0.3615 -0.9665 3.7477, -0.3706 -0.9665 3.68, -0.3044 -0.9665 3.7276, -0.3347 -0.9665 3.6668, -0.3025 -0.9665 3.645, -0.604 -0.9665 3.3375, -0.6013 -0.9665 3.3484, -0.6531 -0.9665 3.398, -0.596 -0.9665 3.3583, -0.6343 -0.9665 3.4195, -0.5885 -0.9665 3.3664, -0.611 -0.9665 3.4357, -0.5794 -0.9665 3.3723, -0.5858 -0.9665 3.4453, -0.5694 -0.9665 3.3759, -0.5587 -0.9665 3.4486, -0.5598 -0.9665 3.3769, -0.5448 -0.9665 3.4478, -0.5505 -0.9665 3.3759, -0.5173 -0.9665 3.441, -0.5399 -0.9665 3.3722, -0.4932 -0.9665 3.428, -0.5307 -0.9665 3.366, -0.5234 -0.9665 3.3578, -0.2889 -0.9665 3.3654, -0.3165 -0.9665 3.3071, -0.3129 -0.9665 3.3036, -0.2984 -0.9665 3.3645, -0.3062 -0.9665 3.3615, -0.3252 -0.9665 3.3333, -0.3253 -0.9665 3.3302, -0.3243 -0.9665 3.322, -0.3214 -0.9665 3.3143, -0.2855 -0.9665 3.3647, -0.3054 -0.9665 3.2985, -0.29 -0.9665 3.3655, -0.3133 -0.9665 3.3567, -0.3191 -0.9665 3.3501, -0.3232 -0.9665 3.3421, -0.1141 -0.9626 3.5482, -0.0979 -0.9626 3.5252, -0.0885 -0.9626 3.5012, -0.0843 -0.9626 3.4903, -0.0794 -0.9626 3.4543, -0.1209 -0.9626 3.5577, -0.1515 -0.9626 3.5841, -0.1853 -0.9626 3.6012, -0.1921 -0.9626 3.6035, -0.2164 -0.9626 3.6506, -0.2536 -0.9626 3.6934, -0.2797 -0.9626 3.711, -0.3044 -0.9626 3.7276, -0.3615 -0.9626 3.7477, -0.4084 -0.9626 3.7526, -0.4649 -0.9626 3.7457, -0.5174 -0.9626 3.7254, -0.5405 -0.9626 3.711, -0.545 -0.9626 3.7082, -0.5718 -0.9626 3.6853, -0.5951 -0.9626 3.6581, -0.6082 -0.9626 3.6597, -0.6213 -0.9626 3.6604, -0.6613 -0.9626 3.656, -0.7038 -0.9626 3.6409, -0.742 -0.9626 3.6153, -0.7523 -0.9626 3.6058, -0.8029 -0.9626 3.5012, -0.7963 -0.9626 3.5343, -0.7897 -0.9626 3.5482, -0.7772 -0.9626 3.5747, -0.8053 -0.9626 3.4894, -0.8058 -0.9626 3.476, -0.8014 -0.9626 3.4362, -0.7863 -0.9626 3.3935, -0.7623 -0.9626 3.3568, -0.758 -0.9626 3.3519, -0.7271 -0.9626 3.3247, -0.6866 -0.9626 3.3034, -0.6669 -0.9626 3.2972, -0.6654 -0.9626 3.2941, -0.6555 -0.9626 3.2728, -0.6386 -0.9626 3.2519, -0.6163 -0.9626 3.2351, -0.6058 -0.9626 3.2307, -0.59 -0.9626 3.2241, -0.5632 -0.9626 3.2199, -0.5587 -0.9626 3.2198, -0.4448 -0.9626 3.3336, -0.5312 -0.9626 3.2232, -0.5116 -0.9626 3.2307, -0.5058 -0.9626 3.2329, -0.4831 -0.9626 3.2487, -0.4655 -0.9626 3.2685, -0.4521 -0.9626 3.2939, -0.452 -0.9626 3.2941, -0.4454 -0.9626 3.322, -0.4448 -0.9626 3.345, -0.2854 -0.9626 3.4293, -0.3207 -0.9626 3.4896, -0.4733 -0.9626 3.4099, -0.4932 -0.9626 3.428, -0.5173 -0.9626 3.441, -0.5448 -0.9626 3.4478, -0.5587 -0.9626 3.4486, -0.5858 -0.9626 3.4453, -0.611 -0.9626 3.4357, -0.6343 -0.9626 3.4195, -0.6531 -0.9626 3.398, -0.6657 -0.9626 3.3735, -0.6905 -0.9626 3.3887, -0.7109 -0.9626 3.4097, -0.7246 -0.9626 3.433, -0.7327 -0.9626 3.4609, -0.734 -0.9626 3.4782, -0.7312 -0.9626 3.5012, -0.7307 -0.9626 3.5058, -0.7209 -0.9626 3.5312, -0.7091 -0.9626 3.5482, -0.7052 -0.9626 3.5538, -0.6854 -0.9626 3.5715, -0.66 -0.9626 3.5849, -0.6319 -0.9626 3.5915, -0.6202 -0.9626 3.5921, -0.5937 -0.9626 3.5889, -0.5682 -0.9626 3.5796, -0.5598 -0.9626 3.575, -0.5437 -0.9626 3.6091, -0.5186 -0.9626 3.6399, -0.4871 -0.9626 3.6635, -0.4499 -0.9626 3.6787, -0.4119 -0.9626 3.6843, -0.4073 -0.9626 3.6843, -0.3706 -0.9626 3.68, -0.3347 -0.9626 3.6668, -0.3025 -0.9626 3.645, -0.2938 -0.9626 3.6369, -0.2692 -0.9626 3.6052, -0.253 -0.9626 3.5679, -0.2491 -0.9626 3.5482, -0.2479 -0.9626 3.542, -0.2388 -0.9626 3.542, -0.2172 -0.9626 3.5393, -0.1973 -0.9626 3.5317, -0.1796 -0.9626 3.5194, -0.1664 -0.9626 3.5046, -0.1646 -0.9626 3.5012, -0.1558 -0.9626 3.4849, -0.1505 -0.9626 3.463, -0.15 -0.9626 3.4532, -0.1527 -0.9626 3.4311, -0.1605 -0.9626 3.4108, -0.173 -0.9626 3.393, -0.1747 -0.9626 3.3913, -0.1915 -0.9626 3.3775, -0.2116 -0.9626 3.3683, -0.2319 -0.9626 3.3644, -0.2832 -0.9626 3.3644, -0.2855 -0.9626 3.3647, -0.2889 -0.9626 3.3654, -0.29 -0.9626 3.3655, -0.2984 -0.9626 3.3645, -0.3062 -0.9626 3.3615, -0.3133 -0.9626 3.3567, -0.3191 -0.9626 3.3501, -0.3232 -0.9626 3.3421, -0.3252 -0.9626 3.3333, -0.3253 -0.9626 3.3302, -0.3243 -0.9626 3.322, -0.3214 -0.9626 3.3143, -0.3165 -0.9626 3.3071, -0.3129 -0.9626 3.3036, -0.3054 -0.9626 3.2985, -0.2978 -0.9626 3.2958, -0.2923 -0.9626 3.2949, -0.2251 -0.9626 3.2949, -0.1887 -0.9626 3.3024, -0.1539 -0.9626 3.3191, -0.1215 -0.9626 3.3462, -0.0997 -0.9626 3.3762, -0.085 -0.9626 3.412, -0.0794 -0.9626 3.4493, -0.5598 -0.9626 3.3769, -0.5505 -0.9626 3.3759, -0.5399 -0.9626 3.3722, -0.5307 -0.9626 3.366, -0.5234 -0.9626 3.3578, -0.5184 -0.9626 3.3485, -0.5158 -0.9626 3.338, -0.5158 -0.9626 3.3273, -0.5185 -0.9626 3.3164, -0.5238 -0.9626 3.3066, -0.5313 -0.9626 3.2985, -0.5402 -0.9626 3.2927, -0.5502 -0.9626 3.2891, -0.5598 -0.9626 3.2881, -0.5698 -0.9626 3.2892, -0.5803 -0.9626 3.2931, -0.5894 -0.9626 3.2994, -0.5966 -0.9626 3.3077, -0.6015 -0.9626 3.3171, -0.604 -0.9626 3.3276, -0.604 -0.9626 3.3375, -0.6013 -0.9626 3.3484, -0.596 -0.9626 3.3583, -0.5885 -0.9626 3.3664, -0.5794 -0.9626 3.3723, -0.5694 -0.9626 3.3759
            ]
        }
        coordIndex [
            0,1,2,-1,3,4,5,-1,6,1,7,-1,7,1,8,-1,7,8,9,-1,10,11,12,-1,13,14,15,-1,15,14,16,-1,15,16,17,-1,17,16,18,-1,17,18,5,-1,5,18,19,-1,5,19,3,-1,20,21,2,-1,2,21,22,-1,2,22,0,-1,23,24,25,-1,25,24,26,-1,25,26,27,-1,27,26,28,-1,27,28,29,-1,29,28,30,-1,31,32,33,-1,33,32,34,-1,33,34,35,-1,35,34,36,-1,35,36,37,-1,37,36,38,-1,37,38,39,-1,8,40,9,-1,9,40,41,-1,9,41,42,-1,42,41,43,-1,42,43,44,-1,44,43,45,-1,44,45,46,-1,46,45,18,-1,46,18,47,-1,47,18,48,-1,12,11,49,-1,49,11,50,-1,49,50,51,-1,39,38,52,-1,52,38,53,-1,52,53,54,-1,55,56,57,-1,57,56,58,-1,57,58,25,-1,25,58,59,-1,25,59,23,-1,60,61,20,-1,20,61,62,-1,20,62,21,-1,63,64,65,-1,65,64,66,-1,65,66,67,-1,67,66,68,-1,67,68,69,-1,69,68,70,-1,69,70,60,-1,60,70,71,-1,60,71,61,-1,6,72,1,-1,1,72,73,-1,1,73,2,-1,2,73,74,-1,75,76,16,-1,16,76,77,-1,16,77,18,-1,18,77,78,-1,18,78,48,-1,28,79,30,-1,30,79,80,-1,30,80,81,-1,81,80,82,-1,81,82,83,-1,83,82,84,-1,83,84,85,-1,85,84,10,-1,85,10,86,-1,86,10,12,-1,50,87,51,-1,51,87,88,-1,51,88,89,-1,89,88,90,-1,89,90,91,-1,91,90,92,-1,91,92,93,-1,93,92,94,-1,93,94,95,-1,95,94,96,-1,95,96,97,-1,31,33,98,-1,98,33,99,-1,98,99,100,-1,100,99,101,-1,100,101,102,-1,102,101,103,-1,102,103,104,-1,104,103,105,-1,104,105,106,-1,106,105,107,-1,106,107,108,-1,108,107,109,-1,108,109,110,-1,110,109,111,-1,110,111,63,-1,63,111,112,-1,63,112,64,-1,53,113,54,-1,54,113,114,-1,54,114,115,-1,115,114,116,-1,115,116,117,-1,117,116,118,-1,117,118,55,-1,55,118,119,-1,55,119,56,-1,74,120,2,-1,2,120,121,-1,2,121,122,-1,122,121,123,-1,122,123,124,-1,124,123,125,-1,124,125,126,-1,126,125,127,-1,126,127,128,-1,128,127,129,-1,128,129,130,-1,130,129,131,-1,130,131,132,-1,132,131,133,-1,132,133,134,-1,134,133,135,-1,134,135,136,-1,136,135,137,-1,136,137,16,-1,16,137,138,-1,16,138,75,-1,139,140,141,-1,142,143,144,-1,145,146,139,-1,139,146,147,-1,139,147,140,-1,96,148,97,-1,97,148,139,-1,97,139,149,-1,149,139,141,-1,145,139,144,-1,144,139,150,-1,144,150,142,-1,143,151,144,-1,144,151,152,-1,144,152,153,-1,154,30,155,-1,155,30,81,-1,155,81,156,-1,156,81,83,-1,156,83,157,-1,157,83,85,-1,157,85,158,-1,154,159,30,-1,30,159,160,-1,30,160,29,-1,29,160,161,-1,29,161,27,-1,27,161,162,-1,27,162,25,-1,25,162,163,-1,25,163,57,-1,57,163,164,-1,57,164,55,-1,117,55,165,-1,165,55,164,-1,165,166,117,-1,117,166,167,-1,117,167,115,-1,115,167,168,-1,115,168,54,-1,54,168,169,-1,54,169,52,-1,52,169,170,-1,52,170,39,-1,39,170,37,-1,37,170,171,-1,37,171,172,-1,37,172,173,-1,37,173,35,-1,35,173,174,-1,35,174,33,-1,33,174,175,-1,33,175,99,-1,99,175,176,-1,99,176,101,-1,101,176,177,-1,101,177,103,-1,103,177,178,-1,103,178,105,-1,105,178,179,-1,105,179,107,-1,107,179,180,-1,107,180,109,-1,181,64,182,-1,182,64,112,-1,182,112,183,-1,183,112,111,-1,183,111,184,-1,184,111,109,-1,184,109,180,-1,181,185,64,-1,64,185,186,-1,64,186,66,-1,66,186,187,-1,66,187,68,-1,68,187,188,-1,68,188,70,-1,70,188,189,-1,70,189,71,-1,71,189,190,-1,71,190,61,-1,61,190,191,-1,61,191,62,-1,62,191,192,-1,62,192,21,-1,21,192,193,-1,21,193,22,-1,22,193,194,-1,22,194,0,-1,194,195,0,-1,0,195,196,-1,0,196,1,-1,1,196,197,-1,1,197,8,-1,8,197,198,-1,8,198,40,-1,198,199,40,-1,40,199,200,-1,40,200,41,-1,41,200,201,-1,41,201,43,-1,202,17,5,-1,43,201,203,-1,204,18,203,-1,203,18,45,-1,203,45,43,-1,204,205,18,-1,18,205,206,-1,18,206,19,-1,19,206,207,-1,19,207,3,-1,3,207,208,-1,3,208,4,-1,4,208,209,-1,4,209,5,-1,5,209,210,-1,5,210,202,-1,15,17,211,-1,211,17,202,-1,13,15,212,-1,212,15,211,-1,14,13,213,-1,213,13,212,-1,16,14,214,-1,214,14,213,-1,16,214,215,-1,16,215,136,-1,136,215,216,-1,136,216,134,-1,134,216,217,-1,134,217,132,-1,132,217,218,-1,132,218,130,-1,130,218,219,-1,130,219,128,-1,128,219,220,-1,128,220,126,-1,126,220,221,-1,126,221,124,-1,124,221,222,-1,124,222,122,-1,122,222,223,-1,122,223,2,-1,2,223,224,-1,2,224,20,-1,20,224,225,-1,20,225,60,-1,60,225,226,-1,60,226,69,-1,69,226,227,-1,69,227,67,-1,67,227,228,-1,67,228,65,-1,63,65,228,-1,228,229,63,-1,63,229,230,-1,63,230,231,-1,232,108,231,-1,231,108,110,-1,231,110,63,-1,232,233,108,-1,108,233,234,-1,108,234,106,-1,106,234,235,-1,106,235,104,-1,104,235,236,-1,104,236,102,-1,102,236,237,-1,102,237,100,-1,100,237,238,-1,100,238,98,-1,98,238,239,-1,98,239,31,-1,31,239,240,-1,31,240,32,-1,32,240,241,-1,32,241,34,-1,34,241,242,-1,34,242,36,-1,36,242,243,-1,36,243,38,-1,38,243,244,-1,38,244,53,-1,53,244,245,-1,53,245,113,-1,113,245,246,-1,113,246,114,-1,114,246,247,-1,114,247,116,-1,116,247,248,-1,116,248,118,-1,118,248,249,-1,118,249,119,-1,119,249,250,-1,119,250,56,-1,56,250,251,-1,56,251,58,-1,58,251,252,-1,58,252,59,-1,59,252,23,-1,23,252,253,-1,23,253,254,-1,24,23,255,-1,255,23,254,-1,24,255,256,-1,24,256,26,-1,26,256,257,-1,26,257,28,-1,28,257,258,-1,28,258,79,-1,79,258,259,-1,79,259,80,-1,80,259,260,-1,80,260,82,-1,260,261,82,-1,82,261,262,-1,82,262,84,-1,84,262,263,-1,84,263,10,-1,10,263,264,-1,10,264,11,-1,11,264,265,-1,11,265,50,-1,50,265,266,-1,50,266,87,-1,87,266,267,-1,87,267,88,-1,88,267,268,-1,88,268,90,-1,90,268,269,-1,90,269,92,-1,92,269,270,-1,92,270,94,-1,96,94,271,-1,271,94,270,-1,96,271,272,-1,96,272,148,-1,148,272,273,-1,148,273,139,-1,139,273,274,-1,139,274,150,-1,150,274,275,-1,150,275,142,-1,142,275,276,-1,142,276,143,-1,143,276,277,-1,143,277,151,-1,151,277,278,-1,151,278,152,-1,152,278,279,-1,152,279,153,-1,153,279,280,-1,153,280,144,-1,144,280,281,-1,144,281,145,-1,145,281,282,-1,145,282,146,-1,146,282,283,-1,146,283,147,-1,147,283,284,-1,147,284,140,-1,140,284,285,-1,140,285,141,-1,141,285,286,-1,141,286,149,-1,149,286,287,-1,149,287,97,-1,97,287,288,-1,97,288,95,-1,93,95,289,-1,289,95,288,-1,93,289,290,-1,93,290,91,-1,91,290,291,-1,91,291,89,-1,89,291,292,-1,89,292,51,-1,51,292,293,-1,51,293,49,-1,49,293,294,-1,49,294,12,-1,12,294,295,-1,12,295,86,-1,86,295,158,-1,86,158,85,-1,131,296,297,-1,131,297,133,-1,133,297,298,-1,133,298,135,-1,135,298,299,-1,135,299,137,-1,137,299,300,-1,137,300,138,-1,138,300,301,-1,138,301,75,-1,75,301,302,-1,75,302,76,-1,76,302,303,-1,76,303,77,-1,77,303,304,-1,77,304,78,-1,78,304,305,-1,78,305,48,-1,48,305,306,-1,48,306,47,-1,47,306,307,-1,47,307,46,-1,46,307,308,-1,46,308,44,-1,44,308,309,-1,44,309,42,-1,42,309,310,-1,42,310,9,-1,9,310,311,-1,9,311,7,-1,7,311,312,-1,7,312,6,-1,6,312,313,-1,6,313,72,-1,72,313,314,-1,72,314,73,-1,73,314,315,-1,73,315,74,-1,74,315,316,-1,74,316,120,-1,120,316,317,-1,120,317,121,-1,121,317,318,-1,121,318,123,-1,123,318,319,-1,123,319,125,-1,125,319,320,-1,125,320,127,-1,127,320,321,-1,127,321,129,-1,129,321,296,-1,129,296,131,-1,
        ]
    }
}
Shape{
    appearance Appearance {
        material  Material 	{
            diffuseColor 1.0 0.6431372549019608 0.1803921568627451
            specularColor 0.5019607843137255 0.3215686274509804 0.09019607843137255
            ambientIntensity 0.6971
            transparency 0.0
            shininess 0.5
        }
    }
    geometry IndexedFaceSet {
        ccw TRUE
        solid FALSE
        coord DEF co Coordinate {
            point [
                -0.604 -0.9626 3.3276, -0.5694 -0.9626 3.3759, -0.604 -0.9626 3.3375, -0.5794 -0.9626 3.3723, -0.5158 -0.9626 3.338, -0.5184 -0.9626 3.3485, -0.5402 -0.9626 3.2927, -0.5234 -0.9626 3.3578, -0.5307 -0.9626 3.366, -0.5885 -0.9626 3.3664, -0.596 -0.9626 3.3583, -0.6013 -0.9626 3.3484, -0.6015 -0.9626 3.3171, -0.5966 -0.9626 3.3077, -0.5894 -0.9626 3.2994, -0.5313 -0.9626 3.2985, -0.5238 -0.9626 3.3066, -0.5158 -0.9626 3.3273, -0.5185 -0.9626 3.3164, -0.5598 -0.9626 3.2881, -0.5598 -0.9626 3.3769, -0.5502 -0.9626 3.2891, -0.5505 -0.9626 3.3759, -0.5399 -0.9626 3.3722, -0.5803 -0.9626 3.2931, -0.5698 -0.9626 3.2892
            ]
        }
        coordIndex [
            0,1,2,-1,2,1,3,-1,4,5,6,-1,6,5,7,-1,6,7,8,-1,3,9,2,-1,2,9,10,-1,2,10,11,-1,0,12,1,-1,1,12,13,-1,1,13,14,-1,6,15,4,-1,4,15,16,-1,4,16,17,-1,17,16,18,-1,1,19,20,-1,20,19,21,-1,20,21,22,-1,22,21,6,-1,22,6,23,-1,23,6,8,-1,14,24,1,-1,1,24,25,-1,1,25,19,-1,
        ]
    }
}