#VRML V2.0 utf8
# 3D model generated by easyeda2kicad.py (https://github.com/uPesy/easyeda2kicad.py)

Shape{
    appearance Appearance {
        material  Material 	{
            diffuseColor 1.0 0.7529411764705882 0.12156862745098039
            specularColor 0.5019607843137255 0.3764705882352941 0.058823529411764705
            ambientIntensity 0.7548
            transparency 0.0
            shininess 0.5
        }
    }
    geometry IndexedFaceSet {
        ccw TRUE
        solid FALSE
        coord DEF co Coordinate {
            point [
                -1.2993 0.9646 1.1417, -1.2993 0.9646 1.5686, -0.3741 0.9646 1.5686, -0.299 0.9646 2.1667, -0.3377 0.9646 2.1664, -0.3377 0.9646 2.2026, -0.2207 0.9646 2.0232, -0.2229 0.9646 2.0256, -0.2056 0.9646 2.0205, -0.148 0.9646 2.0895, -0.1415 0.9646 2.0939, -0.1415 0.9646 2.062, -0.1705 0.9646 2.0471, -0.1574 0.9646 2.0456, -0.1961 0.9646 2.0456, -0.143 0.9646 2.0473, -0.1415 0.9646 2.0479, -0.1415 0.9646 2.0456, 0.0168 0.9646 2.3595, 0.0168 0.9646 2.359, -0.0329 0.9646 2.359, -0.0425 0.9646 2.2647, -0.0401 0.9646 2.2712, -0.0401 0.9646 2.2369, -0.0801 0.9646 2.3587, -0.0821 0.9646 2.359, -0.0401 0.9646 2.359, 0.146 0.9646 2.2228, 0.138 0.9646 2.2026, 0.0832 0.9646 2.2026, 0.4124 0.9646 2.0503, 0.4149 0.9646 2.0456, 0.0832 0.9646 2.0456, 0.4227 0.9646 2.0313, 0.4278 0.9646 2.0256, 0.0832 0.9646 2.0256, 0.1862 0.9646 2.267, 0.1632 0.9646 2.2473, 0.0832 0.9646 2.359, 0.2755 0.9646 2.359, 0.2614 0.9646 2.349, 0.2322 0.9646 2.3144, 0.2157 0.9646 2.2813, 0.2115 0.9646 2.2798, 0.4557 0.9646 2.3761, 0.416 0.9646 2.3902, 0.988 0.9646 4.0945, 0.0832 0.9646 4.0945, 0.337 0.9646 2.3891, 0.2947 0.9646 2.3725, 0.3772 0.9646 2.3943, 0.988 0.9646 2.359, 0.4831 0.9646 2.359, 0.4799 0.9646 2.3617, 0.988 0.9646 2.2369, 0.6669 0.9646 2.2369, 0.6566 0.9646 2.2598, 0.6359 0.9646 2.2859, 0.571 0.9646 2.3223, 0.5374 0.9646 2.3262, 0.5001 0.9646 2.3447, 0.5276 0.9646 2.3256, 0.5177 0.9646 2.3244, 0.63 0.9646 2.2914, 0.6027 0.9646 2.3103, 0.5735 0.9646 2.0541, 0.5842 0.9646 2.0574, 0.988 0.9646 2.0456, 0.615 0.9646 2.0726, 0.6415 0.9646 2.0956, 0.6608 0.9646 2.1235, 0.6728 0.9646 2.1554, 0.988 0.9646 2.2026, 0.6767 0.9646 2.1889, 0.6764 0.9646 2.1971, 0.6754 0.9646 2.2026, 0.6704 0.9646 2.2291, 0.988 0.9646 2.0256, 0.565 0.9646 2.0357, 0.5696 0.9646 2.0456, 0.4359 0.9646 2.0167, 0.453 0.9646 2.005, 0.0832 0.9646 1.5686, 0.5162 0.9646 1.9988, 0.5358 0.9646 2.0072, 0.988 0.9646 1.5686, 0.5524 0.9646 2.0199, 0.557 0.9646 2.0256, 0.4721 0.9646 1.9978, 0.4927 0.9646 1.9954, 0.496 0.9646 1.9955, 0.3029 0.9646 2.1002, 0.2971 0.9646 2.1025, 0.2867 0.9646 2.1511, 0.4277 0.9646 2.1376, 0.3128 0.9646 2.1965, 0.4425 0.9646 2.1513, 0.4606 0.9646 2.1611, 0.3082 0.9646 2.0966, 0.1853 0.9646 2.1758, 0.1892 0.9646 2.1922, 0.1947 0.9646 2.2026, 0.6213 0.9646 2.2026, 0.1471 0.9646 2.1114, 0.1642 0.9646 2.0879, 0.1876 0.9646 2.0684, 0.2137 0.9646 2.0558, 0.2904 0.9646 2.1033, 0.2896 0.9646 2.1032, 0.2871 0.9646 2.1027, 0.1357 0.9646 2.1967, 0.132 0.9646 2.1688, 0.1361 0.9646 2.1383, 0.616 0.9646 2.1561, 0.6059 0.9646 2.1387, 0.5626 0.9646 2.1296, 0.5907 0.9646 2.1229, 0.5722 0.9646 2.1113, 0.5308 0.9646 2.1576, 0.5484 0.9646 2.1456, 0.6229 0.9646 2.1902, 0.6219 0.9646 2.177, 0.5119 0.9646 2.1647, 0.4915 0.9646 2.1671, 0.4811 0.9646 2.1664, 0.2026 0.9646 2.1233, 0.1931 0.9646 2.1365, 0.1871 0.9646 2.1517, 0.185 0.9646 2.1683, 0.3171 0.9646 2.077, 0.3169 0.9646 2.0804, 0.4067 0.9646 2.0888, 0.3151 0.9646 2.0869, 0.3118 0.9646 2.0927, 0.303 0.9646 2.0535, 0.3085 0.9646 2.0574, 0.3104 0.9646 2.0595, 0.3141 0.9646 2.0649, 0.3163 0.9646 2.0707, 0.4073 0.9646 2.0713, 0.4067 0.9646 2.0802, 0.2853 0.9646 2.1024, 0.2469 0.9646 2.1021, 0.2316 0.9646 2.105, 0.2422 0.9646 2.05, 0.2925 0.9646 2.0504, 0.2973 0.9646 2.0512, 0.2164 0.9646 2.1118, 0.2037 0.9646 2.1221, 0.2579 0.9646 2.2354, 0.6127 0.9646 2.2299, 0.6202 0.9646 2.2109, 0.2511 0.9646 2.2354, 0.197 0.9646 2.207, 0.2068 0.9646 2.2181, 0.22 0.9646 2.2274, 0.2349 0.9646 2.2333, 0.276 0.9646 2.2869, 0.295 0.9646 2.31, 0.4917 0.9646 2.2619, 0.2972 0.9646 2.312, 0.3211 0.9646 2.3288, 0.4785 0.9646 2.2888, 0.6077 0.9646 2.2369, 0.4978 0.9646 2.2652, 0.2582 0.9646 2.2369, 0.263 0.9646 2.2593, 0.5169 0.9646 2.2724, 0.5369 0.9646 2.275, 0.5458 0.9646 2.2746, 0.4592 0.9646 2.3115, 0.3478 0.9646 2.3393, 0.4361 0.9646 2.3281, 0.3767 0.9646 2.343, 0.4082 0.9646 2.3392, 0.5669 0.9646 2.2698, 0.586 0.9646 2.2598, 0.6008 0.9646 2.2468, 0.1559 0.9646 2.2369, 0.0832 0.9646 2.2369, -0.0281 0.9646 2.1548, 0.0182 0.9646 2.1551, 0.0185 0.9646 2.1167, -0.0244 0.9646 2.1164, -0.0244 0.9646 2.1026, -0.0329 0.9646 2.0456, 0.0345 0.9646 2.049, 0.0338 0.9646 2.0456, 0.0186 0.9646 2.103, 0.0189 0.9646 2.0625, -0.0302 0.9646 2.0622, -0.0301 0.9646 2.0485, 0.0338 0.9646 2.049, 0.0338 0.9646 2.1442, 0.0338 0.9646 2.2026, 0.0336 0.9646 2.1691, -0.0329 0.9646 2.2026, -0.0282 0.9646 2.1686, -0.3741 0.9646 2.359, -0.3874 0.9646 2.3566, -0.404 0.9646 2.3565, -0.3377 0.9646 2.2369, -0.3408 0.9646 2.2369, -0.3741 0.9646 2.3225, -0.358 0.9646 2.2369, -0.3579 0.9646 2.2367, -0.3741 0.9646 2.2026, -0.3408 0.9646 2.2368, -0.3741 0.9646 2.2369, -0.3741 0.9646 2.2695, -0.3697 0.9646 2.2695, -0.4489 0.9646 2.2361, -1.2993 0.9646 2.2026, -0.4486 0.9646 2.2369, -1.2993 0.9646 2.2369, -1.2993 0.9646 2.359, -0.4197 0.9646 2.2691, -0.4315 0.9646 2.2369, -0.4317 0.9646 2.2362, -0.1961 0.9646 2.3057, -0.208 0.9646 2.3056, -0.2117 0.9646 2.3441, -0.2251 0.9646 2.359, -0.2118 0.9646 2.3579, -0.1961 0.9646 2.359, -0.1961 0.9646 2.358, -0.165 0.9646 2.2922, -0.1647 0.9646 2.2518, -0.1961 0.9646 2.292, -0.1961 0.9646 2.2516, -0.2079 0.9646 2.2919, -0.2138 0.9646 2.2514, -0.1961 0.9646 2.3442, -0.1653 0.9646 2.3444, -0.1651 0.9646 2.3059, -0.1491 0.9646 2.2382, -0.1415 0.9646 2.2369, -0.1961 0.9646 2.2369, -0.2251 0.9646 2.2369, -0.2137 0.9646 2.2377, -0.1961 0.9646 2.2379, -0.1499 0.9646 2.3583, -0.1415 0.9646 2.359, -0.1145 0.9646 2.359, -0.1259 0.9646 2.3556, -0.1258 0.9646 2.3394, -0.1252 0.9646 2.2582, -0.1251 0.9646 2.2433, -0.0975 0.9646 2.3467, -0.0919 0.9646 2.3465, -0.123 0.9646 2.2423, -0.1101 0.9646 2.2382, -0.0956 0.9646 2.2369, -0.1123 0.9646 2.3448, -0.1244 0.9646 2.3401, -0.0815 0.9646 2.3443, -0.0722 0.9646 2.3398, -0.0647 0.9646 2.3336, -0.0638 0.9646 2.3327, -0.058 0.9646 2.3244, -0.0539 0.9646 2.3141, -0.0518 0.9646 2.2976, -0.052 0.9646 2.2922, -0.1133 0.9646 2.253, -0.0997 0.9646 2.2506, -0.0941 0.9646 2.2504, -0.0539 0.9646 2.2804, -0.0579 0.9646 2.2708, -0.0633 0.9646 2.2633, -0.0667 0.9646 2.26, -0.0836 0.9646 2.2515, -0.0748 0.9646 2.2546, -0.0401 0.9646 4.0945, -0.0974 0.9646 2.3607, -0.1415 0.9646 4.0945, -0.1132 0.9646 2.3594, -0.0444 0.9646 2.332, -0.0532 0.9646 2.3433, -0.0562 0.9646 2.3462, -0.0675 0.9646 2.3539, -0.0329 0.9646 2.2369, -0.0386 0.9646 2.3187, -0.0401 0.9646 2.322, -0.0377 0.9646 2.2773, -0.0355 0.9646 2.2968, -0.0358 0.9646 2.3031, -0.0823 0.9646 2.2373, -0.0696 0.9646 2.2404, -0.0586 0.9646 2.2463, -0.0506 0.9646 2.2533, -0.0496 0.9646 2.2544, -0.087 0.9646 2.2369, -0.0401 0.9646 2.2026, -0.0918 0.9646 2.2366, -0.1415 0.9646 2.2026, 0.0175 0.9646 2.2531, -0.0303 0.9646 2.2527, -0.0302 0.9646 2.239, 0.0338 0.9646 2.2369, 0.0331 0.9646 2.2395, -0.0329 0.9646 4.0945, 0.0323 0.9646 2.3596, 0.0338 0.9646 2.359, 0.0323 0.9646 2.359, -0.3311 0.9646 2.2768, -0.3251 0.9646 2.2644, -0.3342 0.9646 2.2908, -0.2903 0.9646 2.359, -0.2903 0.9646 2.3551, -0.3377 0.9646 2.359, -0.3043 0.9646 2.3499, -0.3283 0.9646 2.3265, -0.3327 0.9646 2.315, -0.3346 0.9646 2.2985, -0.2903 0.9646 2.2399, -0.2903 0.9646 2.2369, -0.3035 0.9646 2.2449, -0.3161 0.9646 2.2538, -0.3168 0.9646 2.3412, -0.321 0.9646 2.337, -0.2715 0.9646 2.3574, -0.2898 0.9646 2.3553, -0.2898 0.9646 2.2397, -0.2694 0.9646 2.2373, -0.2364 0.9646 2.2376, -0.2372 0.9646 2.3577, -0.048 0.9646 2.0852, -0.0511 0.9646 2.0895, -0.0533 0.9646 2.1135, -0.1338 0.9646 2.0508, -0.1339 0.9646 2.0663, -0.1134 0.9646 2.0479, -0.1399 0.9646 2.0626, -0.0984 0.9646 2.048, -0.0985 0.9646 2.0613, -0.0981 0.9646 2.0613, -0.1138 0.9646 2.1031, -0.135 0.9646 2.1046, -0.1366 0.9646 2.1, -0.1385 0.9646 2.0968, -0.141 0.9646 2.0942, -0.0558 0.9646 2.0934, -0.0624 0.9646 2.0966, -0.0623 0.9646 2.1192, -0.0733 0.9646 2.0992, -0.0866 0.9646 2.1231, -0.0815 0.9646 2.1237, -0.0717 0.9646 2.1226, -0.094 0.9646 2.0557, -0.089 0.9646 2.0512, -0.0863 0.9646 2.0495, -0.0986 0.9646 2.133, -0.1368 0.9646 2.1206, -0.1396 0.9646 2.1247, -0.0717 0.9646 2.0462, -0.0401 0.9646 2.0456, -0.0627 0.9646 2.0473, -0.0569 0.9646 2.0495, -0.0519 0.9646 2.0531, -0.0503 0.9646 2.0548, -0.0472 0.9646 2.0594, -0.0988 0.9646 2.1025, -0.0983 0.9646 2.1092, -0.0968 0.9646 2.1146, -0.095 0.9646 2.1177, -0.0454 0.9646 2.0645, -0.0447 0.9646 2.0714, -0.0447 0.9646 2.0736, -0.0678 0.9646 2.1341, -0.083 0.9646 2.1359, -0.0923 0.9646 2.135, -0.0458 0.9646 2.08, -0.0535 0.9646 2.1281, -0.0566 0.9646 2.1299, -0.1035 0.9646 2.13, -0.1075 0.9646 2.1261, -0.135 0.9646 2.1158, -0.1105 0.9646 2.1212, -0.1128 0.9646 2.1142, -0.0928 0.9646 2.1201, -0.0901 0.9646 2.1219, -0.0803 0.9646 2.0472, -0.1344 0.9646 2.1104, -0.1571 0.9646 2.0456, -0.1415 0.9646 2.0256, -0.1568 0.9646 2.0456, -0.1882 0.9646 2.1313, -0.1881 0.9646 2.1167, -0.1441 0.9646 2.1286, -0.149 0.9646 2.1314, -0.1415 0.9646 2.1263, -0.1912 0.9646 2.0647, -0.1893 0.9646 2.0599, -0.1864 0.9646 2.056, -0.1574 0.9646 2.1343, -0.1679 0.9646 2.1353, -0.1961 0.9646 2.2026, -0.1785 0.9646 2.1343, -0.187 0.9646 2.0849, -0.1898 0.9646 2.0808, -0.1913 0.9646 2.0763, -0.1919 0.9646 2.0707, -0.1821 0.9646 2.0522, -0.1785 0.9646 2.05, -0.1664 0.9646 2.1231, -0.1619 0.9646 2.1228, -0.1499 0.9646 2.1116, -0.1579 0.9646 2.1217, -0.1545 0.9646 2.12, -0.15 0.9646 2.1096, -0.1506 0.9646 2.1073, -0.1516 0.9646 2.1053, -0.1531 0.9646 2.1036, -0.1584 0.9646 2.1003, -0.176 0.9646 2.1219, -0.1677 0.9646 2.0962, -0.1845 0.9646 2.1188, -0.1735 0.9646 2.0938, -0.1834 0.9646 2.0881, -0.1522 0.9646 2.118, -0.1509 0.9646 2.1161, -0.1502 0.9646 2.114, -0.1708 0.9646 2.0789, -0.157 0.9646 2.0853, -0.1723 0.9646 2.0609, -0.1586 0.9646 2.0579, -0.1593 0.9646 2.0579, -0.1493 0.9646 2.059, -0.167 0.9646 2.0587, -0.1709 0.9646 2.0601, -0.1753 0.9646 2.0643, -0.1761 0.9646 2.0665, -0.1726 0.9646 2.0775, -0.1765 0.9646 2.0693, -0.1763 0.9646 2.0712, -0.1745 0.9646 2.0756, -0.1757 0.9646 2.0736, -0.174 0.9646 2.0624, -0.2476 0.9646 2.0456, -0.2903 0.9646 2.0456, -0.2825 0.9646 2.1325, -0.2903 0.9646 2.2026, -0.2669 0.9646 2.1326, -0.239 0.9646 2.0683, -0.2408 0.9646 2.0613, -0.2412 0.9646 2.0613, -0.2251 0.9646 2.2026, -0.2251 0.9646 2.1093, -0.243 0.9646 2.0682, -0.2419 0.9646 2.0642, -0.2251 0.9646 2.0685, -0.2002 0.9646 2.1331, -0.217 0.9646 2.133, -0.2235 0.9646 2.0263, -0.2251 0.9646 2.0291, -0.2251 0.9646 2.0456, -0.2265 0.9646 2.0317, -0.2325 0.9646 2.0456, -0.2332 0.9646 2.0473, -0.1961 0.9646 2.0256, -0.2025 0.9646 2.0215, -0.2251 0.9646 1.5686, -0.2251 0.9646 2.0103, -0.2241 0.9646 2.0097, -0.2181 0.9646 2.0214, -0.211 0.9646 2.0197, -0.2148 0.9646 2.0201, -0.2182 0.9646 2.0075, -0.2121 0.9646 2.0068, -0.1961 0.9646 1.5686, -0.2088 0.9646 2.007, -0.2024 0.9646 2.0081, -0.236 0.9646 2.0208, -0.2304 0.9646 2.0143, -0.2903 0.9646 1.5686, -0.2294 0.9646 2.0133, -0.2429 0.9646 2.034, -0.2903 0.9646 2.0256, -0.2385 0.9646 2.0256, -0.3608 0.9646 2.1663, -0.3607 0.9646 2.1525, -0.3628 0.9646 2.0598, -0.3741 0.9646 2.0456, -0.3627 0.9646 2.0461, -0.3377 0.9646 2.0456, -0.314 0.9646 2.1006, -0.3137 0.9646 2.0602, -0.3377 0.9646 2.1004, -0.3377 0.9646 2.06, -0.357 0.9646 2.1003, -0.3571 0.9646 2.114, -0.3377 0.9646 2.1142, -0.3377 0.9646 2.1526, -0.3144 0.9646 2.1528, -0.3141 0.9646 2.1143, -0.3377 0.9646 2.0463, -0.2981 0.9646 2.0466, -0.4802 0.9646 2.0852, -0.49 0.9646 2.0456, -0.4832 0.9646 2.0992, -0.5364 0.9646 2.165, -0.4836 0.9646 2.1069, -0.4818 0.9646 2.1234, -0.4742 0.9646 2.0728, -0.4652 0.9646 2.0622, -0.4526 0.9646 2.0533, -0.3863 0.9646 2.1661, -0.3854 0.9646 2.046, -0.4184 0.9646 2.0458, -0.4388 0.9646 2.0481, -0.553 0.9646 2.1649, -0.4658 0.9646 2.1496, -0.47 0.9646 2.1454, -0.4774 0.9646 2.1349, -0.4205 0.9646 2.1658, -0.4388 0.9646 2.1637, -0.4533 0.9646 2.1583, -0.507 0.9646 2.0451, -0.4899 0.9646 2.0452, -0.3741 0.9646 2.0256, -0.5072 0.9646 2.0456, -0.5808 0.9646 2.0446, -0.5979 0.9646 2.0445, -1.2993 0.9646 2.0256, -0.5975 0.9646 2.0456, -1.2993 0.9646 2.0456, -0.5804 0.9646 2.0456, -0.5688 0.9646 2.0775, -0.5188 0.9646 2.0779, -0.1961 0.9646 4.0945, -0.2251 0.9646 4.0945, -0.2903 0.9646 4.0945, -0.3377 0.9646 4.0945, -0.3741 0.9646 4.0945, -1.2993 0.9646 4.0945, 0.0338 0.9646 4.0945, -0.3377 0.9646 2.0256, 0.0338 0.9646 2.0256, -0.0329 0.9646 2.0256, -0.0401 0.9646 2.0256, -0.3377 0.9646 1.5686, 0.0338 0.9646 1.5686, -0.0329 0.9646 1.5686, -0.0401 0.9646 1.5686, -0.1415 0.9646 1.5686, 1.2992 0.9646 4.0945, 1.2992 0.9646 2.359, 1.2992 0.9646 2.2369, 1.2992 0.9646 2.2026, 1.2992 0.9646 2.0456, 1.2992 0.9646 2.0256, 1.2992 0.9646 1.5686, -0.3741 0.9646 1.1417, -0.3377 0.9646 1.1417, -0.2903 0.9646 1.1417, -0.2251 0.9646 1.1417, -0.1961 0.9646 1.1417, -0.1415 0.9646 1.1417, -0.0401 0.9646 1.1417, -0.0329 0.9646 1.1417, 0.0338 0.9646 1.1417, 0.0832 0.9646 1.1417, 0.988 0.9646 1.1417, 1.2992 0.9646 1.1417
            ]
        }
        coordIndex [
            0,1,2,-1,3,4,5,-1,6,7,8,-1,9,10,11,-1,12,13,14,-1,15,16,17,-1,18,19,20,-1,21,22,23,-1,24,25,26,-1,27,28,29,-1,30,31,32,-1,33,34,35,-1,36,37,38,-1,39,40,38,-1,38,40,41,-1,41,42,38,-1,38,42,43,-1,38,43,36,-1,44,45,46,-1,47,48,49,-1,46,45,47,-1,47,45,50,-1,47,50,48,-1,51,52,46,-1,46,52,53,-1,46,53,44,-1,54,55,51,-1,51,55,56,-1,51,56,57,-1,51,58,52,-1,52,58,59,-1,52,59,60,-1,60,59,61,-1,60,61,62,-1,57,63,51,-1,51,63,64,-1,51,64,58,-1,65,66,67,-1,67,66,68,-1,67,68,69,-1,69,70,67,-1,67,70,71,-1,67,71,72,-1,72,71,73,-1,73,74,72,-1,72,74,75,-1,72,75,54,-1,54,75,76,-1,54,76,55,-1,77,78,67,-1,67,78,79,-1,67,79,65,-1,80,81,82,-1,83,84,85,-1,85,84,86,-1,85,86,77,-1,77,86,87,-1,77,87,78,-1,80,82,34,-1,81,88,82,-1,82,88,89,-1,82,89,85,-1,85,89,90,-1,85,90,83,-1,33,35,31,-1,91,92,93,-1,94,95,96,-1,96,95,97,-1,91,93,98,-1,99,100,95,-1,95,100,101,-1,95,101,102,-1,103,104,32,-1,32,104,105,-1,32,105,106,-1,92,107,93,-1,93,107,108,-1,93,108,109,-1,28,110,29,-1,29,110,111,-1,29,111,32,-1,32,111,112,-1,32,112,103,-1,113,114,115,-1,115,114,116,-1,115,116,117,-1,118,102,119,-1,119,102,120,-1,119,120,115,-1,115,120,121,-1,115,121,113,-1,118,122,102,-1,102,122,123,-1,102,123,95,-1,95,123,124,-1,95,124,97,-1,125,126,93,-1,93,126,127,-1,93,127,95,-1,95,127,128,-1,95,128,99,-1,129,130,131,-1,131,130,132,-1,131,132,93,-1,93,132,133,-1,93,133,98,-1,134,135,30,-1,30,135,136,-1,136,137,30,-1,30,137,138,-1,30,138,139,-1,139,138,129,-1,139,129,140,-1,140,129,131,-1,109,141,93,-1,93,141,142,-1,93,142,143,-1,106,144,32,-1,32,144,145,-1,32,145,30,-1,30,145,146,-1,30,146,134,-1,143,147,93,-1,93,147,148,-1,93,148,125,-1,149,150,151,-1,151,102,149,-1,149,102,101,-1,149,101,152,-1,152,101,153,-1,153,154,152,-1,152,154,155,-1,152,155,156,-1,157,158,159,-1,158,160,159,-1,159,160,161,-1,159,161,162,-1,163,159,164,-1,150,149,163,-1,163,149,165,-1,163,165,159,-1,159,165,166,-1,159,166,157,-1,164,167,163,-1,163,167,168,-1,163,168,169,-1,162,161,170,-1,170,161,171,-1,170,171,172,-1,172,171,173,-1,172,173,174,-1,175,176,169,-1,169,176,177,-1,169,177,163,-1,37,178,179,-1,179,178,27,-1,180,181,182,-1,183,184,185,-1,186,32,187,-1,188,189,184,-1,184,189,190,-1,184,190,185,-1,185,190,191,-1,185,191,187,-1,187,191,192,-1,187,192,186,-1,32,186,29,-1,29,186,193,-1,29,193,194,-1,194,193,195,-1,194,195,196,-1,196,195,197,-1,196,197,180,-1,198,199,200,-1,201,202,203,-1,204,205,206,-1,205,207,5,-1,206,208,204,-1,204,208,209,-1,204,209,210,-1,211,212,213,-1,213,212,214,-1,213,214,200,-1,200,214,215,-1,200,215,198,-1,216,209,217,-1,217,209,208,-1,217,208,218,-1,218,208,206,-1,219,220,221,-1,221,220,222,-1,221,222,223,-1,223,222,224,-1,223,224,225,-1,226,227,228,-1,228,227,229,-1,228,229,230,-1,230,229,231,-1,221,232,219,-1,219,232,233,-1,219,233,234,-1,235,236,237,-1,220,230,222,-1,222,230,231,-1,222,231,238,-1,238,231,239,-1,238,239,237,-1,237,239,240,-1,237,240,235,-1,225,224,241,-1,241,224,242,-1,241,242,235,-1,243,244,242,-1,242,244,245,-1,246,247,236,-1,248,249,246,-1,247,250,236,-1,236,250,251,-1,236,251,252,-1,248,246,253,-1,235,242,236,-1,236,242,245,-1,236,245,246,-1,246,245,254,-1,246,254,253,-1,249,255,246,-1,246,255,256,-1,246,256,257,-1,257,258,246,-1,246,258,259,-1,246,259,260,-1,260,261,246,-1,246,261,262,-1,246,262,263,-1,263,262,264,-1,264,262,265,-1,265,262,266,-1,265,266,267,-1,267,268,265,-1,265,268,269,-1,265,269,270,-1,270,269,271,-1,272,273,274,-1,274,273,275,-1,274,275,243,-1,26,276,277,-1,277,278,26,-1,26,278,279,-1,26,279,24,-1,23,22,280,-1,20,281,26,-1,26,281,282,-1,26,282,276,-1,22,283,280,-1,280,283,284,-1,280,284,20,-1,20,284,285,-1,20,285,281,-1,286,287,23,-1,23,287,288,-1,288,289,23,-1,23,289,290,-1,23,290,21,-1,291,292,293,-1,293,292,294,-1,293,294,252,-1,19,295,20,-1,20,295,296,-1,20,296,280,-1,280,296,297,-1,280,297,298,-1,298,297,299,-1,18,300,301,-1,301,300,302,-1,301,302,303,-1,304,305,201,-1,304,201,306,-1,307,308,309,-1,309,308,310,-1,311,312,309,-1,309,312,313,-1,314,315,316,-1,316,315,201,-1,316,201,317,-1,317,201,305,-1,310,318,309,-1,309,318,319,-1,309,319,311,-1,199,198,203,-1,203,198,309,-1,203,309,201,-1,201,309,313,-1,201,313,306,-1,222,320,307,-1,307,320,321,-1,307,321,308,-1,314,322,315,-1,315,322,323,-1,315,323,238,-1,238,323,324,-1,238,324,222,-1,222,324,325,-1,222,325,320,-1,326,327,328,-1,329,330,331,-1,11,10,332,-1,333,334,335,-1,336,331,337,-1,337,331,330,-1,337,330,338,-1,338,330,339,-1,332,10,330,-1,330,10,340,-1,330,340,339,-1,327,341,328,-1,328,341,342,-1,328,342,343,-1,343,342,344,-1,345,346,344,-1,344,346,347,-1,344,347,343,-1,335,348,333,-1,333,348,349,-1,333,349,350,-1,351,352,353,-1,17,354,355,-1,355,354,356,-1,355,356,357,-1,357,358,355,-1,355,358,359,-1,355,359,360,-1,361,362,344,-1,344,362,363,-1,344,363,364,-1,360,365,355,-1,355,365,366,-1,355,366,367,-1,368,369,292,-1,292,369,370,-1,326,328,371,-1,371,328,372,-1,371,372,292,-1,292,372,373,-1,292,373,368,-1,351,374,352,-1,352,374,375,-1,352,375,376,-1,376,375,377,-1,376,377,378,-1,364,379,344,-1,344,379,380,-1,344,380,345,-1,350,381,333,-1,333,381,354,-1,333,354,331,-1,331,354,17,-1,331,17,329,-1,329,17,16,-1,336,337,378,-1,378,337,382,-1,378,382,376,-1,13,383,384,-1,384,383,385,-1,386,387,14,-1,388,389,294,-1,370,351,292,-1,292,351,353,-1,292,353,294,-1,294,353,390,-1,294,390,388,-1,391,392,14,-1,14,392,393,-1,389,394,294,-1,294,394,395,-1,294,395,396,-1,396,395,397,-1,396,397,386,-1,398,399,387,-1,387,399,400,-1,387,400,14,-1,14,400,401,-1,14,401,391,-1,393,402,14,-1,14,402,403,-1,14,403,12,-1,404,405,406,-1,406,405,407,-1,406,407,408,-1,406,409,404,-1,404,409,410,-1,404,410,411,-1,411,412,404,-1,404,412,413,-1,404,413,414,-1,414,413,415,-1,414,415,416,-1,416,415,417,-1,416,417,387,-1,387,417,418,-1,387,418,398,-1,419,420,408,-1,408,420,421,-1,408,421,406,-1,422,423,424,-1,425,426,423,-1,9,11,423,-1,423,11,427,-1,423,427,425,-1,426,428,423,-1,423,428,429,-1,423,429,424,-1,430,431,432,-1,431,433,432,-1,432,433,434,-1,432,434,435,-1,435,434,436,-1,422,424,432,-1,432,424,437,-1,432,437,430,-1,438,439,440,-1,440,439,441,-1,440,441,442,-1,443,444,445,-1,441,446,442,-1,442,446,447,-1,442,447,448,-1,448,447,443,-1,448,443,449,-1,449,443,445,-1,450,451,14,-1,386,14,396,-1,396,14,451,-1,396,451,446,-1,446,451,452,-1,446,452,447,-1,453,454,455,-1,455,454,456,-1,455,456,457,-1,7,453,14,-1,14,453,455,-1,14,455,450,-1,450,455,457,-1,450,457,458,-1,13,384,14,-1,14,384,459,-1,14,459,7,-1,7,459,460,-1,7,460,8,-1,461,462,463,-1,6,8,464,-1,464,8,465,-1,464,465,466,-1,463,467,461,-1,461,467,468,-1,461,468,469,-1,469,468,470,-1,469,470,471,-1,472,473,474,-1,474,473,461,-1,461,473,475,-1,461,475,462,-1,438,476,477,-1,477,476,478,-1,477,478,472,-1,205,5,206,-1,206,5,4,-1,206,4,479,-1,479,480,206,-1,206,480,481,-1,206,481,482,-1,482,481,483,-1,482,483,484,-1,485,486,487,-1,487,486,488,-1,487,488,489,-1,489,488,481,-1,489,481,490,-1,490,481,480,-1,490,480,491,-1,480,492,491,-1,491,492,493,-1,491,493,494,-1,483,495,484,-1,484,495,496,-1,484,496,439,-1,439,496,3,-1,439,3,441,-1,441,3,5,-1,497,498,499,-1,499,498,500,-1,499,500,501,-1,501,500,502,-1,497,503,498,-1,498,503,504,-1,498,504,505,-1,506,206,507,-1,507,206,482,-1,507,482,508,-1,508,482,498,-1,508,498,509,-1,509,498,505,-1,206,500,510,-1,511,512,500,-1,500,512,513,-1,500,513,502,-1,506,514,206,-1,206,514,515,-1,206,515,500,-1,500,515,516,-1,500,516,511,-1,517,518,519,-1,520,517,521,-1,521,517,519,-1,521,519,522,-1,522,519,523,-1,522,523,524,-1,524,523,525,-1,524,525,510,-1,510,525,212,-1,510,212,206,-1,206,212,211,-1,206,211,218,-1,521,526,520,-1,520,526,527,-1,520,527,528,-1,243,242,274,-1,274,242,224,-1,274,224,529,-1,529,224,222,-1,529,222,530,-1,530,222,307,-1,530,307,531,-1,531,307,309,-1,531,309,532,-1,532,309,198,-1,532,198,533,-1,533,198,215,-1,533,215,534,-1,18,20,300,-1,300,20,26,-1,300,26,272,-1,272,26,25,-1,272,25,273,-1,300,535,302,-1,302,535,47,-1,302,47,38,-1,38,47,49,-1,38,49,39,-1,37,179,38,-1,38,179,298,-1,38,298,302,-1,302,298,299,-1,302,299,303,-1,252,294,236,-1,236,294,396,-1,236,396,237,-1,237,396,446,-1,237,446,238,-1,238,446,441,-1,238,441,315,-1,315,441,5,-1,315,5,201,-1,201,5,207,-1,201,207,202,-1,27,29,179,-1,179,29,194,-1,179,194,298,-1,298,194,196,-1,298,196,280,-1,280,196,292,-1,280,292,23,-1,23,292,291,-1,23,291,286,-1,182,183,180,-1,180,183,185,-1,180,185,196,-1,196,185,355,-1,196,355,292,-1,292,355,367,-1,292,367,371,-1,438,477,439,-1,439,477,536,-1,439,536,484,-1,484,536,519,-1,484,519,482,-1,482,519,518,-1,482,518,498,-1,31,35,32,-1,32,35,537,-1,32,537,187,-1,187,537,538,-1,187,538,185,-1,185,538,539,-1,185,539,355,-1,355,539,384,-1,355,384,17,-1,17,384,385,-1,17,385,15,-1,472,474,477,-1,477,474,540,-1,477,540,536,-1,536,540,2,-1,536,2,519,-1,519,2,1,-1,519,1,523,-1,34,82,35,-1,35,82,541,-1,35,541,537,-1,537,541,542,-1,537,542,538,-1,538,542,543,-1,538,543,539,-1,539,543,544,-1,539,544,384,-1,384,544,469,-1,384,469,459,-1,459,469,471,-1,459,471,460,-1,46,545,51,-1,51,545,546,-1,51,546,54,-1,54,546,547,-1,54,547,72,-1,72,547,548,-1,72,548,67,-1,67,548,549,-1,67,549,77,-1,77,549,550,-1,77,550,85,-1,85,550,551,-1,0,2,552,-1,552,2,540,-1,552,540,553,-1,553,540,474,-1,553,474,554,-1,554,474,461,-1,554,461,555,-1,555,461,469,-1,555,469,556,-1,556,469,544,-1,556,544,557,-1,557,544,543,-1,557,543,558,-1,558,543,542,-1,558,542,559,-1,559,542,541,-1,559,541,560,-1,560,541,82,-1,560,82,561,-1,561,82,85,-1,561,85,562,-1,562,85,551,-1,562,551,563,-1,
        ]
    }
}
Shape{
    appearance Appearance {
        material  Material 	{
            diffuseColor 0.9686274509803922 0.8784313725490196 0.6
            specularColor 0.6784313725490196 0.615686274509804 0.4196078431372549
            ambientIntensity 0.8737
            transparency 0.0
            shininess 0.5
        }
    }
    geometry IndexedFaceSet {
        ccw TRUE
        solid FALSE
        coord DEF co Coordinate {
            point [
                0.059 -0.0591 3.76, 0.059 -0.1158 3.76, 0.0699 -0.1096 3.76, 0.0919 -0.0919 3.76, 0.1095 -0.07 3.76, 0.1158 -0.0591 3.76, -0.0591 0.0591 3.76, -0.0591 0.1158 3.76, -0.07 0.1096 3.76, -0.092 0.0919 3.76, -0.1096 0.07 3.76, -0.1159 0.0591 3.76, -0.0591 -0.0591 3.76, -0.1159 -0.0591 3.76, -0.1096 -0.07 3.76, -0.092 -0.0919 3.76, -0.07 -0.1096 3.76, -0.0591 -0.1158 3.76, -0.1844 0.3191 3.5072, -0.1992 0.3118 3.5072, -0.1956 0.3061 3.5712, -0.0591 0.1362 3.7588, -0.059 0.1631 3.7541, -0.0667 0.1817 3.7499, -0.0953 0.3554 3.5072, -0.1274 0.3473 3.5072, -0.1251 0.341 3.5712, -0.1599 0.0589 3.7556, -0.1632 0.1042 3.7499, -0.161 0.0589 3.7553, -0.1839 0.0588 3.7491, -0.1818 0.0666 3.7499, -0.2038 0.0586 3.7437, -0.237 0.0869 3.7238, -0.2428 0.0581 3.7254, -0.2454 0.0581 3.7236, -0.2779 0.0575 3.701, -0.2839 0.1041 3.6833, -0.2832 0.0574 3.6964, -0.3194 0.1171 3.6312, -0.3127 0.0566 3.6655, -0.2963 0.057 3.6827, -0.3631 0.0536 3.5524, -0.3584 0.0541 3.571, -0.3411 0.125 3.5712, -0.3532 0.0546 3.5916, -0.336 0.0557 3.6305, -0.3662 0.0524 3.5072, -0.3555 0.0953 3.5072, -0.3474 0.1274 3.5072, -0.3191 0.1843 3.5072, -0.0525 0.3662 3.5072, -0.0536 0.3635 3.5496, -0.0542 0.3584 3.571, -0.0546 0.3543 3.5883, -0.0556 0.3376 3.6275, -0.1172 0.3194 3.6312, -0.0557 0.3353 3.6311, -0.0565 0.3161 3.6609, -0.1041 0.2838 3.6833, -0.0571 0.2963 3.6828, -0.0869 0.2369 3.7238, -0.0581 0.2451 3.7232, -0.058 0.256 3.7172, -0.0573 0.2874 3.6926, -0.0589 0.1802 3.7511, -0.0588 0.1842 3.7497, -0.0585 0.2181 3.7379, -0.1042 0.1631 3.7499, -0.1832 0.2867 3.6312, -0.1628 0.2548 3.6833, -0.1359 0.2126 3.7238, -0.3118 0.1991 3.5072, -0.3061 0.1955 3.5712, -0.2867 0.1831 3.6312, -0.2548 0.1627 3.6833, -0.2127 0.1358 3.7238, -0.2616 0.2616 3.5072, -0.2569 0.2568 3.5712, -0.2406 0.2405 3.6312, -0.2138 0.2138 3.6833, -0.1785 0.1784 3.7238, -0.1369 0.1369 3.7499, -0.3191 -0.1843 3.5072, -0.3118 -0.1991 3.5072, -0.3061 -0.1955 3.5712, -0.3474 -0.1274 3.5072, -0.3411 -0.125 3.5712, -0.3555 -0.0953 3.5072, -0.3631 -0.0536 3.5524, -0.3662 -0.0524 3.5072, -0.3194 -0.1171 3.6312, -0.3532 -0.0546 3.5916, -0.3584 -0.0541 3.571, -0.2832 -0.0574 3.6964, -0.2963 -0.057 3.6827, -0.2839 -0.1041 3.6833, -0.3127 -0.0566 3.6655, -0.336 -0.0557 3.6305, -0.1599 -0.0589 3.7556, -0.161 -0.0589 3.7553, -0.1818 -0.0666 3.7499, -0.1839 -0.0588 3.7491, -0.237 -0.0869 3.7238, -0.2038 -0.0586 3.7437, -0.2428 -0.0581 3.7254, -0.2454 -0.0581 3.7236, -0.2779 -0.0575 3.701, -0.1632 -0.1042 3.7499, -0.059 -0.1599 3.7556, -0.1042 -0.1631 3.7499, -0.059 -0.1609 3.7553, -0.0588 -0.1839 3.7491, -0.0667 -0.1817 3.7499, -0.0587 -0.2038 3.7437, -0.0869 -0.2369 3.7238, -0.0582 -0.2428 3.7254, -0.0582 -0.2454 3.7236, -0.0576 -0.2778 3.701, -0.1041 -0.2838 3.6833, -0.0574 -0.2832 3.6964, -0.1172 -0.3194 3.6312, -0.0566 -0.3126 3.6655, -0.0571 -0.2962 3.6827, -0.0537 -0.363 3.5524, -0.0542 -0.3583 3.571, -0.1251 -0.341 3.5712, -0.0547 -0.3531 3.5916, -0.0557 -0.3359 3.6305, -0.0525 -0.3662 3.5072, -0.0953 -0.3554 3.5072, -0.1274 -0.3473 3.5072, -0.1844 -0.3191 3.5072, -0.2867 -0.1831 3.6312, -0.2548 -0.1627 3.6833, -0.2127 -0.1358 3.7238, -0.1992 -0.3118 3.5072, -0.1956 -0.3061 3.5712, -0.1832 -0.2867 3.6312, -0.1628 -0.2548 3.6833, -0.1359 -0.2126 3.7238, -0.2616 -0.2616 3.5072, -0.2569 -0.2568 3.5712, -0.2406 -0.2405 3.6312, -0.2138 -0.2138 3.6833, -0.1785 -0.1784 3.7238, -0.1369 -0.1369 3.7499, 0.319 0.1843 3.5072, 0.3117 0.1991 3.5072, 0.306 0.1955 3.5712, 0.0535 0.3635 3.5496, 0.0541 0.3584 3.571, 0.125 0.341 3.5712, 0.1361 0.059 3.7588, 0.1631 0.0589 3.7541, 0.1817 0.0666 3.7499, 0.3554 0.0953 3.5072, 0.3473 0.1274 3.5072, 0.341 0.125 3.5712, 0.3661 0.0524 3.5072, 0.3634 0.0535 3.5496, 0.3583 0.0541 3.571, 0.3542 0.0546 3.5883, 0.3376 0.0556 3.6275, 0.3193 0.1171 3.6312, 0.3352 0.0557 3.6311, 0.3161 0.0565 3.6609, 0.2838 0.1041 3.6833, 0.2962 0.057 3.6828, 0.2369 0.0869 3.7238, 0.2451 0.0581 3.7232, 0.256 0.0579 3.7172, 0.2873 0.0573 3.6926, 0.1802 0.0588 3.7511, 0.1842 0.0588 3.7497, 0.218 0.0585 3.7379, 0.1631 0.1042 3.7499, 0.1095 0.07 3.76, 0.1158 0.0591 3.76, 0.059 0.1158 3.76, 0.0699 0.1096 3.76, 0.059 0.1362 3.7588, 0.1041 0.1631 3.7499, 0.0589 0.1631 3.7541, 0.0666 0.1817 3.7499, 0.0587 0.1842 3.7497, 0.0588 0.1802 3.7511, 0.0584 0.2181 3.7379, 0.0868 0.2369 3.7238, 0.058 0.2451 3.7232, 0.104 0.2838 3.6833, 0.0572 0.2874 3.6926, 0.0579 0.256 3.7172, 0.1171 0.3194 3.6312, 0.0564 0.3161 3.6609, 0.057 0.2963 3.6828, 0.0545 0.3543 3.5883, 0.0555 0.3376 3.6275, 0.0556 0.3353 3.6311, 0.0524 0.3662 3.5072, 0.0952 0.3554 3.5072, 0.1273 0.3473 3.5072, 0.1843 0.3191 3.5072, 0.2866 0.1831 3.6312, 0.2547 0.1627 3.6833, 0.2126 0.1358 3.7238, 0.1991 0.3118 3.5072, 0.1955 0.3061 3.5712, 0.1831 0.2867 3.6312, 0.1627 0.2548 3.6833, 0.1358 0.2126 3.7238, 0.2615 0.2616 3.5072, 0.2568 0.2568 3.5712, 0.2405 0.2405 3.6312, 0.2137 0.2138 3.6833, 0.1784 0.1784 3.7238, 0.1368 0.1369 3.7499, 0.0919 0.0919 3.76, 0.1843 -0.3191 3.5072, 0.1991 -0.3118 3.5072, 0.1955 -0.3061 3.5712, 0.3634 -0.0535 3.5496, 0.3583 -0.0541 3.571, 0.341 -0.125 3.5712, 0.1361 -0.059 3.7588, 0.1631 -0.1042 3.7499, 0.1631 -0.0589 3.7541, 0.1817 -0.0666 3.7499, 0.1842 -0.0588 3.7497, 0.1802 -0.0588 3.7511, 0.218 -0.0585 3.7379, 0.2369 -0.0869 3.7238, 0.2451 -0.0581 3.7232, 0.2838 -0.1041 3.6833, 0.2873 -0.0573 3.6926, 0.256 -0.0579 3.7172, 0.3193 -0.1171 3.6312, 0.3161 -0.0565 3.6609, 0.2962 -0.057 3.6828, 0.3542 -0.0546 3.5883, 0.3376 -0.0556 3.6275, 0.3352 -0.0557 3.6311, 0.3661 -0.0524 3.5072, 0.3554 -0.0953 3.5072, 0.3473 -0.1274 3.5072, 0.319 -0.1843 3.5072, 0.1273 -0.3473 3.5072, 0.125 -0.341 3.5712, 0.0952 -0.3554 3.5072, 0.0536 -0.363 3.5524, 0.0524 -0.3662 3.5072, 0.1171 -0.3194 3.6312, 0.0546 -0.3531 3.5916, 0.0541 -0.3583 3.571, 0.0573 -0.2832 3.6964, 0.057 -0.2962 3.6827, 0.104 -0.2838 3.6833, 0.0565 -0.3126 3.6655, 0.0556 -0.3359 3.6305, 0.0589 -0.1599 3.7556, 0.0589 -0.1609 3.7553, 0.0666 -0.1817 3.7499, 0.0587 -0.1839 3.7491, 0.0868 -0.2369 3.7238, 0.0586 -0.2038 3.7437, 0.0581 -0.2428 3.7254, 0.0581 -0.2454 3.7236, 0.0575 -0.2778 3.701, 0.1041 -0.1631 3.7499, 0.1831 -0.2867 3.6312, 0.1627 -0.2548 3.6833, 0.1358 -0.2126 3.7238, 0.3117 -0.1991 3.5072, 0.306 -0.1955 3.5712, 0.2866 -0.1831 3.6312, 0.2547 -0.1627 3.6833, 0.2126 -0.1358 3.7238, 0.2615 -0.2616 3.5072, 0.2568 -0.2568 3.5712, 0.2405 -0.2405 3.6312, 0.2137 -0.2138 3.6833, 0.1784 -0.1784 3.7238, 0.1368 -0.1369 3.7499, 0.0023 0.3198 1.5947, 0.3198 -0.0024 1.5947, -0.0024 -0.3198 1.5947, -0.3199 0.0024 1.5947, -0.3075 0.0824 1.5354, -0.3199 -0.0 1.5947, -0.3183 -0.0 1.5354, -0.3199 -0.0024 1.5947, -0.3075 -0.0824 1.5354, -0.0824 -0.3075 1.5354, -0.0001 -0.3198 1.5947, -0.0001 -0.3183 1.5354, 0.0023 -0.3198 1.5947, 0.0823 -0.3075 1.5354, 0.3074 -0.0824 1.5354, 0.3198 -0.0 1.5947, 0.3182 -0.0 1.5354, 0.3198 0.0024 1.5947, 0.3074 0.0824 1.5354, 0.0823 0.3075 1.5354, -0.0001 0.3198 1.5947, -0.0001 0.3183 1.5354, -0.0024 0.3198 1.5947, -0.0824 0.3075 1.5354, 0.2756 -0.1591 1.5354, 0.225 -0.2251 1.5354, 0.1591 -0.2757 1.5354, -0.1592 -0.2757 1.5354, -0.2251 -0.2251 1.5354, -0.2757 -0.1591 1.5354, -0.2757 0.1591 1.5354, -0.2251 0.2251 1.5354, -0.1592 0.2757 1.5354, 0.1591 0.2757 1.5354, 0.225 0.2251 1.5354, 0.2756 0.1591 1.5354, -1.3189 -0.0591 3.76, -1.3189 -0.1158 3.76, -1.308 -0.1096 3.76, -1.2861 -0.0919 3.76, -1.2684 -0.07 3.76, -1.2622 -0.0591 3.76, -1.4371 0.0591 3.76, -1.4371 0.1158 3.76, -1.448 0.1096 3.76, -1.4699 0.0919 3.76, -1.4876 0.07 3.76, -1.4938 0.0591 3.76, -1.4371 -0.0591 3.76, -1.4938 -0.0591 3.76, -1.4876 -0.07 3.76, -1.4699 -0.0919 3.76, -1.448 -0.1096 3.76, -1.4371 -0.1158 3.76, -1.5623 0.3191 3.5072, -1.5771 0.3118 3.5072, -1.5735 0.3061 3.5712, -1.437 0.1362 3.7588, -1.4369 0.1631 3.7541, -1.4446 0.1817 3.7499, -1.4733 0.3554 3.5072, -1.5054 0.3473 3.5072, -1.503 0.341 3.5712, -1.5379 0.0589 3.7556, -1.5411 0.1042 3.7499, -1.5389 0.0589 3.7553, -1.5619 0.0588 3.7491, -1.5597 0.0666 3.7499, -1.5818 0.0586 3.7437, -1.6149 0.0869 3.7238, -1.6208 0.0581 3.7254, -1.6234 0.0581 3.7236, -1.6558 0.0575 3.701, -1.6618 0.1041 3.6833, -1.6612 0.0574 3.6964, -1.6974 0.1171 3.6312, -1.6906 0.0566 3.6655, -1.6742 0.057 3.6827, -1.741 0.0536 3.5524, -1.7363 0.0541 3.571, -1.719 0.125 3.5712, -1.7312 0.0546 3.5916, -1.714 0.0557 3.6305, -1.7442 0.0524 3.5072, -1.7334 0.0953 3.5072, -1.7253 0.1274 3.5072, -1.6971 0.1843 3.5072, -1.4304 0.3662 3.5072, -1.4315 0.3635 3.5496, -1.4321 0.3584 3.571, -1.4326 0.3543 3.5883, -1.4336 0.3376 3.6275, -1.4951 0.3194 3.6312, -1.4337 0.3353 3.6311, -1.4345 0.3161 3.6609, -1.4821 0.2838 3.6833, -1.435 0.2963 3.6828, -1.4649 0.2369 3.7238, -1.4361 0.2451 3.7232, -1.4359 0.256 3.7172, -1.4353 0.2874 3.6926, -1.4368 0.1802 3.7511, -1.4368 0.1842 3.7497, -1.4365 0.2181 3.7379, -1.4822 0.1631 3.7499, -1.5611 0.2867 3.6312, -1.5407 0.2548 3.6833, -1.5138 0.2126 3.7238, -1.6898 0.1991 3.5072, -1.6841 0.1955 3.5712, -1.6647 0.1831 3.6312, -1.6328 0.1627 3.6833, -1.5906 0.1358 3.7238, -1.6396 0.2616 3.5072, -1.6348 0.2568 3.5712, -1.6185 0.2405 3.6312, -1.5918 0.2138 3.6833, -1.5564 0.1784 3.7238, -1.5149 0.1369 3.7499, -1.6971 -0.1843 3.5072, -1.6898 -0.1991 3.5072, -1.6841 -0.1955 3.5712, -1.7253 -0.1274 3.5072, -1.719 -0.125 3.5712, -1.7334 -0.0953 3.5072, -1.741 -0.0536 3.5524, -1.7442 -0.0524 3.5072, -1.6974 -0.1171 3.6312, -1.7312 -0.0546 3.5916, -1.7363 -0.0541 3.571, -1.6612 -0.0574 3.6964, -1.6742 -0.057 3.6827, -1.6618 -0.1041 3.6833, -1.6906 -0.0566 3.6655, -1.714 -0.0557 3.6305, -1.5379 -0.0589 3.7556, -1.5389 -0.0589 3.7553, -1.5597 -0.0666 3.7499, -1.5619 -0.0588 3.7491, -1.6149 -0.0869 3.7238, -1.5818 -0.0586 3.7437, -1.6208 -0.0581 3.7254, -1.6234 -0.0581 3.7236, -1.6558 -0.0575 3.701, -1.5411 -0.1042 3.7499, -1.4369 -0.1599 3.7556, -1.4822 -0.1631 3.7499, -1.4369 -0.1609 3.7553, -1.4368 -0.1839 3.7491, -1.4446 -0.1817 3.7499, -1.4366 -0.2038 3.7437, -1.4649 -0.2369 3.7238, -1.4362 -0.2428 3.7254, -1.4361 -0.2454 3.7236, -1.4355 -0.2778 3.701, -1.4821 -0.2838 3.6833, -1.4354 -0.2832 3.6964, -1.4951 -0.3194 3.6312, -1.4346 -0.3126 3.6655, -1.435 -0.2962 3.6827, -1.4316 -0.363 3.5524, -1.4321 -0.3583 3.571, -1.503 -0.341 3.5712, -1.4326 -0.3531 3.5916, -1.4337 -0.3359 3.6305, -1.4304 -0.3662 3.5072, -1.4733 -0.3554 3.5072, -1.5054 -0.3473 3.5072, -1.5623 -0.3191 3.5072, -1.6647 -0.1831 3.6312, -1.6328 -0.1627 3.6833, -1.5906 -0.1358 3.7238, -1.5771 -0.3118 3.5072, -1.5735 -0.3061 3.5712, -1.5611 -0.2867 3.6312, -1.5407 -0.2548 3.6833, -1.5138 -0.2126 3.7238, -1.6396 -0.2616 3.5072, -1.6348 -0.2568 3.5712, -1.6185 -0.2405 3.6312, -1.5918 -0.2138 3.6833, -1.5564 -0.1784 3.7238, -1.5149 -0.1369 3.7499, -1.0589 0.1843 3.5072, -1.0662 0.1991 3.5072, -1.0719 0.1955 3.5712, -1.3245 0.3635 3.5496, -1.3239 0.3584 3.571, -1.253 0.341 3.5712, -1.2418 0.059 3.7588, -1.2149 0.0589 3.7541, -1.1963 0.0666 3.7499, -1.0226 0.0953 3.5072, -1.0307 0.1274 3.5072, -1.037 0.125 3.5712, -1.0118 0.0524 3.5072, -1.0146 0.0535 3.5496, -1.0196 0.0541 3.571, -1.0237 0.0546 3.5883, -1.0404 0.0556 3.6275, -1.0586 0.1171 3.6312, -1.0427 0.0557 3.6311, -1.0619 0.0565 3.6609, -1.0942 0.1041 3.6833, -1.0817 0.057 3.6828, -1.1411 0.0869 3.7238, -1.1329 0.0581 3.7232, -1.122 0.0579 3.7172, -1.0906 0.0573 3.6926, -1.1978 0.0588 3.7511, -1.1938 0.0588 3.7497, -1.1599 0.0585 3.7379, -1.2149 0.1042 3.7499, -1.2684 0.07 3.76, -1.2622 0.0591 3.76, -1.3189 0.1158 3.76, -1.308 0.1096 3.76, -1.319 0.1362 3.7588, -1.2738 0.1631 3.7499, -1.3191 0.1631 3.7541, -1.3114 0.1817 3.7499, -1.3192 0.1842 3.7497, -1.3192 0.1802 3.7511, -1.3195 0.2181 3.7379, -1.2911 0.2369 3.7238, -1.3199 0.2451 3.7232, -1.2739 0.2838 3.6833, -1.3207 0.2874 3.6926, -1.3201 0.256 3.7172, -1.2609 0.3194 3.6312, -1.3215 0.3161 3.6609, -1.321 0.2963 3.6828, -1.3234 0.3543 3.5883, -1.3224 0.3376 3.6275, -1.3223 0.3353 3.6311, -1.3256 0.3662 3.5072, -1.2827 0.3554 3.5072, -1.2506 0.3473 3.5072, -1.1937 0.3191 3.5072, -1.0913 0.1831 3.6312, -1.1232 0.1627 3.6833, -1.1654 0.1358 3.7238, -1.1789 0.3118 3.5072, -1.1825 0.3061 3.5712, -1.1949 0.2867 3.6312, -1.2153 0.2548 3.6833, -1.2422 0.2126 3.7238, -1.1164 0.2616 3.5072, -1.1212 0.2568 3.5712, -1.1375 0.2405 3.6312, -1.1642 0.2138 3.6833, -1.1996 0.1784 3.7238, -1.2411 0.1369 3.7499, -1.2861 0.0919 3.76, -1.1937 -0.3191 3.5072, -1.1789 -0.3118 3.5072, -1.1825 -0.3061 3.5712, -1.0146 -0.0535 3.5496, -1.0196 -0.0541 3.571, -1.037 -0.125 3.5712, -1.2418 -0.059 3.7588, -1.2149 -0.1042 3.7499, -1.2149 -0.0589 3.7541, -1.1963 -0.0666 3.7499, -1.1938 -0.0588 3.7497, -1.1978 -0.0588 3.7511, -1.1599 -0.0585 3.7379, -1.1411 -0.0869 3.7238, -1.1329 -0.0581 3.7232, -1.0942 -0.1041 3.6833, -1.0906 -0.0573 3.6926, -1.122 -0.0579 3.7172, -1.0586 -0.1171 3.6312, -1.0619 -0.0565 3.6609, -1.0817 -0.057 3.6828, -1.0237 -0.0546 3.5883, -1.0404 -0.0556 3.6275, -1.0427 -0.0557 3.6311, -1.0118 -0.0524 3.5072, -1.0226 -0.0953 3.5072, -1.0307 -0.1274 3.5072, -1.0589 -0.1843 3.5072, -1.2506 -0.3473 3.5072, -1.253 -0.341 3.5712, -1.2827 -0.3554 3.5072, -1.3244 -0.363 3.5524, -1.3256 -0.3662 3.5072, -1.2609 -0.3194 3.6312, -1.3234 -0.3531 3.5916, -1.3239 -0.3583 3.571, -1.3206 -0.2832 3.6964, -1.321 -0.2962 3.6827, -1.2739 -0.2838 3.6833, -1.3214 -0.3126 3.6655, -1.3223 -0.3359 3.6305, -1.3191 -0.1599 3.7556, -1.3191 -0.1609 3.7553, -1.3114 -0.1817 3.7499, -1.3192 -0.1839 3.7491, -1.2911 -0.2369 3.7238, -1.3194 -0.2038 3.7437, -1.3199 -0.2428 3.7254, -1.3199 -0.2454 3.7236, -1.3205 -0.2778 3.701, -1.2738 -0.1631 3.7499, -1.1949 -0.2867 3.6312, -1.2153 -0.2548 3.6833, -1.2422 -0.2126 3.7238, -1.0662 -0.1991 3.5072, -1.0719 -0.1955 3.5712, -1.0913 -0.1831 3.6312, -1.1232 -0.1627 3.6833, -1.1654 -0.1358 3.7238, -1.1164 -0.2616 3.5072, -1.1212 -0.2568 3.5712, -1.1375 -0.2405 3.6312, -1.1642 -0.2138 3.6833, -1.1996 -0.1784 3.7238, -1.2411 -0.1369 3.7499, -1.3756 0.3198 1.5947, -1.0582 -0.0024 1.5947, -1.3804 -0.3198 1.5947, -1.6978 0.0024 1.5947, -1.6855 0.0824 1.5354, -1.6979 -0.0 1.5947, -1.6963 -0.0 1.5354, -1.6978 -0.0024 1.5947, -1.6855 -0.0824 1.5354, -1.4604 -0.3075 1.5354, -1.378 -0.3198 1.5947, -1.378 -0.3183 1.5354, -1.3756 -0.3198 1.5947, -1.2956 -0.3075 1.5354, -1.0706 -0.0824 1.5354, -1.0582 -0.0 1.5947, -1.0597 -0.0 1.5354, -1.0582 0.0024 1.5947, -1.0706 0.0824 1.5354, -1.2956 0.3075 1.5354, -1.378 0.3198 1.5947, -1.378 0.3183 1.5354, -1.3804 0.3198 1.5947, -1.4604 0.3075 1.5354, -1.1023 -0.1591 1.5354, -1.1529 -0.2251 1.5354, -1.2189 -0.2757 1.5354, -1.5372 -0.2757 1.5354, -1.6031 -0.2251 1.5354, -1.6537 -0.1591 1.5354, -1.6537 0.1591 1.5354, -1.6031 0.2251 1.5354, -1.5372 0.2757 1.5354, -1.2189 0.2757 1.5354, -1.1529 0.2251 1.5354, -1.1023 0.1591 1.5354
            ]
        }
        coordIndex [
            0,1,2,-1,2,3,0,-1,0,3,4,-1,0,4,5,-1,6,7,8,-1,8,9,6,-1,6,9,10,-1,6,10,11,-1,12,13,14,-1,14,15,12,-1,12,15,16,-1,12,16,17,-1,18,19,20,-1,21,22,23,-1,24,25,26,-1,11,10,27,-1,27,10,28,-1,27,28,29,-1,30,31,32,-1,32,31,33,-1,32,33,34,-1,34,33,35,-1,35,33,36,-1,36,33,37,-1,36,37,38,-1,39,40,37,-1,37,40,41,-1,37,41,38,-1,42,43,44,-1,44,43,45,-1,44,45,39,-1,39,45,46,-1,39,46,40,-1,47,42,48,-1,48,42,44,-1,48,44,49,-1,49,44,50,-1,51,24,52,-1,52,24,26,-1,52,26,53,-1,53,26,54,-1,54,26,55,-1,55,26,56,-1,55,56,57,-1,57,56,58,-1,58,56,59,-1,58,59,60,-1,61,62,63,-1,61,63,59,-1,59,63,64,-1,59,64,60,-1,22,65,23,-1,23,65,66,-1,23,66,61,-1,61,66,67,-1,61,67,62,-1,68,8,7,-1,25,18,26,-1,26,18,20,-1,26,20,56,-1,56,20,69,-1,56,69,59,-1,59,69,70,-1,59,70,61,-1,61,70,71,-1,61,71,23,-1,23,71,68,-1,23,68,21,-1,21,68,7,-1,72,50,73,-1,73,50,44,-1,73,44,74,-1,74,44,39,-1,74,39,75,-1,75,39,37,-1,75,37,76,-1,76,37,33,-1,76,33,28,-1,28,33,31,-1,28,31,29,-1,29,31,30,-1,19,77,20,-1,20,77,78,-1,20,78,69,-1,69,78,79,-1,69,79,70,-1,70,79,80,-1,70,80,71,-1,71,80,81,-1,71,81,68,-1,68,81,82,-1,68,82,8,-1,8,82,9,-1,77,72,78,-1,78,72,73,-1,78,73,79,-1,79,73,74,-1,79,74,80,-1,80,74,75,-1,80,75,81,-1,81,75,76,-1,81,76,82,-1,82,76,28,-1,82,28,9,-1,9,28,10,-1,83,84,85,-1,86,87,88,-1,88,87,89,-1,88,89,90,-1,91,92,87,-1,87,92,93,-1,87,93,89,-1,94,95,96,-1,96,95,97,-1,96,97,91,-1,91,97,98,-1,91,98,92,-1,99,100,101,-1,101,100,102,-1,101,102,103,-1,103,102,104,-1,104,105,103,-1,103,105,106,-1,103,106,96,-1,96,106,107,-1,96,107,94,-1,108,14,13,-1,17,16,109,-1,109,16,110,-1,109,110,111,-1,112,113,114,-1,114,113,115,-1,114,115,116,-1,116,115,117,-1,117,115,118,-1,118,115,119,-1,118,119,120,-1,121,122,119,-1,119,122,123,-1,119,123,120,-1,124,125,126,-1,126,125,127,-1,126,127,121,-1,121,127,128,-1,121,128,122,-1,129,124,130,-1,130,124,126,-1,130,126,131,-1,131,126,132,-1,86,83,87,-1,87,83,85,-1,87,85,91,-1,91,85,133,-1,91,133,96,-1,96,133,134,-1,96,134,103,-1,103,134,135,-1,103,135,101,-1,101,135,108,-1,101,108,99,-1,99,108,13,-1,136,132,137,-1,137,132,126,-1,137,126,138,-1,138,126,121,-1,138,121,139,-1,139,121,119,-1,139,119,140,-1,140,119,115,-1,140,115,110,-1,110,115,113,-1,110,113,111,-1,111,113,112,-1,84,141,85,-1,85,141,142,-1,85,142,133,-1,133,142,143,-1,133,143,134,-1,134,143,144,-1,134,144,135,-1,135,144,145,-1,135,145,108,-1,108,145,146,-1,108,146,14,-1,14,146,15,-1,141,136,142,-1,142,136,137,-1,142,137,143,-1,143,137,138,-1,143,138,144,-1,144,138,139,-1,144,139,145,-1,145,139,140,-1,145,140,146,-1,146,140,110,-1,146,110,15,-1,15,110,16,-1,147,148,149,-1,150,151,152,-1,153,154,155,-1,156,157,158,-1,159,156,160,-1,160,156,158,-1,160,158,161,-1,161,158,162,-1,162,158,163,-1,163,158,164,-1,163,164,165,-1,165,164,166,-1,166,164,167,-1,166,167,168,-1,169,170,171,-1,169,171,167,-1,167,171,172,-1,167,172,168,-1,154,173,155,-1,155,173,174,-1,155,174,169,-1,169,174,175,-1,169,175,170,-1,176,177,178,-1,179,180,181,-1,181,180,182,-1,181,182,183,-1,184,185,186,-1,185,184,187,-1,187,184,188,-1,187,188,189,-1,190,191,188,-1,188,191,192,-1,188,192,189,-1,193,194,190,-1,190,194,195,-1,190,195,191,-1,151,196,152,-1,152,196,197,-1,152,197,193,-1,193,197,198,-1,193,198,194,-1,199,150,200,-1,200,150,152,-1,200,152,201,-1,201,152,202,-1,157,147,158,-1,158,147,149,-1,158,149,164,-1,164,149,203,-1,164,203,167,-1,167,203,204,-1,167,204,169,-1,169,204,205,-1,169,205,155,-1,155,205,176,-1,155,176,153,-1,153,176,178,-1,206,202,207,-1,207,202,152,-1,207,152,208,-1,208,152,193,-1,208,193,209,-1,209,193,190,-1,209,190,210,-1,210,190,188,-1,210,188,182,-1,182,188,184,-1,182,184,183,-1,183,184,186,-1,148,211,149,-1,149,211,212,-1,149,212,203,-1,203,212,213,-1,203,213,204,-1,204,213,214,-1,204,214,205,-1,205,214,215,-1,205,215,176,-1,176,215,216,-1,176,216,177,-1,177,216,217,-1,211,206,212,-1,212,206,207,-1,212,207,213,-1,213,207,208,-1,213,208,214,-1,214,208,209,-1,214,209,215,-1,215,209,210,-1,215,210,216,-1,216,210,182,-1,216,182,217,-1,217,182,180,-1,218,219,220,-1,221,222,223,-1,5,4,224,-1,224,4,225,-1,224,225,226,-1,227,228,229,-1,228,227,230,-1,230,227,231,-1,230,231,232,-1,233,234,231,-1,231,234,235,-1,231,235,232,-1,236,237,233,-1,233,237,238,-1,233,238,234,-1,222,239,223,-1,223,239,240,-1,223,240,236,-1,236,240,241,-1,236,241,237,-1,242,221,243,-1,243,221,223,-1,243,223,244,-1,244,223,245,-1,246,247,248,-1,248,247,249,-1,248,249,250,-1,251,252,247,-1,247,252,253,-1,247,253,249,-1,254,255,256,-1,256,255,257,-1,256,257,251,-1,251,257,258,-1,251,258,252,-1,259,260,261,-1,261,260,262,-1,261,262,263,-1,263,262,264,-1,264,265,263,-1,263,265,266,-1,263,266,256,-1,256,266,267,-1,256,267,254,-1,268,2,1,-1,246,218,247,-1,247,218,220,-1,247,220,251,-1,251,220,269,-1,251,269,256,-1,256,269,270,-1,256,270,263,-1,263,270,271,-1,263,271,261,-1,261,271,268,-1,261,268,259,-1,259,268,1,-1,272,245,273,-1,273,245,223,-1,273,223,274,-1,274,223,236,-1,274,236,275,-1,275,236,233,-1,275,233,276,-1,276,233,231,-1,276,231,225,-1,225,231,227,-1,225,227,226,-1,226,227,229,-1,219,277,220,-1,220,277,278,-1,220,278,269,-1,269,278,279,-1,269,279,270,-1,270,279,280,-1,270,280,271,-1,271,280,281,-1,271,281,268,-1,268,281,282,-1,268,282,2,-1,2,282,3,-1,277,272,278,-1,278,272,273,-1,278,273,279,-1,279,273,274,-1,279,274,280,-1,280,274,275,-1,280,275,281,-1,281,275,276,-1,281,276,282,-1,282,276,225,-1,282,225,3,-1,3,225,4,-1,283,199,200,-1,284,242,243,-1,285,129,130,-1,286,47,48,-1,286,287,288,-1,288,287,289,-1,288,289,290,-1,290,289,291,-1,290,291,90,-1,285,292,293,-1,293,292,294,-1,293,294,295,-1,295,294,296,-1,295,296,250,-1,284,297,298,-1,298,297,299,-1,298,299,300,-1,300,299,301,-1,300,301,159,-1,283,302,303,-1,303,302,304,-1,303,304,305,-1,305,304,306,-1,305,306,51,-1,284,243,297,-1,297,243,244,-1,297,244,307,-1,244,245,307,-1,307,245,272,-1,307,272,308,-1,272,277,308,-1,308,277,219,-1,308,219,309,-1,219,218,309,-1,309,218,246,-1,309,246,296,-1,296,246,248,-1,296,248,250,-1,285,130,292,-1,292,130,131,-1,292,131,310,-1,131,132,310,-1,310,132,136,-1,310,136,311,-1,136,141,311,-1,311,141,84,-1,311,84,312,-1,84,83,312,-1,312,83,86,-1,312,86,291,-1,291,86,88,-1,291,88,90,-1,286,48,287,-1,287,48,49,-1,287,49,313,-1,49,50,313,-1,313,50,72,-1,313,72,314,-1,72,77,314,-1,314,77,19,-1,314,19,315,-1,19,18,315,-1,315,18,25,-1,315,25,306,-1,306,25,24,-1,306,24,51,-1,283,200,302,-1,302,200,201,-1,302,201,316,-1,201,202,316,-1,316,202,206,-1,316,206,317,-1,206,211,317,-1,317,211,148,-1,317,148,318,-1,148,147,318,-1,318,147,157,-1,318,157,301,-1,301,157,156,-1,301,156,159,-1,319,320,321,-1,321,322,319,-1,319,322,323,-1,319,323,324,-1,325,326,327,-1,327,328,325,-1,325,328,329,-1,325,329,330,-1,331,332,333,-1,333,334,331,-1,331,334,335,-1,331,335,336,-1,337,338,339,-1,340,341,342,-1,343,344,345,-1,330,329,346,-1,346,329,347,-1,346,347,348,-1,349,350,351,-1,351,350,352,-1,351,352,353,-1,353,352,354,-1,354,352,355,-1,355,352,356,-1,355,356,357,-1,358,359,356,-1,356,359,360,-1,356,360,357,-1,361,362,363,-1,363,362,364,-1,363,364,358,-1,358,364,365,-1,358,365,359,-1,366,361,367,-1,367,361,363,-1,367,363,368,-1,368,363,369,-1,370,343,371,-1,371,343,345,-1,371,345,372,-1,372,345,373,-1,373,345,374,-1,374,345,375,-1,374,375,376,-1,376,375,377,-1,377,375,378,-1,377,378,379,-1,380,381,382,-1,380,382,378,-1,378,382,383,-1,378,383,379,-1,341,384,342,-1,342,384,385,-1,342,385,380,-1,380,385,386,-1,380,386,381,-1,387,327,326,-1,344,337,345,-1,345,337,339,-1,345,339,375,-1,375,339,388,-1,375,388,378,-1,378,388,389,-1,378,389,380,-1,380,389,390,-1,380,390,342,-1,342,390,387,-1,342,387,340,-1,340,387,326,-1,391,369,392,-1,392,369,363,-1,392,363,393,-1,393,363,358,-1,393,358,394,-1,394,358,356,-1,394,356,395,-1,395,356,352,-1,395,352,347,-1,347,352,350,-1,347,350,348,-1,348,350,349,-1,338,396,339,-1,339,396,397,-1,339,397,388,-1,388,397,398,-1,388,398,389,-1,389,398,399,-1,389,399,390,-1,390,399,400,-1,390,400,387,-1,387,400,401,-1,387,401,327,-1,327,401,328,-1,396,391,397,-1,397,391,392,-1,397,392,398,-1,398,392,393,-1,398,393,399,-1,399,393,394,-1,399,394,400,-1,400,394,395,-1,400,395,401,-1,401,395,347,-1,401,347,328,-1,328,347,329,-1,402,403,404,-1,405,406,407,-1,407,406,408,-1,407,408,409,-1,410,411,406,-1,406,411,412,-1,406,412,408,-1,413,414,415,-1,415,414,416,-1,415,416,410,-1,410,416,417,-1,410,417,411,-1,418,419,420,-1,420,419,421,-1,420,421,422,-1,422,421,423,-1,423,424,422,-1,422,424,425,-1,422,425,415,-1,415,425,426,-1,415,426,413,-1,427,333,332,-1,336,335,428,-1,428,335,429,-1,428,429,430,-1,431,432,433,-1,433,432,434,-1,433,434,435,-1,435,434,436,-1,436,434,437,-1,437,434,438,-1,437,438,439,-1,440,441,438,-1,438,441,442,-1,438,442,439,-1,443,444,445,-1,445,444,446,-1,445,446,440,-1,440,446,447,-1,440,447,441,-1,448,443,449,-1,449,443,445,-1,449,445,450,-1,450,445,451,-1,405,402,406,-1,406,402,404,-1,406,404,410,-1,410,404,452,-1,410,452,415,-1,415,452,453,-1,415,453,422,-1,422,453,454,-1,422,454,420,-1,420,454,427,-1,420,427,418,-1,418,427,332,-1,455,451,456,-1,456,451,445,-1,456,445,457,-1,457,445,440,-1,457,440,458,-1,458,440,438,-1,458,438,459,-1,459,438,434,-1,459,434,429,-1,429,434,432,-1,429,432,430,-1,430,432,431,-1,403,460,404,-1,404,460,461,-1,404,461,452,-1,452,461,462,-1,452,462,453,-1,453,462,463,-1,453,463,454,-1,454,463,464,-1,454,464,427,-1,427,464,465,-1,427,465,333,-1,333,465,334,-1,460,455,461,-1,461,455,456,-1,461,456,462,-1,462,456,457,-1,462,457,463,-1,463,457,458,-1,463,458,464,-1,464,458,459,-1,464,459,465,-1,465,459,429,-1,465,429,334,-1,334,429,335,-1,466,467,468,-1,469,470,471,-1,472,473,474,-1,475,476,477,-1,478,475,479,-1,479,475,477,-1,479,477,480,-1,480,477,481,-1,481,477,482,-1,482,477,483,-1,482,483,484,-1,484,483,485,-1,485,483,486,-1,485,486,487,-1,488,489,490,-1,488,490,486,-1,486,490,491,-1,486,491,487,-1,473,492,474,-1,474,492,493,-1,474,493,488,-1,488,493,494,-1,488,494,489,-1,495,496,497,-1,498,499,500,-1,500,499,501,-1,500,501,502,-1,503,504,505,-1,504,503,506,-1,506,503,507,-1,506,507,508,-1,509,510,507,-1,507,510,511,-1,507,511,508,-1,512,513,509,-1,509,513,514,-1,509,514,510,-1,470,515,471,-1,471,515,516,-1,471,516,512,-1,512,516,517,-1,512,517,513,-1,518,469,519,-1,519,469,471,-1,519,471,520,-1,520,471,521,-1,476,466,477,-1,477,466,468,-1,477,468,483,-1,483,468,522,-1,483,522,486,-1,486,522,523,-1,486,523,488,-1,488,523,524,-1,488,524,474,-1,474,524,495,-1,474,495,472,-1,472,495,497,-1,525,521,526,-1,526,521,471,-1,526,471,527,-1,527,471,512,-1,527,512,528,-1,528,512,509,-1,528,509,529,-1,529,509,507,-1,529,507,501,-1,501,507,503,-1,501,503,502,-1,502,503,505,-1,467,530,468,-1,468,530,531,-1,468,531,522,-1,522,531,532,-1,522,532,523,-1,523,532,533,-1,523,533,524,-1,524,533,534,-1,524,534,495,-1,495,534,535,-1,495,535,496,-1,496,535,536,-1,530,525,531,-1,531,525,526,-1,531,526,532,-1,532,526,527,-1,532,527,533,-1,533,527,528,-1,533,528,534,-1,534,528,529,-1,534,529,535,-1,535,529,501,-1,535,501,536,-1,536,501,499,-1,537,538,539,-1,540,541,542,-1,324,323,543,-1,543,323,544,-1,543,544,545,-1,546,547,548,-1,547,546,549,-1,549,546,550,-1,549,550,551,-1,552,553,550,-1,550,553,554,-1,550,554,551,-1,555,556,552,-1,552,556,557,-1,552,557,553,-1,541,558,542,-1,542,558,559,-1,542,559,555,-1,555,559,560,-1,555,560,556,-1,561,540,562,-1,562,540,542,-1,562,542,563,-1,563,542,564,-1,565,566,567,-1,567,566,568,-1,567,568,569,-1,570,571,566,-1,566,571,572,-1,566,572,568,-1,573,574,575,-1,575,574,576,-1,575,576,570,-1,570,576,577,-1,570,577,571,-1,578,579,580,-1,580,579,581,-1,580,581,582,-1,582,581,583,-1,583,584,582,-1,582,584,585,-1,582,585,575,-1,575,585,586,-1,575,586,573,-1,587,321,320,-1,565,537,566,-1,566,537,539,-1,566,539,570,-1,570,539,588,-1,570,588,575,-1,575,588,589,-1,575,589,582,-1,582,589,590,-1,582,590,580,-1,580,590,587,-1,580,587,578,-1,578,587,320,-1,591,564,592,-1,592,564,542,-1,592,542,593,-1,593,542,555,-1,593,555,594,-1,594,555,552,-1,594,552,595,-1,595,552,550,-1,595,550,544,-1,544,550,546,-1,544,546,545,-1,545,546,548,-1,538,596,539,-1,539,596,597,-1,539,597,588,-1,588,597,598,-1,588,598,589,-1,589,598,599,-1,589,599,590,-1,590,599,600,-1,590,600,587,-1,587,600,601,-1,587,601,321,-1,321,601,322,-1,596,591,597,-1,597,591,592,-1,597,592,598,-1,598,592,593,-1,598,593,599,-1,599,593,594,-1,599,594,600,-1,600,594,595,-1,600,595,601,-1,601,595,544,-1,601,544,322,-1,322,544,323,-1,602,518,519,-1,603,561,562,-1,604,448,449,-1,605,366,367,-1,605,606,607,-1,607,606,608,-1,607,608,609,-1,609,608,610,-1,609,610,409,-1,604,611,612,-1,612,611,613,-1,612,613,614,-1,614,613,615,-1,614,615,569,-1,603,616,617,-1,617,616,618,-1,617,618,619,-1,619,618,620,-1,619,620,478,-1,602,621,622,-1,622,621,623,-1,622,623,624,-1,624,623,625,-1,624,625,370,-1,603,562,616,-1,616,562,563,-1,616,563,626,-1,563,564,626,-1,626,564,591,-1,626,591,627,-1,591,596,627,-1,627,596,538,-1,627,538,628,-1,538,537,628,-1,628,537,565,-1,628,565,615,-1,615,565,567,-1,615,567,569,-1,604,449,611,-1,611,449,450,-1,611,450,629,-1,450,451,629,-1,629,451,455,-1,629,455,630,-1,455,460,630,-1,630,460,403,-1,630,403,631,-1,403,402,631,-1,631,402,405,-1,631,405,610,-1,610,405,407,-1,610,407,409,-1,605,367,606,-1,606,367,368,-1,606,368,632,-1,368,369,632,-1,632,369,391,-1,632,391,633,-1,391,396,633,-1,633,396,338,-1,633,338,634,-1,338,337,634,-1,634,337,344,-1,634,344,625,-1,625,344,343,-1,625,343,370,-1,602,519,621,-1,621,519,520,-1,621,520,635,-1,520,521,635,-1,635,521,525,-1,635,525,636,-1,525,530,636,-1,636,530,467,-1,636,467,637,-1,467,466,637,-1,637,466,476,-1,637,476,620,-1,620,476,475,-1,620,475,478,-1,
        ]
    }
}
Shape{
    appearance Appearance {
        material  Material 	{
            diffuseColor 1.0 0.7529411764705882 0.12156862745098039
            specularColor 0.5019607843137255 0.3764705882352941 0.058823529411764705
            ambientIntensity 0.7548
            transparency 0.0
            shininess 0.5
        }
    }
    geometry IndexedFaceSet {
        ccw TRUE
        solid FALSE
        coord DEF co Coordinate {
            point [
                -1.0597 -0.0 1.5354, -0.0824 -0.3075 1.5354, -0.1592 -0.2757 1.5354, -1.378 0.3183 1.5354, -1.2956 0.3075 1.5354, -0.7903 0.4134 1.5354, 1.603 -0.2251 1.5354, 1.5371 -0.2757 1.5354, 1.6896 -0.6473 1.5354, -0.0001 -0.7185 1.5354, 1.3779 -0.7185 1.5354, 0.1591 -0.2757 1.5354, -0.3183 -0.0 1.5354, -0.5877 0.4134 1.5354, -0.3075 -0.0824 1.5354, -0.2757 -0.1591 1.5354, 1.6536 0.1591 1.5354, 1.9397 0.448 1.5354, 1.603 0.2251 1.5354, 1.8259 0.5617 1.5354, 1.5371 0.2757 1.5354, 1.6896 0.6473 1.5354, 1.4603 0.3075 1.5354, 1.5378 0.7005 1.5354, 1.3779 0.3183 1.5354, 1.3779 0.7185 1.5354, 1.2955 0.3075 1.5354, -1.2189 0.2757 1.5354, -1.1529 0.2251 1.5354, -1.1023 0.1591 1.5354, -1.0706 0.0824 1.5354, -0.2251 -0.2251 1.5354, 1.5378 -0.7005 1.5354, 1.4603 -0.3075 1.5354, 1.3779 -0.3183 1.5354, 1.2955 -0.3075 1.5354, 1.2188 -0.2757 1.5354, 0.3182 -0.0 1.5354, 1.1528 -0.2251 1.5354, 1.1022 -0.1591 1.5354, 1.8259 -0.5617 1.5354, 1.9397 -0.448 1.5354, 1.6536 -0.1591 1.5354, 2.0253 -0.3117 1.5354, 1.6854 -0.0824 1.5354, 2.0784 -0.1599 1.5354, 1.6962 0.0 1.5354, 2.0964 -0.0 1.5354, 1.6854 0.0824 1.5354, 2.0784 0.1599 1.5354, 2.0253 0.3117 1.5354, 0.3074 -0.0824 1.5354, 0.2756 -0.1591 1.5354, 0.225 -0.2251 1.5354, -0.0824 0.3075 1.5354, -0.0001 0.3183 1.5354, -0.0001 0.7185 1.5354, 0.0823 0.3075 1.5354, 0.1591 0.2757 1.5354, 0.225 0.2251 1.5354, -1.4604 -0.3075 1.5354, -1.4794 -0.7113 1.5354, -1.378 -0.3183 1.5354, -1.3218 -0.7163 1.5354, -1.2956 -0.3075 1.5354, -1.1669 -0.6868 1.5354, -1.2189 -0.2757 1.5354, -1.0222 -0.6242 1.5354, -1.1529 -0.2251 1.5354, -0.8946 -0.5316 1.5354, -1.1023 -0.1591 1.5354, -0.7903 -0.4134 1.5354, -1.0706 -0.0824 1.5354, -0.5877 -0.4134 1.5354, -1.6855 0.0824 1.5354, -2.0922 0.0788 1.5354, -1.6963 -0.0 1.5354, -2.0922 -0.0788 1.5354, -1.6855 -0.0824 1.5354, -2.0578 -0.2327 1.5354, -1.6537 -0.1591 1.5354, -1.9907 -0.3754 1.5354, -1.6031 -0.2251 1.5354, -1.894 -0.5 1.5354, -1.5372 -0.2757 1.5354, -1.7726 -0.6005 1.5354, -1.6321 -0.6721 1.5354, -1.4604 0.3075 1.5354, -1.6321 0.6721 1.5354, -1.5372 0.2757 1.5354, -1.7726 0.6005 1.5354, -1.6031 0.2251 1.5354, -1.894 0.5 1.5354, -1.6537 0.1591 1.5354, -1.9907 0.3754 1.5354, -2.0578 0.2327 1.5354, -1.0222 0.6242 1.5354, -1.1669 0.6868 1.5354, 1.0705 -0.0824 1.5354, 1.0596 -0.0 1.5354, 0.3074 0.0824 1.5354, 1.0705 0.0824 1.5354, 0.2756 0.1591 1.5354, -0.8946 0.5316 1.5354, 0.0823 -0.3075 1.5354, -0.0001 -0.3183 1.5354, -0.1368 -0.7054 1.5354, -0.2686 -0.6664 1.5354, -0.3906 -0.6031 1.5354, -0.3075 0.0824 1.5354, -0.2757 0.1591 1.5354, -0.4983 0.5177 1.5354, -0.2251 0.2251 1.5354, -0.3906 0.6031 1.5354, -0.1592 0.2757 1.5354, -0.2686 0.6664 1.5354, -0.1368 0.7054 1.5354, 1.1022 0.1591 1.5354, 1.1528 0.2251 1.5354, 1.2188 0.2757 1.5354, -1.3218 0.7163 1.5354, -1.4794 0.7113 1.5354, -0.4983 -0.5177 1.5354
            ]
        }
        coordIndex [
            0,1,2,-1,3,4,5,-1,6,7,8,-1,9,10,11,-1,12,13,14,-1,14,13,15,-1,16,17,18,-1,18,17,19,-1,18,19,20,-1,20,19,21,-1,20,21,22,-1,22,21,23,-1,22,23,24,-1,24,23,25,-1,24,25,26,-1,4,27,5,-1,5,27,28,-1,5,28,13,-1,28,29,13,-1,13,29,30,-1,13,30,15,-1,15,30,0,-1,15,0,31,-1,31,0,2,-1,8,7,32,-1,32,7,33,-1,32,33,10,-1,10,33,34,-1,10,34,35,-1,35,36,37,-1,37,36,38,-1,37,38,39,-1,8,40,6,-1,6,40,41,-1,6,41,42,-1,42,41,43,-1,42,43,44,-1,44,43,45,-1,44,45,46,-1,46,45,47,-1,46,47,48,-1,48,47,49,-1,48,49,16,-1,16,49,50,-1,16,50,17,-1,37,51,35,-1,35,51,52,-1,35,52,10,-1,10,52,53,-1,10,53,11,-1,54,55,56,-1,56,55,57,-1,56,57,25,-1,25,57,58,-1,25,58,59,-1,60,61,62,-1,62,61,63,-1,62,63,64,-1,64,63,65,-1,64,65,66,-1,66,65,67,-1,66,67,68,-1,68,67,69,-1,68,69,70,-1,70,69,71,-1,70,71,72,-1,72,71,73,-1,72,73,0,-1,74,75,76,-1,76,75,77,-1,76,77,78,-1,78,77,79,-1,78,79,80,-1,80,79,81,-1,80,81,82,-1,82,81,83,-1,82,83,84,-1,84,83,85,-1,84,85,60,-1,60,85,86,-1,60,86,61,-1,87,88,89,-1,89,88,90,-1,89,90,91,-1,91,90,92,-1,91,92,93,-1,93,92,94,-1,93,94,74,-1,74,94,95,-1,74,95,75,-1,96,97,87,-1,39,98,37,-1,37,98,99,-1,37,99,100,-1,100,99,101,-1,100,101,102,-1,102,101,59,-1,3,5,87,-1,87,5,103,-1,87,103,96,-1,11,104,9,-1,9,104,105,-1,9,105,106,-1,106,105,1,-1,106,1,107,-1,107,1,108,-1,12,109,13,-1,13,109,110,-1,13,110,111,-1,111,110,112,-1,111,112,113,-1,113,112,114,-1,113,114,115,-1,115,114,54,-1,115,54,116,-1,116,54,56,-1,101,117,59,-1,59,117,118,-1,59,118,25,-1,25,118,119,-1,25,119,26,-1,97,120,87,-1,87,120,121,-1,87,121,88,-1,0,73,1,-1,1,73,122,-1,1,122,108,-1,
        ]
    }
}
Shape{
    appearance Appearance {
        material  Material 	{
            diffuseColor 0.9686274509803922 0.8784313725490196 0.6
            specularColor 0.6784313725490196 0.615686274509804 0.4196078431372549
            ambientIntensity 0.8737
            transparency 0.0
            shininess 0.5
        }
    }
    geometry IndexedFaceSet {
        ccw TRUE
        solid FALSE
        coord DEF co Coordinate {
            point [
                1.3129 -0.2321 3.5088, 1.3254 -0.2364 3.5088, 1.3728 -0.1947 1.6991, 1.3275 -0.1881 1.6991, 1.3255 -0.1873 1.6991, 1.2745 -0.2189 3.5088, 1.2805 -0.1686 1.6991, 1.2565 -0.2077 3.5088, 1.2797 -0.168 1.6991, 1.2274 -0.1897 3.5088, 1.2402 -0.1377 1.6991, 1.2078 -0.1701 3.5088, 1.1882 -0.1505 3.5088, 1.2099 -0.0982 1.6991, 1.1702 -0.1215 3.5088, 1.159 -0.1034 3.5088, 1.2093 -0.0974 1.6991, 1.1458 -0.065 3.5088, 1.1907 -0.0524 1.6991, 1.1415 -0.0525 3.5088, 1.1898 -0.0504 1.6991, 1.1832 -0.0051 1.6991, 1.1458 0.065 3.5088, 1.1415 0.0525 3.5088, 1.1832 0.0051 1.6991, 1.1898 0.0504 1.6991, 1.1907 0.0524 1.6991, 1.159 0.1034 3.5088, 1.2093 0.0974 1.6991, 1.1702 0.1215 3.5088, 1.2099 0.0982 1.6991, 1.1882 0.1505 3.5088, 1.2402 0.1377 1.6991, 1.2078 0.1701 3.5088, 1.2274 0.1897 3.5088, 1.2797 0.168 1.6991, 1.2565 0.2077 3.5088, 1.2745 0.2189 3.5088, 1.2805 0.1686 1.6991, 1.3129 0.2321 3.5088, 1.3255 0.1873 1.6991, 1.3254 0.2364 3.5088, 1.3275 0.1881 1.6991, 1.3728 0.1947 1.6991, 1.4429 0.2321 3.5088, 1.4304 0.2364 3.5088, 1.383 0.1947 1.6991, 1.4283 0.1881 1.6991, 1.4303 0.1873 1.6991, 1.4813 0.2189 3.5088, 1.4753 0.1686 1.6991, 1.4994 0.2077 3.5088, 1.4761 0.168 1.6991, 1.5284 0.1897 3.5088, 1.5156 0.1377 1.6991, 1.548 0.1701 3.5088, 1.5676 0.1505 3.5088, 1.5459 0.0982 1.6991, 1.5856 0.1215 3.5088, 1.5968 0.1034 3.5088, 1.5465 0.0974 1.6991, 1.61 0.065 3.5088, 1.5652 0.0524 1.6991, 1.6143 0.0525 3.5088, 1.566 0.0504 1.6991, 1.5726 0.0051 1.6991, 1.323 -0.1883 3.603, 1.3232 -0.1982 3.5935, 1.2898 -0.1865 3.594, 1.2586 -0.0556 3.6279, 1.2404 -0.0649 3.6252, 1.2371 -0.0555 3.6254, 1.2364 -0.0555 3.6252, 1.2267 -0.0555 3.6224, 1.2141 -0.0774 3.6132, 1.2057 -0.0552 3.6126, 1.1989 -0.0551 3.6095, 1.1914 -0.0881 3.594, 1.1896 -0.0549 3.603, 1.1594 -0.0541 3.5689, 1.1617 -0.0542 3.5734, 1.1739 -0.0963 3.5691, 1.1686 -0.0544 3.5828, 1.1797 -0.0547 3.5935, 1.1488 -0.0535 3.5481, 1.1629 -0.1015 3.54, 1.1463 -0.0533 3.54, 1.1452 -0.0532 3.5367, 1.3247 -0.2327 3.5367, 1.3246 -0.2316 3.54, 1.2764 -0.215 3.54, 1.3244 -0.2291 3.5481, 1.2816 -0.204 3.5691, 1.3239 -0.2185 3.5689, 1.3237 -0.2162 3.5734, 1.3235 -0.2093 3.5828, 1.3228 -0.179 3.6095, 1.3005 -0.1638 3.6132, 1.3227 -0.1722 3.6126, 1.3223 -0.1193 3.6279, 1.3224 -0.1408 3.6254, 1.313 -0.1375 3.6252, 1.3224 -0.1415 3.6252, 1.3225 -0.1512 3.6224, 1.2833 -0.0751 3.6293, 1.3028 -0.0946 3.6293, 1.2834 -0.1191 3.6252, 1.3223 -0.1072 3.6293, 1.2707 -0.0556 3.6293, 1.2588 -0.0945 3.6252, 1.236 -0.1126 3.6132, 1.2163 -0.1282 3.594, 1.2012 -0.1402 3.5691, 1.1916 -0.1478 3.54, 1.2301 -0.1863 3.54, 1.2653 -0.142 3.6132, 1.2497 -0.1616 3.594, 1.2377 -0.1767 3.5691, 1.2301 0.1863 3.54, 1.1896 0.0549 3.603, 1.1797 0.0547 3.5935, 1.1914 0.0881 3.594, 1.1452 0.0532 3.5367, 1.1463 0.0533 3.54, 1.1629 0.1015 3.54, 1.1488 0.0535 3.5481, 1.1739 0.0963 3.5691, 1.1594 0.0541 3.5689, 1.1617 0.0542 3.5734, 1.1686 0.0544 3.5828, 1.1989 0.0551 3.6095, 1.2141 0.0774 3.6132, 1.2057 0.0552 3.6126, 1.2586 0.0556 3.6279, 1.2371 0.0555 3.6254, 1.2404 0.0649 3.6252, 1.2364 0.0555 3.6252, 1.2267 0.0555 3.6224, 1.3028 0.0946 3.6293, 1.2833 0.0751 3.6293, 1.2588 0.0945 3.6252, 1.2707 0.0556 3.6293, 1.3223 0.1072 3.6293, 1.3223 0.1153 3.6291, 1.2834 0.1191 3.6252, 1.3223 0.1182 3.6286, 1.3227 0.1721 3.6125, 1.3225 0.1593 3.6194, 1.3005 0.1638 3.6132, 1.3224 0.1463 3.6239, 1.313 0.1375 3.6252, 1.3224 0.1413 3.6247, 1.3229 0.1855 3.6051, 1.2898 0.1865 3.594, 1.3232 0.1975 3.5954, 1.3237 0.2162 3.5735, 1.2816 0.204 3.5691, 1.3238 0.2188 3.569, 1.324 0.2231 3.5617, 1.2764 0.215 3.54, 1.3246 0.2313 3.5399, 1.3251 0.2353 3.5228, 1.3247 0.233 3.5353, 1.2653 0.142 3.6132, 1.2497 0.1616 3.594, 1.2377 0.1767 3.5691, 1.236 0.1126 3.6132, 1.2163 0.1282 3.594, 1.2012 0.1402 3.5691, 1.1916 0.1478 3.54, 1.4851 0.0556 3.6293, 1.4725 0.0751 3.6293, 1.4932 0.0556 3.6291, 1.497 0.0945 3.6252, 1.4961 0.0556 3.6286, 1.55 0.0552 3.6125, 1.5372 0.0554 3.6194, 1.5417 0.0774 3.6132, 1.5242 0.0555 3.6239, 1.5154 0.0649 3.6252, 1.5192 0.0555 3.6247, 1.5634 0.055 3.6051, 1.5644 0.0881 3.594, 1.5754 0.0547 3.5954, 1.5941 0.0542 3.5735, 1.5819 0.0963 3.5691, 1.5967 0.0541 3.569, 1.601 0.0539 3.5617, 1.5929 0.1015 3.54, 1.6092 0.0533 3.5399, 1.6132 0.0528 3.5228, 1.6109 0.0532 3.5353, 1.4312 0.2313 3.5399, 1.4311 0.233 3.5353, 1.4307 0.2353 3.5228, 1.4794 0.215 3.54, 1.4318 0.2231 3.5617, 1.4742 0.204 3.5691, 1.466 0.1865 3.594, 1.4321 0.2162 3.5735, 1.432 0.2188 3.569, 1.4333 0.1593 3.6194, 1.4331 0.1721 3.6125, 1.4553 0.1638 3.6132, 1.4329 0.1855 3.6051, 1.4326 0.1975 3.5954, 1.4335 0.1153 3.6291, 1.4335 0.1182 3.6286, 1.4428 0.1375 3.6252, 1.4334 0.1413 3.6247, 1.4334 0.1463 3.6239, 1.453 0.0946 3.6293, 1.4724 0.1191 3.6252, 1.4335 0.1072 3.6293, 1.5199 0.1126 3.6132, 1.5395 0.1282 3.594, 1.5546 0.1402 3.5691, 1.5642 0.1478 3.54, 1.5257 0.1863 3.54, 1.4905 0.142 3.6132, 1.5061 0.1616 3.594, 1.5181 0.1767 3.5691, 1.4851 -0.0556 3.6293, 1.4725 -0.0751 3.6293, 1.4335 -0.0556 3.6293, 1.453 -0.0946 3.6293, 1.4335 -0.1072 3.6293, 1.3223 -0.0556 3.6293, 1.3223 0.0556 3.6293, 1.2531 -0.0024 1.5947, 1.2956 -0.0221 1.5354, 1.253 -0.0 1.5947, 1.2926 0.0 1.5354, 1.2531 0.0024 1.5947, 1.2956 0.0221 1.5354, 1.3755 0.1248 1.5947, 1.3558 0.0824 1.5354, 1.3779 0.1249 1.5947, 1.3779 0.0853 1.5354, 1.3803 0.1248 1.5947, 1.4 0.0824 1.5354, 1.5028 0.0024 1.5947, 1.4603 0.0221 1.5354, 1.5028 0.0 1.5947, 1.4632 0.0 1.5354, 1.5028 -0.0024 1.5947, 1.4603 -0.0221 1.5354, 1.3558 -0.0824 1.5354, 1.3755 -0.1248 1.5947, 1.3779 -0.0853 1.5354, 1.3779 -0.1249 1.5947, 1.4 -0.0824 1.5354, 1.3803 -0.1248 1.5947, 1.5726 -0.0051 1.6991, 1.566 -0.0504 1.6991, 1.5652 -0.0524 1.6991, 1.4517 -0.0426 1.5354, 1.5465 -0.0974 1.6991, 1.5459 -0.0982 1.6991, 1.4382 -0.0603 1.5354, 1.5156 -0.1377 1.6991, 1.4761 -0.168 1.6991, 1.4205 -0.0738 1.5354, 1.4753 -0.1686 1.6991, 1.4303 -0.1873 1.6991, 1.4283 -0.1881 1.6991, 1.383 -0.1947 1.6991, 1.3353 -0.0738 1.5354, 1.3176 -0.0603 1.5354, 1.3041 -0.0426 1.5354, 1.3041 0.0426 1.5354, 1.3176 0.0603 1.5354, 1.3353 0.0738 1.5354, 1.4205 0.0738 1.5354, 1.4382 0.0603 1.5354, 1.4517 0.0426 1.5354, 1.61 -0.065 3.5088, 1.6143 -0.0525 3.5088, 1.5968 -0.1034 3.5088, 1.5856 -0.1215 3.5088, 1.5676 -0.1505 3.5088, 1.548 -0.1701 3.5088, 1.5284 -0.1897 3.5088, 1.4994 -0.2077 3.5088, 1.4813 -0.2189 3.5088, 1.4429 -0.2321 3.5088, 1.4304 -0.2364 3.5088, 1.5257 -0.1863 3.54, 1.6092 -0.0533 3.5399, 1.6109 -0.0532 3.5353, 1.6132 -0.0528 3.5228, 1.5929 -0.1015 3.54, 1.601 -0.0539 3.5617, 1.5819 -0.0963 3.5691, 1.5644 -0.0881 3.594, 1.5941 -0.0542 3.5735, 1.5967 -0.0541 3.569, 1.5372 -0.0554 3.6194, 1.55 -0.0552 3.6125, 1.5417 -0.0774 3.6132, 1.5634 -0.055 3.6051, 1.5754 -0.0547 3.5954, 1.4932 -0.0556 3.6291, 1.4961 -0.0556 3.6286, 1.5154 -0.0649 3.6252, 1.5192 -0.0555 3.6247, 1.5242 -0.0555 3.6239, 1.497 -0.0945 3.6252, 1.4335 -0.1193 3.6279, 1.4428 -0.1375 3.6252, 1.4334 -0.1408 3.6254, 1.4334 -0.1415 3.6252, 1.4334 -0.1512 3.6224, 1.4553 -0.1638 3.6132, 1.4331 -0.1722 3.6126, 1.433 -0.179 3.6095, 1.466 -0.1865 3.594, 1.4328 -0.1883 3.603, 1.432 -0.2185 3.5689, 1.4321 -0.2162 3.5734, 1.4742 -0.204 3.5691, 1.4323 -0.2093 3.5828, 1.4326 -0.1982 3.5935, 1.4314 -0.2291 3.5481, 1.4794 -0.215 3.54, 1.4312 -0.2316 3.54, 1.4311 -0.2327 3.5367, 1.4724 -0.1191 3.6252, 1.4905 -0.142 3.6132, 1.5061 -0.1616 3.594, 1.5181 -0.1767 3.5691, 1.5199 -0.1126 3.6132, 1.5395 -0.1282 3.594, 1.5546 -0.1402 3.5691, 1.5642 -0.1478 3.54, 1.4335 0.0556 3.6293
            ]
        }
        coordIndex [
            0,1,2,-1,2,3,0,-1,0,3,4,-1,0,4,5,-1,5,4,6,-1,5,6,7,-1,7,6,8,-1,7,8,9,-1,9,8,10,-1,9,10,11,-1,11,10,12,-1,12,10,13,-1,12,13,14,-1,14,13,15,-1,15,13,16,-1,15,16,17,-1,17,16,18,-1,17,18,19,-1,19,18,20,-1,19,20,21,-1,22,23,24,-1,24,25,22,-1,22,25,26,-1,22,26,27,-1,27,26,28,-1,27,28,29,-1,29,28,30,-1,29,30,31,-1,31,30,32,-1,31,32,33,-1,33,32,34,-1,34,32,35,-1,34,35,36,-1,36,35,37,-1,37,35,38,-1,37,38,39,-1,39,38,40,-1,39,40,41,-1,41,40,42,-1,41,42,43,-1,44,45,46,-1,46,47,44,-1,44,47,48,-1,44,48,49,-1,49,48,50,-1,49,50,51,-1,51,50,52,-1,51,52,53,-1,53,52,54,-1,53,54,55,-1,55,54,56,-1,56,54,57,-1,56,57,58,-1,58,57,59,-1,59,57,60,-1,59,60,61,-1,61,60,62,-1,61,62,63,-1,63,62,64,-1,63,64,65,-1,66,67,68,-1,69,70,71,-1,71,70,72,-1,72,70,73,-1,73,70,74,-1,73,74,75,-1,75,74,76,-1,76,74,77,-1,76,77,78,-1,79,80,81,-1,81,80,82,-1,81,82,77,-1,77,82,83,-1,77,83,78,-1,79,81,84,-1,84,81,85,-1,84,85,86,-1,19,87,17,-1,17,87,86,-1,17,86,15,-1,15,86,85,-1,15,85,14,-1,1,0,88,-1,88,0,89,-1,89,90,91,-1,91,90,92,-1,91,92,93,-1,93,92,94,-1,68,67,92,-1,92,67,95,-1,92,95,94,-1,66,68,96,-1,96,68,97,-1,96,97,98,-1,99,100,101,-1,101,100,102,-1,101,102,97,-1,97,102,103,-1,97,103,98,-1,104,105,106,-1,106,105,107,-1,106,107,99,-1,108,104,69,-1,69,104,109,-1,69,109,70,-1,70,109,110,-1,70,110,74,-1,74,110,111,-1,74,111,77,-1,77,111,112,-1,77,112,81,-1,81,112,113,-1,81,113,85,-1,85,113,12,-1,85,12,14,-1,114,9,11,-1,104,106,109,-1,109,106,115,-1,109,115,110,-1,110,115,116,-1,110,116,111,-1,111,116,117,-1,111,117,112,-1,112,117,114,-1,112,114,113,-1,113,114,11,-1,113,11,12,-1,89,0,90,-1,90,0,5,-1,90,5,7,-1,99,101,106,-1,106,101,97,-1,106,97,115,-1,115,97,68,-1,115,68,116,-1,116,68,92,-1,116,92,117,-1,117,92,90,-1,117,90,114,-1,114,90,7,-1,114,7,9,-1,33,34,118,-1,119,120,121,-1,23,22,122,-1,122,22,123,-1,123,124,125,-1,125,124,126,-1,125,126,127,-1,127,126,128,-1,121,120,126,-1,126,120,129,-1,126,129,128,-1,119,121,130,-1,130,121,131,-1,130,131,132,-1,133,134,135,-1,135,134,136,-1,135,136,131,-1,131,136,137,-1,131,137,132,-1,138,139,140,-1,140,139,141,-1,140,141,133,-1,142,138,143,-1,143,138,144,-1,143,144,145,-1,146,147,148,-1,148,147,149,-1,148,149,150,-1,150,149,151,-1,150,151,145,-1,146,148,152,-1,152,148,153,-1,152,153,154,-1,154,153,155,-1,155,153,156,-1,155,156,157,-1,157,156,158,-1,158,156,159,-1,158,159,160,-1,39,41,161,-1,161,162,39,-1,39,162,160,-1,39,160,37,-1,37,160,159,-1,37,159,36,-1,145,144,150,-1,150,144,163,-1,150,163,148,-1,148,163,164,-1,148,164,153,-1,153,164,165,-1,153,165,156,-1,156,165,118,-1,156,118,159,-1,159,118,34,-1,159,34,36,-1,138,140,144,-1,144,140,166,-1,144,166,163,-1,163,166,167,-1,163,167,164,-1,164,167,168,-1,164,168,165,-1,165,168,169,-1,165,169,118,-1,118,169,31,-1,118,31,33,-1,123,22,124,-1,124,22,27,-1,124,27,29,-1,133,135,140,-1,140,135,131,-1,140,131,166,-1,166,131,121,-1,166,121,167,-1,167,121,126,-1,167,126,168,-1,168,126,124,-1,168,124,169,-1,169,124,29,-1,169,29,31,-1,170,171,172,-1,172,171,173,-1,172,173,174,-1,175,176,177,-1,177,176,178,-1,177,178,179,-1,179,178,180,-1,179,180,174,-1,175,177,181,-1,181,177,182,-1,181,182,183,-1,183,182,184,-1,184,182,185,-1,184,185,186,-1,186,185,187,-1,187,185,188,-1,187,188,189,-1,61,63,190,-1,190,191,61,-1,61,191,189,-1,61,189,59,-1,59,189,188,-1,59,188,58,-1,192,193,44,-1,44,193,194,-1,44,194,45,-1,192,195,196,-1,196,195,197,-1,198,199,197,-1,197,199,200,-1,197,200,196,-1,201,202,203,-1,203,202,204,-1,203,204,198,-1,198,204,205,-1,198,205,199,-1,206,207,208,-1,208,207,209,-1,208,209,203,-1,203,209,210,-1,203,210,201,-1,171,211,212,-1,212,211,213,-1,212,213,206,-1,174,173,179,-1,179,173,214,-1,179,214,177,-1,177,214,215,-1,177,215,182,-1,182,215,216,-1,182,216,185,-1,185,216,217,-1,185,217,188,-1,188,217,56,-1,188,56,58,-1,218,53,55,-1,171,212,173,-1,173,212,219,-1,173,219,214,-1,214,219,220,-1,214,220,215,-1,215,220,221,-1,215,221,216,-1,216,221,218,-1,216,218,217,-1,217,218,55,-1,217,55,56,-1,192,44,195,-1,195,44,49,-1,195,49,51,-1,206,208,212,-1,212,208,203,-1,212,203,219,-1,219,203,198,-1,219,198,220,-1,220,198,197,-1,220,197,221,-1,221,197,195,-1,221,195,218,-1,218,195,51,-1,218,51,53,-1,222,223,224,-1,224,223,225,-1,224,225,226,-1,107,105,227,-1,227,105,104,-1,227,104,108,-1,141,139,228,-1,228,139,138,-1,228,138,142,-1,229,230,231,-1,231,230,232,-1,231,232,233,-1,233,232,234,-1,235,236,237,-1,237,236,238,-1,237,238,239,-1,239,238,240,-1,241,242,243,-1,243,242,244,-1,243,244,245,-1,245,244,246,-1,247,248,249,-1,249,248,250,-1,249,250,251,-1,251,250,252,-1,253,245,254,-1,254,245,246,-1,254,246,255,-1,255,246,256,-1,255,256,257,-1,257,256,258,-1,258,256,259,-1,258,259,260,-1,260,259,261,-1,261,259,262,-1,261,262,263,-1,263,262,264,-1,264,262,251,-1,264,251,265,-1,265,251,252,-1,265,252,266,-1,2,248,3,-1,3,248,247,-1,3,247,4,-1,4,247,267,-1,4,267,6,-1,6,267,8,-1,8,267,268,-1,8,268,10,-1,10,268,13,-1,13,268,269,-1,13,269,16,-1,16,269,18,-1,18,269,230,-1,18,230,20,-1,20,230,229,-1,20,229,21,-1,24,233,25,-1,25,233,234,-1,25,234,26,-1,26,234,270,-1,26,270,28,-1,28,270,30,-1,30,270,271,-1,30,271,32,-1,32,271,35,-1,35,271,272,-1,35,272,38,-1,38,272,40,-1,40,272,236,-1,40,236,42,-1,42,236,235,-1,42,235,43,-1,46,239,47,-1,47,239,240,-1,47,240,48,-1,48,240,273,-1,48,273,50,-1,50,273,52,-1,52,273,274,-1,52,274,54,-1,54,274,57,-1,57,274,275,-1,57,275,60,-1,60,275,62,-1,62,275,242,-1,62,242,64,-1,64,242,241,-1,64,241,65,-1,276,277,253,-1,253,254,276,-1,276,254,255,-1,276,255,278,-1,278,255,257,-1,278,257,279,-1,279,257,258,-1,279,258,280,-1,280,258,260,-1,280,260,281,-1,281,260,282,-1,282,260,261,-1,282,261,283,-1,283,261,284,-1,284,261,263,-1,284,263,285,-1,285,263,264,-1,285,264,286,-1,286,264,265,-1,286,265,266,-1,281,282,287,-1,288,289,276,-1,276,289,290,-1,276,290,277,-1,288,291,292,-1,292,291,293,-1,294,295,293,-1,293,295,296,-1,293,296,292,-1,297,298,299,-1,299,298,300,-1,299,300,294,-1,294,300,301,-1,294,301,295,-1,302,303,304,-1,304,303,305,-1,304,305,299,-1,299,305,306,-1,299,306,297,-1,225,223,307,-1,307,223,222,-1,307,222,302,-1,308,309,310,-1,310,309,311,-1,311,309,312,-1,312,309,313,-1,312,313,314,-1,314,313,315,-1,315,313,316,-1,315,316,317,-1,318,319,320,-1,320,319,321,-1,320,321,316,-1,316,321,322,-1,316,322,317,-1,318,320,323,-1,323,320,324,-1,323,324,325,-1,286,326,285,-1,285,326,325,-1,285,325,284,-1,284,325,324,-1,284,324,283,-1,226,225,308,-1,308,225,327,-1,308,327,309,-1,309,327,328,-1,309,328,313,-1,313,328,329,-1,313,329,316,-1,316,329,330,-1,316,330,320,-1,320,330,287,-1,320,287,324,-1,324,287,282,-1,324,282,283,-1,225,307,327,-1,327,307,331,-1,327,331,328,-1,328,331,332,-1,328,332,329,-1,329,332,333,-1,329,333,330,-1,330,333,334,-1,330,334,287,-1,287,334,280,-1,287,280,281,-1,288,276,291,-1,291,276,278,-1,291,278,279,-1,302,304,307,-1,307,304,299,-1,307,299,331,-1,331,299,294,-1,331,294,332,-1,332,294,293,-1,332,293,333,-1,333,293,291,-1,333,291,334,-1,334,291,279,-1,334,279,280,-1,213,211,335,-1,335,211,171,-1,335,171,170,-1,
        ]
    }
}
Shape{
    appearance Appearance {
        material  Material 	{
            diffuseColor 1.0 0.7529411764705882 0.12156862745098039
            specularColor 0.5019607843137255 0.3764705882352941 0.058823529411764705
            ambientIntensity 0.7548
            transparency 0.0
            shininess 0.5
        }
    }
    geometry IndexedFaceSet {
        ccw TRUE
        solid FALSE
        coord DEF co Coordinate {
            point [
                1.4517 -0.0426 1.5354, 1.4603 -0.0221 1.5354, 1.3779 0.0 1.5354, 1.4632 0.0 1.5354, 1.4603 0.0221 1.5354, 1.4 -0.0824 1.5354, 1.4205 -0.0738 1.5354, 1.4382 -0.0603 1.5354, 1.3353 -0.0738 1.5354, 1.3558 -0.0824 1.5354, 1.3779 -0.0853 1.5354, 1.2956 -0.0221 1.5354, 1.3041 -0.0426 1.5354, 1.3176 -0.0603 1.5354, 1.3041 0.0426 1.5354, 1.2956 0.0221 1.5354, 1.2926 0.0 1.5354, 1.3558 0.0824 1.5354, 1.3353 0.0738 1.5354, 1.3176 0.0603 1.5354, 1.4205 0.0738 1.5354, 1.4 0.0824 1.5354, 1.3779 0.0853 1.5354, 1.4517 0.0426 1.5354, 1.4382 0.0603 1.5354
            ]
        }
        coordIndex [
            0,1,2,-1,2,1,3,-1,2,3,4,-1,5,6,2,-1,2,6,7,-1,2,7,0,-1,8,9,2,-1,2,9,10,-1,2,10,5,-1,11,12,2,-1,2,12,13,-1,2,13,8,-1,14,15,2,-1,2,15,16,-1,2,16,11,-1,17,18,2,-1,2,18,19,-1,2,19,14,-1,20,21,2,-1,2,21,22,-1,2,22,17,-1,4,23,2,-1,2,23,24,-1,2,24,20,-1,
        ]
    }
}
Shape{
    appearance Appearance {
        material  Material 	{
            diffuseColor 0.9686274509803922 0.8784313725490196 0.6
            specularColor 0.6784313725490196 0.615686274509804 0.4196078431372549
            ambientIntensity 0.8737
            transparency 0.0
            shininess 0.5
        }
    }
    geometry IndexedFaceSet {
        ccw TRUE
        solid FALSE
        coord DEF co Coordinate {
            point [
                1.3803 0.1248 1.5947, 1.3803 0.3198 1.5947, 1.3779 0.1249 1.5947, 1.3779 0.3198 1.5947, 1.3755 0.1248 1.5947, 1.3755 0.3198 1.5947, 1.2531 0.0024 1.5947, 1.0581 0.0024 1.5947, 1.253 -0.0 1.5947, 1.0581 -0.0 1.5947, 1.2531 -0.0024 1.5947, 1.0581 -0.0024 1.5947, 1.3755 -0.1248 1.5947, 1.3755 -0.3198 1.5947, 1.3779 -0.1249 1.5947, 1.3779 -0.3198 1.5947, 1.3803 -0.1248 1.5947, 1.3803 -0.3198 1.5947, 1.5028 -0.0024 1.5947, 1.6977 -0.0024 1.5947, 1.5028 0.0 1.5947, 1.6978 -0.0 1.5947, 1.5028 0.0024 1.5947, 1.6977 0.0024 1.5947, 1.383 -0.1947 1.6991, 1.4304 -0.2364 3.5088, 1.4336 -0.3359 3.6305, 1.4345 -0.3126 3.6655, 1.4323 -0.2093 3.5828, 1.4325 -0.3531 3.5916, 1.4312 -0.2316 3.54, 1.432 -0.3583 3.571, 1.4311 -0.2327 3.5367, 1.4315 -0.363 3.5524, 1.4303 -0.3662 3.5072, 1.437 -0.1158 3.76, 1.437 -0.0591 3.76, 1.4335 -0.0556 3.6293, 1.4326 -0.1982 3.5935, 1.4321 -0.2162 3.5734, 1.432 -0.2185 3.5689, 1.4314 -0.2291 3.5481, 1.4349 -0.2962 3.6827, 1.4353 -0.2832 3.6964, 1.4328 -0.1883 3.603, 1.4354 -0.2778 3.701, 1.433 -0.179 3.6095, 1.436 -0.2454 3.7236, 1.4331 -0.1722 3.6126, 1.4361 -0.2428 3.7254, 1.4334 -0.1512 3.6224, 1.4365 -0.2038 3.7437, 1.4334 -0.1415 3.6252, 1.4367 -0.1839 3.7491, 1.4334 -0.1408 3.6254, 1.4335 -0.1072 3.6293, 1.4335 -0.1193 3.6279, 1.4368 -0.1599 3.7556, 1.4368 -0.1609 3.7553, 1.3728 -0.1947 1.6991, 1.3255 -0.3662 3.5072, 1.3254 -0.2364 3.5088, 1.3243 -0.363 3.5524, 1.3247 -0.2327 3.5367, 1.3238 -0.3583 3.571, 1.3246 -0.2316 3.54, 1.3233 -0.3531 3.5916, 1.3244 -0.2291 3.5481, 1.3239 -0.2185 3.5689, 1.3222 -0.3359 3.6305, 1.3237 -0.2162 3.5734, 1.3213 -0.3126 3.6655, 1.3235 -0.2093 3.5828, 1.3209 -0.2962 3.6827, 1.3232 -0.1982 3.5935, 1.3205 -0.2832 3.6964, 1.323 -0.1883 3.603, 1.3223 -0.0556 3.6293, 1.3188 -0.0591 3.76, 1.3223 -0.1072 3.6293, 1.3188 -0.1158 3.76, 1.3223 -0.1193 3.6279, 1.319 -0.1599 3.7556, 1.3224 -0.1408 3.6254, 1.319 -0.1609 3.7553, 1.3224 -0.1415 3.6252, 1.3191 -0.1839 3.7491, 1.3225 -0.1512 3.6224, 1.3193 -0.2038 3.7437, 1.3227 -0.1722 3.6126, 1.3198 -0.2428 3.7254, 1.3228 -0.179 3.6095, 1.3198 -0.2454 3.7236, 1.3204 -0.2778 3.701, 1.4326 0.1975 3.5954, 1.4329 0.1855 3.6051, 1.4358 0.256 3.7172, 1.436 0.2451 3.7232, 1.4331 0.1721 3.6125, 1.4364 0.2181 3.7379, 1.4333 0.1593 3.6194, 1.4367 0.1842 3.7497, 1.4334 0.1463 3.6239, 1.4367 0.1802 3.7511, 1.4335 0.0556 3.6293, 1.437 0.0591 3.76, 1.4335 0.1072 3.6293, 1.437 0.1158 3.76, 1.4335 0.1153 3.6291, 1.4369 0.1362 3.7588, 1.4368 0.1631 3.7541, 1.4334 0.1413 3.6247, 1.4335 0.1182 3.6286, 1.4352 0.2874 3.6926, 1.4349 0.2963 3.6828, 1.4321 0.2162 3.5735, 1.4344 0.3161 3.6609, 1.432 0.2188 3.569, 1.4336 0.3353 3.6311, 1.4318 0.2231 3.5617, 1.4335 0.3376 3.6275, 1.4312 0.2313 3.5399, 1.4325 0.3543 3.5883, 1.4311 0.233 3.5353, 1.432 0.3584 3.571, 1.4307 0.2353 3.5228, 1.4314 0.3635 3.5496, 1.4304 0.2364 3.5088, 1.4303 0.3662 3.5072, 1.383 0.1947 1.6991, 1.3728 0.1947 1.6991, 1.3188 0.0591 3.76, 1.3223 0.0556 3.6293, 1.3188 0.1158 3.76, 1.3223 0.1072 3.6293, 1.3189 0.1362 3.7588, 1.324 0.2231 3.5617, 1.3222 0.3353 3.6311, 1.3238 0.2188 3.569, 1.3214 0.3161 3.6609, 1.3237 0.2162 3.5735, 1.3209 0.2963 3.6828, 1.3232 0.1975 3.5954, 1.3206 0.2874 3.6926, 1.3229 0.1855 3.6051, 1.32 0.256 3.7172, 1.3198 0.2451 3.7232, 1.3227 0.1721 3.6125, 1.3194 0.2181 3.7379, 1.3225 0.1593 3.6194, 1.3191 0.1842 3.7497, 1.3224 0.1463 3.6239, 1.3191 0.1802 3.7511, 1.3224 0.1413 3.6247, 1.319 0.1631 3.7541, 1.3223 0.1182 3.6286, 1.3223 0.1153 3.6291, 1.3254 0.2364 3.5088, 1.3255 0.3662 3.5072, 1.3251 0.2353 3.5228, 1.3244 0.3635 3.5496, 1.3247 0.233 3.5353, 1.3238 0.3584 3.571, 1.3246 0.2313 3.5399, 1.3233 0.3543 3.5883, 1.3223 0.3376 3.6275, 1.541 -0.0589 3.7541, 1.5581 -0.0588 3.7511, 1.5242 -0.0555 3.6239, 1.5621 -0.0588 3.7497, 1.5372 -0.0554 3.6194, 1.596 -0.0585 3.7379, 1.55 -0.0552 3.6125, 1.623 -0.0581 3.7232, 1.5634 -0.055 3.6051, 1.634 -0.0579 3.7172, 1.5754 -0.0547 3.5954, 1.4851 -0.0556 3.6293, 1.4937 -0.0591 3.76, 1.4932 -0.0556 3.6291, 1.5141 -0.059 3.7588, 1.4961 -0.0556 3.6286, 1.5192 -0.0555 3.6247, 1.6653 -0.0573 3.6926, 1.6742 -0.057 3.6828, 1.5941 -0.0542 3.5735, 1.694 -0.0565 3.6609, 1.5967 -0.0541 3.569, 1.7132 -0.0557 3.6311, 1.601 -0.0539 3.5617, 1.7155 -0.0556 3.6275, 1.6092 -0.0533 3.5399, 1.7322 -0.0546 3.5883, 1.6109 -0.0532 3.5353, 1.7363 -0.0541 3.571, 1.6132 -0.0528 3.5228, 1.7414 -0.0535 3.5496, 1.6143 -0.0525 3.5088, 1.7441 -0.0524 3.5072, 1.5726 -0.0051 1.6991, 1.5726 0.0051 1.6991, 1.4937 0.0591 3.76, 1.4851 0.0556 3.6293, 1.5141 0.059 3.7588, 1.601 0.0539 3.5617, 1.7132 0.0557 3.6311, 1.5967 0.0541 3.569, 1.694 0.0565 3.6609, 1.5941 0.0542 3.5735, 1.6742 0.057 3.6828, 1.5754 0.0547 3.5954, 1.6653 0.0573 3.6926, 1.5634 0.055 3.6051, 1.634 0.0579 3.7172, 1.623 0.0581 3.7232, 1.55 0.0552 3.6125, 1.596 0.0585 3.7379, 1.5372 0.0554 3.6194, 1.5621 0.0588 3.7497, 1.5242 0.0555 3.6239, 1.5581 0.0588 3.7511, 1.5192 0.0555 3.6247, 1.541 0.0589 3.7541, 1.4961 0.0556 3.6286, 1.4932 0.0556 3.6291, 1.6143 0.0525 3.5088, 1.7441 0.0524 3.5072, 1.6132 0.0528 3.5228, 1.7414 0.0535 3.5496, 1.6109 0.0532 3.5353, 1.7363 0.0541 3.571, 1.6092 0.0533 3.5399, 1.7322 0.0546 3.5883, 1.7155 0.0556 3.6275, 1.1832 -0.0051 1.6991, 1.1415 -0.0525 3.5088, 1.042 -0.0557 3.6305, 1.0653 -0.0566 3.6655, 1.1686 -0.0544 3.5828, 1.0248 -0.0546 3.5916, 1.1463 -0.0533 3.54, 1.0196 -0.0541 3.571, 1.1452 -0.0532 3.5367, 1.0149 -0.0536 3.5524, 1.0117 -0.0524 3.5072, 1.2621 -0.0591 3.76, 1.1797 -0.0547 3.5935, 1.1617 -0.0542 3.5734, 1.1594 -0.0541 3.5689, 1.1488 -0.0535 3.5481, 1.0817 -0.057 3.6827, 1.0947 -0.0574 3.6964, 1.1896 -0.0549 3.603, 1.1001 -0.0575 3.701, 1.1989 -0.0551 3.6095, 1.1325 -0.0581 3.7236, 1.2057 -0.0552 3.6126, 1.1351 -0.0581 3.7254, 1.2267 -0.0555 3.6224, 1.1741 -0.0586 3.7437, 1.2364 -0.0555 3.6252, 1.194 -0.0588 3.7491, 1.2371 -0.0555 3.6254, 1.2707 -0.0556 3.6293, 1.2586 -0.0556 3.6279, 1.218 -0.0589 3.7556, 1.217 -0.0589 3.7553, 1.1832 0.0051 1.6991, 1.0117 0.0524 3.5072, 1.1415 0.0525 3.5088, 1.0149 0.0536 3.5524, 1.1452 0.0532 3.5367, 1.0196 0.0541 3.571, 1.1463 0.0533 3.54, 1.0248 0.0546 3.5916, 1.1488 0.0535 3.5481, 1.1594 0.0541 3.5689, 1.042 0.0557 3.6305, 1.1617 0.0542 3.5734, 1.0653 0.0566 3.6655, 1.1686 0.0544 3.5828, 1.0817 0.057 3.6827, 1.1797 0.0547 3.5935, 1.0947 0.0574 3.6964, 1.1896 0.0549 3.603, 1.2707 0.0556 3.6293, 1.2621 0.0591 3.76, 1.2586 0.0556 3.6279, 1.218 0.0589 3.7556, 1.2371 0.0555 3.6254, 1.217 0.0589 3.7553, 1.2364 0.0555 3.6252, 1.194 0.0588 3.7491, 1.2267 0.0555 3.6224, 1.1741 0.0586 3.7437, 1.2057 0.0552 3.6126, 1.1351 0.0581 3.7254, 1.1989 0.0551 3.6095, 1.1325 0.0581 3.7236, 1.1001 0.0575 3.701, 1.4479 -0.1096 3.76, 1.4698 -0.0919 3.76, 1.4875 -0.07 3.76, 1.2683 -0.07 3.76, 1.286 -0.0919 3.76, 1.3079 -0.1096 3.76, 1.3079 0.1096 3.76, 1.286 0.0919 3.76, 1.2683 0.07 3.76, 1.0588 -0.1843 3.5072, 1.0661 -0.1991 3.5072, 1.0718 -0.1955 3.5712, 1.0306 -0.1274 3.5072, 1.0369 -0.125 3.5712, 1.0225 -0.0953 3.5072, 1.0585 -0.1171 3.6312, 1.0941 -0.1041 3.6833, 1.1962 -0.0666 3.7499, 1.141 -0.0869 3.7238, 1.2148 -0.1042 3.7499, 1.2737 -0.1631 3.7499, 1.3113 -0.1817 3.7499, 1.291 -0.2369 3.7238, 1.2738 -0.2838 3.6833, 1.2608 -0.3194 3.6312, 1.2529 -0.341 3.5712, 1.2826 -0.3554 3.5072, 1.2505 -0.3473 3.5072, 1.1936 -0.3191 3.5072, 1.0912 -0.1831 3.6312, 1.1231 -0.1627 3.6833, 1.1653 -0.1358 3.7238, 1.1788 -0.3118 3.5072, 1.1824 -0.3061 3.5712, 1.1948 -0.2867 3.6312, 1.2152 -0.2548 3.6833, 1.2421 -0.2126 3.7238, 1.1163 -0.2616 3.5072, 1.1211 -0.2568 3.5712, 1.1374 -0.2405 3.6312, 1.1641 -0.2138 3.6833, 1.1995 -0.1784 3.7238, 1.241 -0.1369 3.7499, 1.1936 0.3191 3.5072, 1.1788 0.3118 3.5072, 1.1824 0.3061 3.5712, 1.3113 0.1817 3.7499, 1.2826 0.3554 3.5072, 1.2505 0.3473 3.5072, 1.2529 0.341 3.5712, 1.2148 0.1042 3.7499, 1.1962 0.0666 3.7499, 1.141 0.0869 3.7238, 1.0941 0.1041 3.6833, 1.0585 0.1171 3.6312, 1.0369 0.125 3.5712, 1.0225 0.0953 3.5072, 1.0306 0.1274 3.5072, 1.0588 0.1843 3.5072, 1.2608 0.3194 3.6312, 1.2738 0.2838 3.6833, 1.291 0.2369 3.7238, 1.2737 0.1631 3.7499, 1.1948 0.2867 3.6312, 1.2152 0.2548 3.6833, 1.2421 0.2126 3.7238, 1.0661 0.1991 3.5072, 1.0718 0.1955 3.5712, 1.0912 0.1831 3.6312, 1.1231 0.1627 3.6833, 1.1653 0.1358 3.7238, 1.1163 0.2616 3.5072, 1.1211 0.2568 3.5712, 1.1374 0.2405 3.6312, 1.1641 0.2138 3.6833, 1.1995 0.1784 3.7238, 1.241 0.1369 3.7499, 1.697 0.1843 3.5072, 1.6897 0.1991 3.5072, 1.684 0.1955 3.5712, 1.5029 0.341 3.5712, 1.5596 0.0666 3.7499, 1.7333 0.0953 3.5072, 1.7252 0.1274 3.5072, 1.7189 0.125 3.5712, 1.6973 0.1171 3.6312, 1.6617 0.1041 3.6833, 1.6148 0.0869 3.7238, 1.541 0.1042 3.7499, 1.4875 0.07 3.76, 1.4479 0.1096 3.76, 1.4821 0.1631 3.7499, 1.4445 0.1817 3.7499, 1.4648 0.2369 3.7238, 1.482 0.2838 3.6833, 1.495 0.3194 3.6312, 1.4732 0.3554 3.5072, 1.5053 0.3473 3.5072, 1.5622 0.3191 3.5072, 1.6646 0.1831 3.6312, 1.6327 0.1627 3.6833, 1.5905 0.1358 3.7238, 1.577 0.3118 3.5072, 1.5734 0.3061 3.5712, 1.561 0.2867 3.6312, 1.5406 0.2548 3.6833, 1.5137 0.2126 3.7238, 1.6395 0.2616 3.5072, 1.6347 0.2568 3.5712, 1.6184 0.2405 3.6312, 1.5917 0.2138 3.6833, 1.5563 0.1784 3.7238, 1.5148 0.1369 3.7499, 1.4698 0.0919 3.76
            ]
        }
        coordIndex [
            0,1,2,-1,2,1,3,-1,2,3,4,-1,4,3,5,-1,6,7,8,-1,8,7,9,-1,8,9,10,-1,10,9,11,-1,12,13,14,-1,14,13,15,-1,14,15,16,-1,16,15,17,-1,18,19,20,-1,20,19,21,-1,20,21,22,-1,22,21,23,-1,24,16,17,-1,24,17,25,-1,26,27,28,-1,29,30,31,-1,31,30,32,-1,31,32,33,-1,33,32,25,-1,33,25,34,-1,34,25,17,-1,35,36,37,-1,28,27,38,-1,28,39,26,-1,26,39,40,-1,26,40,29,-1,29,40,41,-1,29,41,30,-1,27,42,38,-1,38,42,43,-1,38,43,44,-1,44,43,45,-1,44,45,46,-1,46,45,47,-1,46,47,48,-1,48,47,49,-1,48,49,50,-1,50,49,51,-1,50,51,52,-1,52,51,53,-1,52,53,54,-1,37,55,35,-1,35,55,56,-1,35,56,57,-1,57,56,54,-1,57,54,58,-1,58,54,53,-1,13,12,59,-1,13,59,60,-1,60,59,61,-1,60,61,62,-1,62,61,63,-1,62,63,64,-1,64,63,65,-1,64,65,66,-1,65,67,66,-1,66,67,68,-1,66,68,69,-1,69,68,70,-1,69,70,71,-1,71,70,72,-1,71,72,73,-1,73,72,74,-1,73,74,75,-1,75,74,76,-1,77,78,79,-1,79,78,80,-1,79,80,81,-1,81,80,82,-1,81,82,83,-1,83,82,84,-1,83,84,85,-1,85,84,86,-1,85,86,87,-1,87,86,88,-1,87,88,89,-1,89,88,90,-1,89,90,91,-1,91,90,92,-1,91,92,76,-1,76,92,93,-1,76,93,75,-1,94,95,96,-1,96,95,97,-1,97,95,98,-1,97,98,99,-1,99,98,100,-1,99,100,101,-1,101,100,102,-1,101,102,103,-1,104,105,106,-1,106,105,107,-1,106,107,108,-1,108,107,109,-1,103,102,110,-1,110,102,111,-1,110,111,109,-1,109,111,112,-1,109,112,108,-1,96,113,94,-1,94,113,114,-1,94,114,115,-1,115,114,116,-1,115,116,117,-1,117,116,118,-1,117,118,119,-1,119,118,120,-1,119,120,121,-1,121,120,122,-1,121,122,123,-1,123,122,124,-1,123,124,125,-1,125,124,126,-1,125,126,127,-1,127,126,128,-1,127,128,129,-1,129,128,1,-1,129,1,0,-1,130,4,5,-1,131,132,133,-1,133,132,134,-1,133,134,135,-1,136,137,138,-1,138,137,139,-1,138,139,140,-1,140,139,141,-1,140,141,142,-1,142,141,143,-1,142,143,144,-1,143,145,144,-1,144,145,146,-1,144,146,147,-1,147,146,148,-1,147,148,149,-1,149,148,150,-1,149,150,151,-1,151,150,152,-1,151,152,153,-1,153,152,154,-1,153,154,155,-1,155,154,135,-1,155,135,156,-1,156,135,134,-1,130,5,157,-1,157,5,158,-1,157,158,159,-1,159,158,160,-1,159,160,161,-1,161,160,162,-1,161,162,163,-1,163,162,164,-1,163,164,136,-1,136,164,165,-1,136,165,137,-1,166,167,168,-1,168,167,169,-1,168,169,170,-1,170,169,171,-1,170,171,172,-1,172,171,173,-1,172,173,174,-1,174,173,175,-1,174,175,176,-1,37,36,177,-1,177,36,178,-1,177,178,179,-1,179,178,180,-1,179,180,181,-1,181,180,166,-1,181,166,182,-1,182,166,168,-1,175,183,176,-1,176,183,184,-1,176,184,185,-1,185,184,186,-1,185,186,187,-1,187,186,188,-1,187,188,189,-1,189,188,190,-1,189,190,191,-1,191,190,192,-1,191,192,193,-1,193,192,194,-1,193,194,195,-1,195,194,196,-1,195,196,197,-1,197,196,198,-1,197,198,199,-1,199,198,19,-1,199,19,18,-1,200,22,23,-1,105,104,201,-1,201,104,202,-1,201,202,203,-1,204,205,206,-1,206,205,207,-1,206,207,208,-1,208,207,209,-1,208,209,210,-1,210,209,211,-1,210,211,212,-1,211,213,212,-1,212,213,214,-1,212,214,215,-1,215,214,216,-1,215,216,217,-1,217,216,218,-1,217,218,219,-1,219,218,220,-1,219,220,221,-1,221,220,222,-1,221,222,223,-1,223,222,203,-1,223,203,224,-1,224,203,202,-1,200,23,225,-1,225,23,226,-1,225,226,227,-1,227,226,228,-1,227,228,229,-1,229,228,230,-1,229,230,231,-1,231,230,232,-1,231,232,204,-1,204,232,233,-1,204,233,205,-1,234,10,11,-1,234,11,235,-1,236,237,238,-1,239,240,241,-1,241,240,242,-1,241,242,243,-1,243,242,235,-1,243,235,244,-1,244,235,11,-1,245,78,77,-1,238,237,246,-1,238,247,236,-1,236,247,248,-1,236,248,239,-1,239,248,249,-1,239,249,240,-1,237,250,246,-1,246,250,251,-1,246,251,252,-1,252,251,253,-1,252,253,254,-1,254,253,255,-1,254,255,256,-1,256,255,257,-1,256,257,258,-1,258,257,259,-1,258,259,260,-1,260,259,261,-1,260,261,262,-1,77,263,245,-1,245,263,264,-1,245,264,265,-1,265,264,262,-1,265,262,266,-1,266,262,261,-1,7,6,267,-1,7,267,268,-1,268,267,269,-1,268,269,270,-1,270,269,271,-1,270,271,272,-1,272,271,273,-1,272,273,274,-1,273,275,274,-1,274,275,276,-1,274,276,277,-1,277,276,278,-1,277,278,279,-1,279,278,280,-1,279,280,281,-1,281,280,282,-1,281,282,283,-1,283,282,284,-1,132,131,285,-1,285,131,286,-1,285,286,287,-1,287,286,288,-1,287,288,289,-1,289,288,290,-1,289,290,291,-1,291,290,292,-1,291,292,293,-1,293,292,294,-1,293,294,295,-1,295,294,296,-1,295,296,297,-1,297,296,298,-1,297,298,284,-1,284,298,299,-1,284,299,283,-1,36,35,300,-1,300,301,36,-1,36,301,302,-1,36,302,178,-1,78,245,303,-1,303,304,78,-1,78,304,305,-1,78,305,80,-1,131,133,306,-1,306,307,131,-1,131,307,308,-1,131,308,286,-1,309,310,311,-1,312,313,314,-1,314,313,243,-1,314,243,244,-1,315,239,313,-1,313,239,241,-1,313,241,243,-1,251,250,316,-1,316,250,237,-1,316,237,315,-1,315,237,236,-1,315,236,239,-1,265,266,317,-1,317,266,261,-1,317,261,318,-1,318,261,259,-1,259,257,318,-1,318,257,255,-1,318,255,316,-1,316,255,253,-1,316,253,251,-1,319,303,245,-1,80,305,82,-1,82,305,320,-1,82,320,84,-1,86,321,88,-1,88,321,322,-1,88,322,90,-1,90,322,92,-1,92,322,93,-1,93,322,323,-1,93,323,75,-1,324,71,323,-1,323,71,73,-1,323,73,75,-1,62,64,325,-1,325,64,66,-1,325,66,324,-1,324,66,69,-1,324,69,71,-1,60,62,326,-1,326,62,325,-1,326,325,327,-1,327,325,328,-1,312,309,313,-1,313,309,311,-1,313,311,315,-1,315,311,329,-1,315,329,316,-1,316,329,330,-1,316,330,318,-1,318,330,331,-1,318,331,317,-1,317,331,319,-1,317,319,265,-1,265,319,245,-1,332,328,333,-1,333,328,325,-1,333,325,334,-1,334,325,324,-1,334,324,335,-1,335,324,323,-1,335,323,336,-1,336,323,322,-1,336,322,320,-1,320,322,321,-1,320,321,84,-1,84,321,86,-1,310,337,311,-1,311,337,338,-1,311,338,329,-1,329,338,339,-1,329,339,330,-1,330,339,340,-1,330,340,331,-1,331,340,341,-1,331,341,319,-1,319,341,342,-1,319,342,303,-1,303,342,304,-1,337,332,338,-1,338,332,333,-1,338,333,339,-1,339,333,334,-1,339,334,340,-1,340,334,335,-1,340,335,341,-1,341,335,336,-1,341,336,342,-1,342,336,320,-1,342,320,304,-1,304,320,305,-1,343,344,345,-1,135,154,346,-1,347,348,349,-1,286,308,288,-1,288,308,350,-1,288,350,290,-1,292,351,294,-1,294,351,352,-1,294,352,296,-1,296,352,298,-1,298,352,299,-1,299,352,353,-1,299,353,283,-1,354,279,353,-1,353,279,281,-1,353,281,283,-1,270,272,355,-1,355,272,274,-1,355,274,354,-1,354,274,277,-1,354,277,279,-1,268,270,356,-1,356,270,355,-1,356,355,357,-1,357,355,358,-1,158,347,160,-1,160,347,349,-1,160,349,162,-1,162,349,164,-1,164,349,165,-1,165,349,359,-1,165,359,137,-1,137,359,139,-1,139,359,360,-1,139,360,141,-1,361,146,145,-1,361,145,360,-1,360,145,143,-1,360,143,141,-1,154,152,346,-1,346,152,150,-1,346,150,361,-1,361,150,148,-1,361,148,146,-1,362,306,133,-1,348,343,349,-1,349,343,345,-1,349,345,359,-1,359,345,363,-1,359,363,360,-1,360,363,364,-1,360,364,361,-1,361,364,365,-1,361,365,346,-1,346,365,362,-1,346,362,135,-1,135,362,133,-1,366,358,367,-1,367,358,355,-1,367,355,368,-1,368,355,354,-1,368,354,369,-1,369,354,353,-1,369,353,370,-1,370,353,352,-1,370,352,350,-1,350,352,351,-1,350,351,290,-1,290,351,292,-1,344,371,345,-1,345,371,372,-1,345,372,363,-1,363,372,373,-1,363,373,364,-1,364,373,374,-1,364,374,365,-1,365,374,375,-1,365,375,362,-1,362,375,376,-1,362,376,306,-1,306,376,307,-1,371,366,372,-1,372,366,367,-1,372,367,373,-1,373,367,368,-1,373,368,374,-1,374,368,369,-1,374,369,375,-1,375,369,370,-1,375,370,376,-1,376,370,350,-1,376,350,307,-1,307,350,308,-1,377,378,379,-1,126,124,380,-1,203,222,381,-1,382,383,384,-1,226,382,228,-1,228,382,384,-1,228,384,230,-1,230,384,232,-1,232,384,233,-1,233,384,385,-1,233,385,205,-1,205,385,207,-1,207,385,386,-1,207,386,209,-1,387,214,213,-1,387,213,386,-1,386,213,211,-1,386,211,209,-1,222,220,381,-1,381,220,218,-1,381,218,387,-1,387,218,216,-1,387,216,214,-1,388,389,201,-1,107,390,109,-1,109,390,391,-1,109,391,110,-1,392,101,103,-1,101,392,99,-1,99,392,393,-1,99,393,97,-1,394,113,393,-1,393,113,96,-1,393,96,97,-1,395,116,394,-1,394,116,114,-1,394,114,113,-1,124,122,380,-1,380,122,120,-1,380,120,395,-1,395,120,118,-1,395,118,116,-1,128,126,396,-1,396,126,380,-1,396,380,397,-1,397,380,398,-1,383,377,384,-1,384,377,379,-1,384,379,385,-1,385,379,399,-1,385,399,386,-1,386,399,400,-1,386,400,387,-1,387,400,401,-1,387,401,381,-1,381,401,388,-1,381,388,203,-1,203,388,201,-1,402,398,403,-1,403,398,380,-1,403,380,404,-1,404,380,395,-1,404,395,405,-1,405,395,394,-1,405,394,406,-1,406,394,393,-1,406,393,391,-1,391,393,392,-1,391,392,110,-1,110,392,103,-1,378,407,379,-1,379,407,408,-1,379,408,399,-1,399,408,409,-1,399,409,400,-1,400,409,410,-1,400,410,401,-1,401,410,411,-1,401,411,388,-1,388,411,412,-1,388,412,389,-1,389,412,413,-1,407,402,408,-1,408,402,403,-1,408,403,409,-1,409,403,404,-1,409,404,410,-1,410,404,405,-1,410,405,411,-1,411,405,406,-1,411,406,412,-1,412,406,391,-1,412,391,413,-1,413,391,390,-1,
        ]
    }
}
Shape{
    appearance Appearance {
        material  Material 	{
            diffuseColor 1.0 0.7529411764705882 0.12156862745098039
            specularColor 0.5019607843137255 0.3764705882352941 0.058823529411764705
            ambientIntensity 0.7548
            transparency 0.0
            shininess 0.5
        }
    }
    geometry IndexedFaceSet {
        ccw TRUE
        solid FALSE
        coord DEF co Coordinate {
            point [
                1.2992 -0.7283 0.2362, 1.2992 -0.7283 0.0, 1.4506 -0.7124 0.0, 1.4506 -0.7124 0.2362, 1.5954 -0.6654 0.0, 1.5954 -0.6654 0.2362, 1.7273 -0.5892 0.0, 1.7273 -0.5892 0.2362, 1.8404 -0.4874 0.0, 1.8404 -0.4874 0.2362, 1.9299 -0.3642 0.0, 1.9299 -0.3642 0.2362, 1.9919 -0.2251 0.0, 1.9919 -0.2251 0.2362, 2.0116 -0.1514 0.2362, 2.0235 -0.0761 0.0, 2.0235 -0.0761 0.2362, 2.0275 -0.0 0.2362, 2.0235 0.0761 0.0, 2.0235 0.0761 0.2362, 2.0116 0.1514 0.2362, 1.9919 0.2251 0.0, 1.9919 0.2251 0.2362, 1.9299 0.3642 0.0, 1.9299 0.3642 0.2362, 1.8404 0.4874 0.0, 1.8404 0.4874 0.2362, 1.7273 0.5892 0.0, 1.7273 0.5892 0.2362, 1.5954 0.6654 0.0, 1.5954 0.6654 0.2362, 1.4506 0.7124 0.0, 1.4506 0.7124 0.2362, 1.2992 0.7283 0.0, 1.2992 0.7283 0.2362, 1.2992 0.9646 1.1417, 1.2992 0.9646 1.5686, 1.4764 0.9481 1.1417, 1.2992 0.9646 2.0256, 1.2992 0.9646 2.0456, 1.4764 0.9481 4.0945, 1.2992 0.9646 2.2026, 1.2992 0.9646 2.2369, 1.2992 0.9646 2.359, 1.2992 0.9646 4.0945, 1.6476 0.8994 4.0945, 1.6476 0.8994 1.1417, 1.8069 0.8201 4.0945, 1.8069 0.8201 1.1417, 1.949 0.7128 4.0945, 1.949 0.7128 1.1417, 2.0689 0.5813 4.0945, 2.0689 0.5813 1.1417, 2.1626 0.4299 4.0945, 2.1626 0.4299 1.1417, 2.2269 0.264 4.0945, 2.2269 0.264 1.1417, 2.2596 0.089 4.0945, 2.2596 0.089 1.1417, 2.2596 -0.089 4.0945, 2.2596 -0.089 1.1417, 2.2269 -0.264 4.0945, 2.2269 -0.264 1.1417, 2.1626 -0.4299 4.0945, 2.1626 -0.4299 1.1417, 2.0689 -0.5813 4.0945, 2.0689 -0.5813 1.1417, 1.949 -0.7128 4.0945, 1.949 -0.7128 1.1417, 1.8069 -0.8201 4.0945, 1.8069 -0.8201 1.1417, 1.6476 -0.8994 4.0945, 1.6476 -0.8994 1.1417, 1.4764 -0.9481 4.0945, 1.4764 -0.9481 1.1417, 1.2992 -0.9646 4.0945, 1.2992 -0.9646 1.1417, -1.4765 0.9481 4.0945, -1.6477 0.8994 1.1417, -1.6477 0.8994 4.0945, -1.807 0.8201 1.1417, -1.807 0.8201 4.0945, -1.9491 0.7128 1.1417, -1.9491 0.7128 4.0945, -2.069 0.5813 1.1417, -2.069 0.5813 4.0945, -2.1627 0.4299 1.1417, -2.1627 0.4299 4.0945, -2.227 0.264 1.1417, -2.227 0.264 4.0945, -2.2597 0.089 1.1417, -2.2597 0.089 4.0945, -2.2597 -0.089 1.1417, -2.2597 -0.089 4.0945, -2.227 -0.264 1.1417, -2.227 -0.264 4.0945, -2.1627 -0.4299 1.1417, -2.1627 -0.4299 4.0945, -2.069 -0.5813 1.1417, -2.069 -0.5813 4.0945, -1.9491 -0.7128 1.1417, -1.9491 -0.7128 4.0945, -1.807 -0.8201 1.1417, -1.807 -0.8201 4.0945, -1.6477 -0.8994 1.1417, -1.6477 -0.8994 4.0945, -1.4765 -0.9481 1.1417, -1.4765 -0.9481 4.0945, -1.2993 -0.9646 1.1417, -1.2993 -0.9646 4.0945, -1.2993 0.9646 4.0945, -1.2993 0.9646 2.359, -1.4765 0.9481 1.1417, -1.2993 0.9646 2.2369, -1.2993 0.9646 2.2026, -1.2993 0.9646 2.0456, -1.2993 0.9646 2.0256, -1.2993 0.9646 1.5686, -1.2993 0.9646 1.1417, -2.1556 -0.0 4.0945, -2.138 -0.1646 4.0945, -2.0859 -0.3217 4.0945, -2.0018 -0.4642 4.0945, -1.8894 -0.5857 4.0945, -1.7539 -0.6807 4.0945, -1.6013 -0.7448 4.0945, -1.4387 -0.7752 4.0945, -1.2732 -0.7705 4.0945, -1.1126 -0.7308 4.0945, -1.1126 0.7308 4.0945, -0.3741 0.9646 4.0945, -1.2732 0.7705 4.0945, -1.4387 0.7752 4.0945, -1.6013 0.7448 4.0945, -1.7539 0.6807 4.0945, -1.8894 0.5857 4.0945, -2.0018 0.4642 4.0945, -2.0859 0.3217 4.0945, -2.138 0.1646 4.0945, -0.9639 -0.6581 4.0945, -0.149 -0.7632 4.0945, -0.834 0.5556 4.0945, -0.7604 0.4724 4.0945, -0.6176 0.4724 4.0945, 0.0338 0.9646 4.0945, -0.0329 0.9646 4.0945, -0.0001 0.7776 4.0945, -0.5418 0.5578 4.0945, -0.9639 0.6581 4.0945, 1.3779 0.7776 4.0945, 1.5396 0.7606 4.0945, 1.6942 0.7103 4.0945, 1.8349 0.6291 4.0945, 1.9557 0.5203 4.0945, 2.0513 0.3888 4.0945, 2.1174 0.2403 4.0945, 2.1512 0.0813 4.0945, 2.1512 -0.0813 4.0945, 2.1174 -0.2403 4.0945, 2.0513 -0.3888 4.0945, 1.9557 -0.5203 4.0945, 1.8349 -0.6291 4.0945, 1.6942 -0.7103 4.0945, 1.5396 -0.7606 4.0945, 1.3779 -0.7776 4.0945, -0.0001 -0.7776 4.0945, -0.6176 -0.4724 4.0945, -0.7604 -0.4724 4.0945, -0.5418 -0.5578 4.0945, -0.834 -0.5556 4.0945, -0.4249 -0.6512 4.0945, -0.2924 -0.7205 4.0945, -0.4249 0.6512 4.0945, -0.2924 0.7205 4.0945, -0.3377 0.9646 4.0945, -0.2903 0.9646 4.0945, -0.0401 0.9646 4.0945, -0.1415 0.9646 4.0945, -0.149 0.7632 4.0945, -0.1961 0.9646 4.0945, -0.2251 0.9646 4.0945, 0.988 0.9646 4.0945, 0.0832 0.9646 4.0945, 1.3779 -0.7185 3.9678, 1.5273 -0.7028 3.9678, 1.3779 -0.7185 1.5354, 1.5378 -0.7005 1.5354, 1.5375 -0.6995 3.9678, 1.6701 -0.6564 3.9678, 1.6896 -0.6473 1.5354, 1.6887 -0.6457 3.9678, 1.8002 -0.5813 3.9678, 1.8259 -0.5617 1.5354, 1.8241 -0.5598 3.9678, 1.9119 -0.4808 3.9678, 1.9397 -0.448 1.5354, 1.9371 -0.4461 3.9678, 2.0001 -0.3593 3.9678, 2.0253 -0.3117 1.5354, 2.022 -0.3103 3.9678, 2.0612 -0.222 3.9678, 2.0784 -0.1599 1.5354, 2.0746 -0.1591 3.9678, 2.0925 -0.0751 3.9678, 2.0964 -0.0 1.5354, 2.0925 -0.0 3.9678, 2.0925 0.0751 3.9678, 2.0784 0.1599 1.5354, 2.0746 0.1591 3.9678, 2.0612 0.222 3.9678, 2.0253 0.3117 1.5354, 2.022 0.3103 3.9678, 2.0001 0.3593 3.9678, 1.9397 0.448 1.5354, 1.9371 0.4461 3.9678, 1.9119 0.4808 3.9678, 1.8259 0.5617 1.5354, 1.8241 0.5598 3.9678, 1.8002 0.5813 3.9678, 1.6896 0.6473 1.5354, 1.6887 0.6457 3.9678, 1.6701 0.6564 3.9678, 1.5378 0.7005 1.5354, 1.5375 0.6995 3.9678, 1.3779 0.7185 1.5354, 1.5273 0.7028 3.9678, 1.3779 0.7185 3.9678, -0.0001 -0.7185 3.9678, -0.0001 -0.7185 1.5354, -0.5877 -0.4134 3.9678, -0.5006 -0.5154 3.9678, -0.5877 -0.4134 1.5354, -0.4983 -0.5177 1.5354, -0.4981 -0.5175 3.9678, -0.3927 -0.6017 3.9678, -0.3906 -0.6031 1.5354, -0.3905 -0.6029 3.9678, -0.2702 -0.6658 3.9678, -0.2686 -0.6664 1.5354, -0.2686 -0.6663 3.9678, -0.1377 -0.7052 3.9678, -0.1368 -0.7054 1.5354, -0.1368 -0.7053 3.9678, -0.0001 0.7185 1.5354, -0.0001 0.7185 3.9678, -0.1368 0.7054 1.5354, -0.1368 0.7053 3.9678, -0.2686 0.6664 1.5354, -0.1377 0.7052 3.9678, -0.2686 0.6663 3.9678, -0.3906 0.6031 1.5354, -0.2702 0.6658 3.9678, -0.3905 0.6029 3.9678, -0.4983 0.5177 1.5354, -0.3927 0.6017 3.9678, -0.4981 0.5175 3.9678, -0.5877 0.4134 1.5354, -0.5006 0.5154 3.9678, -0.5877 0.4134 3.9678, -0.7903 0.4134 3.9678, -0.8753 0.5134 3.9678, -0.7903 0.4134 1.5354, -0.8946 0.5316 1.5354, -0.8961 0.5298 3.9678, -0.9954 0.6081 3.9678, -1.0222 0.6242 1.5354, -1.0234 0.6219 3.9678, -1.1327 0.6753 3.9678, -1.1669 0.6868 1.5354, -1.1676 0.684 3.9678, -1.2812 0.712 3.9678, -1.3218 0.7163 1.5354, -1.3219 0.7131 3.9678, -1.4341 0.7163 3.9678, -1.4794 0.7113 1.5354, -1.4788 0.708 3.9678, -1.5844 0.6882 3.9678, -1.6321 0.6721 1.5354, -1.6307 0.6687 3.9678, -1.7254 0.629 3.9678, -1.7726 0.6005 1.5354, -1.7704 0.5974 3.9678, -1.8506 0.5412 3.9678, -1.894 0.5 1.5354, -1.8912 0.4973 3.9678, -1.9544 0.4289 3.9678, -1.9907 0.3754 1.5354, -1.9872 0.3733 3.9678, -2.0321 0.2972 3.9678, -2.0578 0.2327 1.5354, -2.0539 0.2314 3.9678, -2.0802 0.1521 3.9678, -2.0922 0.0788 1.5354, -2.0881 0.0784 3.9678, -2.0965 -0.0 3.9678, -2.0922 -0.0788 1.5354, -2.0881 -0.0784 3.9678, -2.0802 -0.1521 3.9678, -2.0578 -0.2327 1.5354, -2.0539 -0.2314 3.9678, -2.0321 -0.2972 3.9678, -1.9907 -0.3754 1.5354, -1.9872 -0.3733 3.9678, -1.9544 -0.4289 3.9678, -1.894 -0.5 1.5354, -1.8912 -0.4973 3.9678, -1.8506 -0.5412 3.9678, -1.7726 -0.6005 1.5354, -1.7704 -0.5974 3.9678, -1.7254 -0.629 3.9678, -1.6321 -0.6721 1.5354, -1.6307 -0.6687 3.9678, -1.5844 -0.6882 3.9678, -1.4794 -0.7113 1.5354, -1.4788 -0.708 3.9678, -1.4341 -0.7163 3.9678, -1.3218 -0.7163 1.5354, -1.3219 -0.7131 3.9678, -1.2812 -0.712 3.9678, -1.1669 -0.6868 1.5354, -1.1676 -0.684 3.9678, -1.1327 -0.6753 3.9678, -1.0222 -0.6242 1.5354, -1.0234 -0.6219 3.9678, -0.9954 -0.6081 3.9678, -0.8946 -0.5316 1.5354, -0.7903 -0.4134 3.9678, -0.7903 -0.4134 1.5354, -0.8753 -0.5134 3.9678, -0.8961 -0.5298 3.9678, 1.5896 0.603 1.1417, 1.7165 0.5233 1.1417, 1.8224 0.4173 1.1417, 1.9022 0.2904 1.1417, 1.9517 0.1489 1.1417, 1.9685 0.0 1.1417, -1.9686 -0.0 1.1417, -1.9518 0.1489 1.1417, -1.9023 0.2904 1.1417, -1.8225 0.4173 1.1417, -1.7166 0.5233 1.1417, 1.9517 -0.1489 1.1417, 1.9022 -0.2904 1.1417, 1.8224 -0.4173 1.1417, 1.7165 -0.5233 1.1417, -1.5897 -0.603 1.1417, -1.7166 -0.5233 1.1417, -1.8225 -0.4173 1.1417, -1.9023 -0.2904 1.1417, -1.9518 -0.1489 1.1417, -1.5897 0.603 1.1417, -1.4482 0.6525 1.1417, -1.2993 0.6693 1.1417, 1.5896 -0.603 1.1417, 1.4481 -0.6525 1.1417, 1.2992 -0.6693 1.1417, -1.2993 -0.6693 1.1417, -1.4482 -0.6525 1.1417, -0.3741 0.9646 1.1417, -0.3377 0.9646 1.1417, -0.2903 0.9646 1.1417, -0.2251 0.9646 1.1417, -0.1961 0.9646 1.1417, -0.1415 0.9646 1.1417, 0.0832 0.9646 1.1417, 0.988 0.9646 1.1417, 1.2992 0.6693 1.1417, 1.4481 0.6525 1.1417, -0.0401 0.9646 1.1417, -0.0329 0.9646 1.1417, 0.0338 0.9646 1.1417, -1.2993 0.6693 0.748, -1.4482 0.6525 0.748, -1.5897 0.603 0.748, -1.7166 0.5233 0.748, -1.8225 0.4173 0.748, -1.9023 0.2904 0.748, -1.9518 0.1489 0.748, -1.9686 -0.0 0.748, -1.9518 -0.1489 0.748, -1.9023 -0.2904 0.748, -1.8225 -0.4173 0.748, -1.7166 -0.5233 0.748, -1.5897 -0.603 0.748, -1.4482 -0.6525 0.748, -1.2993 -0.6693 0.748, -1.239 -0.6693 0.9929, -1.2648 -0.6693 0.9757, 0.0363 -0.6693 0.92, -0.0345 -0.6693 0.8335, 0.0733 -0.6693 0.8335, -1.2648 -0.6693 1.0041, -1.2314 -0.6693 1.0312, -1.2035 -0.6693 1.064, -1.1855 -0.6693 1.064, 1.1652 -0.6693 0.8471, 1.1737 -0.6693 0.8394, 1.1934 -0.6693 0.9292, 1.2461 -0.6693 0.9482, 1.2363 -0.6693 0.9413, 1.2522 -0.6693 0.9322, -0.0494 -0.6693 1.0512, -0.0339 -0.6693 1.06, 0.0599 -0.6693 1.036, 0.0666 -0.6693 1.0221, 0.0698 -0.6693 1.0056, 1.1432 -0.6693 0.8266, 1.1327 -0.6693 0.8412, 1.1245 -0.6693 0.8623, 1.1226 -0.6693 0.8709, 0.0733 -0.6693 0.8066, 1.1256 -0.6693 0.9981, 1.1384 -0.6693 1.0267, 1.1523 -0.6693 1.0453, 1.2769 -0.6693 0.8799, 1.2992 -0.6693 0.748, 1.2752 -0.6693 0.8976, 1.2677 -0.6693 0.9744, 1.2709 -0.6693 0.9099, 1.2635 -0.6693 0.9213, -0.0597 -0.6693 1.0419, -0.0779 -0.6693 0.8066, -0.0779 -0.6693 0.8126, 1.1634 -0.6693 1.0542, 1.1766 -0.6693 1.0605, 1.1961 -0.6693 1.0643, 1.2191 -0.6693 1.0637, 1.2598 -0.6693 0.9616, 0.0259 -0.6693 1.0626, 0.0406 -0.6693 1.0555, 0.0512 -0.6693 1.0473, 0.0689 -0.6693 0.9855, 0.0633 -0.6693 0.966, 0.0419 -0.6693 0.9278, 1.2743 -0.6693 0.8584, 1.2687 -0.6693 0.843, 1.2598 -0.6693 0.8297, 0.0221 -0.6693 0.9508, -0.0115 -0.6693 1.0357, -0.0234 -0.6693 1.0314, 1.2477 -0.6693 0.8184, 1.2305 -0.6693 0.8085, 1.2116 -0.6693 0.8035, -0.0522 -0.6693 1.0015, -0.0121 -0.6693 0.9033, -0.0554 -0.6693 0.9936, -0.0587 -0.6693 0.8512, -0.0839 -0.6693 0.9981, -0.0694 -0.6693 0.8383, -0.0751 -0.6693 0.8264, 1.2169 -0.6693 0.9224, 1.1826 -0.6693 0.8344, 1.2282 -0.6693 0.9161, 1.1525 -0.6693 0.9936, 1.1839 -0.6693 0.9502, 1.1606 -0.6693 1.0122, 1.2017 -0.6693 0.9531, 1.1692 -0.6693 1.0245, 1.1773 -0.6693 1.0318, 1.2578 -0.6693 1.0443, 1.2654 -0.6693 1.0336, -1.2155 -0.6693 1.0131, -1.2155 -0.6693 0.8066, -1.1855 -0.6693 0.8066, -0.072 -0.6693 1.0248, -0.036 -0.6693 1.0233, -0.0452 -0.6693 1.0135, 1.2068 -0.6693 0.8316, 1.2165 -0.6693 0.8338, 1.2248 -0.6693 0.8381, 1.1839 -0.6693 0.9308, 1.1495 -0.6693 0.8754, 1.156 -0.6693 0.86, 1.2346 -0.6693 0.9724, 1.2391 -0.6693 0.9803, 1.1855 -0.6693 1.0358, 1.2418 -0.6693 0.9895, 1.2424 -0.6693 1.0006, 1.2408 -0.6693 1.011, 1.2358 -0.6693 1.059, 1.2487 -0.6693 1.0522, 1.2707 -0.6693 1.0207, 1.2732 -0.6693 1.0058, 1.2718 -0.6693 0.9879, -0.0164 -0.6693 1.0647, -0.009 -0.6693 1.0655, 0.011 -0.6693 1.0657, 1.1929 -0.6693 0.8031, 1.173 -0.6693 0.8075, 1.1563 -0.6693 0.8158, 0.0243 -0.6693 1.0284, 0.016 -0.6693 1.0338, 0.0348 -0.6693 0.9773, 0.0092 -0.6693 1.0362, 0.0003 -0.6693 1.0372, 1.1932 -0.6693 0.8317, 1.2376 -0.6693 1.019, 1.2334 -0.6693 1.0249, 1.2276 -0.6693 1.0303, 1.2181 -0.6693 1.0355, 1.2083 -0.6693 1.0383, 1.1979 -0.6693 1.0386, 1.2396 -0.6693 0.8551, 1.2438 -0.6693 0.8661, 1.2454 -0.6693 0.8778, 1.2443 -0.6693 0.8907, 1.1849 -0.6693 1.0356, 1.2181 -0.6693 0.9588, 1.2273 -0.6693 0.9647, 0.0383 -0.6693 0.9931, 0.0382 -0.6693 1.0035, 0.0308 -0.6693 1.0217, 0.0357 -0.6693 1.0131, 1.232 -0.6693 0.8443, 1.2406 -0.6693 0.9017, 1.2354 -0.6693 0.9094, 1.4481 -0.6525 0.748, 1.5896 -0.603 0.748, 1.7165 -0.5233 0.748, 1.8224 -0.4173 0.748, 1.9022 -0.2904 0.748, 1.9517 -0.1489 0.748, 1.9685 0.0 0.748, 1.9517 0.1489 0.748, 1.9022 0.2904 0.748, 1.8224 0.4173 0.748, 1.7165 0.5233 0.748, 1.5896 0.603 0.748, 1.4481 0.6525 0.748, 1.2992 0.6693 0.748, 1.2992 -1.0433 0.5512, 1.2992 -1.0433 0.748, -1.2993 -1.0433 0.5512, -1.2993 -1.0433 0.748, -1.2993 1.0433 0.748, -1.2993 1.0433 0.5512, -1.491 1.0255 0.5512, -1.491 1.0255 0.748, -1.6761 0.9729 0.5512, -1.6761 0.9729 0.748, -1.8485 0.887 0.5512, -1.8485 0.887 0.748, -2.0021 0.771 0.5512, -2.0021 0.771 0.748, -2.1318 0.6287 0.5512, -2.1318 0.6287 0.748, -2.2332 0.465 0.5512, -2.2332 0.465 0.748, -2.3027 0.2855 0.5512, -2.3027 0.2855 0.748, -2.3381 0.0963 0.5512, -2.3381 0.0963 0.748, -2.3381 -0.0963 0.5512, -2.3381 -0.0963 0.748, -2.3027 -0.2855 0.5512, -2.3027 -0.2855 0.748, -2.2332 -0.465 0.5512, -2.2332 -0.465 0.748, -2.1318 -0.6287 0.5512, -2.1318 -0.6287 0.748, -2.0021 -0.771 0.5512, -2.0021 -0.771 0.748, -1.8485 -0.887 0.5512, -1.8485 -0.887 0.748, -1.6761 -0.9729 0.5512, -1.6761 -0.9729 0.748, -1.491 -1.0255 0.5512, -1.491 -1.0255 0.748, 1.2992 1.0433 0.5512, 1.2992 1.0433 0.748, 1.4909 -1.0255 0.5512, 1.4909 -1.0255 0.748, 1.676 -0.9729 0.5512, 1.676 -0.9729 0.748, 1.8484 -0.887 0.5512, 1.8484 -0.887 0.748, 2.002 -0.771 0.5512, 2.002 -0.771 0.748, 2.1317 -0.6287 0.5512, 2.1317 -0.6287 0.748, 2.2331 -0.465 0.5512, 2.2331 -0.465 0.748, 2.3026 -0.2855 0.5512, 2.3026 -0.2855 0.748, 2.338 -0.0963 0.5512, 2.338 -0.0963 0.748, 2.338 0.0963 0.5512, 2.338 0.0963 0.748, 2.3026 0.2855 0.5512, 2.3026 0.2855 0.748, 2.2331 0.465 0.5512, 2.2331 0.465 0.748, 2.1317 0.6287 0.5512, 2.1317 0.6287 0.748, 2.002 0.771 0.5512, 2.002 0.771 0.748, 1.8484 0.887 0.5512, 1.8484 0.887 0.748, 1.676 0.9729 0.5512, 1.676 0.9729 0.748, 1.4909 1.0255 0.5512, 1.4909 1.0255 0.748, -1.2993 -0.7283 0.2362, -1.2993 -0.7283 0.0, -1.2993 0.7283 0.2362, -1.2993 0.7283 0.0, -1.4507 0.7124 0.0, -1.4507 0.7124 0.2362, -1.5955 0.6654 0.0, -1.5955 0.6654 0.2362, -1.7274 0.5892 0.0, -1.7274 0.5892 0.2362, -1.8405 0.4874 0.0, -1.8405 0.4874 0.2362, -1.93 0.3642 0.0, -1.93 0.3642 0.2362, -1.992 0.2251 0.0, -1.992 0.2251 0.2362, -2.0117 0.1514 0.2362, -2.0236 0.0761 0.0, -2.0236 0.0761 0.2362, -2.0276 0.0 0.2362, -2.0236 -0.0761 0.0, -2.0236 -0.0761 0.2362, -2.0117 -0.1514 0.2362, -1.992 -0.2251 0.0, -1.992 -0.2251 0.2362, -1.93 -0.3642 0.0, -1.93 -0.3642 0.2362, -1.8405 -0.4874 0.0, -1.8405 -0.4874 0.2362, -1.7274 -0.5892 0.0, -1.7274 -0.5892 0.2362, -1.5955 -0.6654 0.0, -1.5955 -0.6654 0.2362, -1.4507 -0.7124 0.0, -1.4507 -0.7124 0.2362, -0.2921 -0.5802 0.5512, -0.1502 -0.632 0.5512, -0.0001 -0.6496 0.5512, 0.1501 -0.632 0.5512, -0.1502 0.632 0.5512, -0.0001 0.6496 0.5512, 0.1501 0.632 0.5512, 0.292 0.5802 0.5512, -2.0108 -0.1469 0.5512, -1.9612 -0.2861 0.5512, -0.7809 -0.2559 0.5512, -0.5971 -0.2559 0.5512, -0.8542 -0.3843 0.5512, -0.5218 -0.3869 0.5512, -0.9547 -0.4927 0.5512, -1.077 -0.5757 0.5512, -1.215 -0.6288 0.5512, -0.4183 -0.497 0.5512, 0.5217 -0.3869 0.5512, 0.4182 -0.497 0.5512, 0.292 -0.5802 0.5512, 2.0107 0.1469 0.5512, 1.9611 0.2861 0.5512, -0.5971 0.2559 0.5512, -0.7809 0.2559 0.5512, -0.5218 0.3869 0.5512, -0.8542 0.3843 0.5512, -0.9547 0.4927 0.5512, -1.077 0.5757 0.5512, -1.215 0.6288 0.5512, -1.8814 -0.4106 0.5512, -1.7756 -0.5138 0.5512, -1.6491 -0.5903 0.5512, -1.5086 -0.6363 0.5512, -1.3614 -0.6494 0.5512, -0.2921 0.5802 0.5512, -0.4183 0.497 0.5512, 0.597 -0.2559 0.5512, 0.7808 -0.2559 0.5512, 0.8541 -0.3843 0.5512, -1.3614 0.6494 0.5512, -1.5086 0.6363 0.5512, -1.6491 0.5903 0.5512, -2.0276 -0.0 0.5512, -2.0108 0.1469 0.5512, -1.9612 0.2861 0.5512, -1.8814 0.4106 0.5512, -1.7756 0.5138 0.5512, 0.7808 0.2559 0.5512, 0.597 0.2559 0.5512, 0.8541 0.3843 0.5512, 0.5217 0.3869 0.5512, 0.9546 0.4927 0.5512, 1.0769 0.5757 0.5512, 1.2149 0.6288 0.5512, 0.4182 0.497 0.5512, 0.9546 -0.4927 0.5512, 1.0769 -0.5757 0.5512, 1.2149 -0.6288 0.5512, 1.8813 0.4106 0.5512, 1.7755 0.5138 0.5512, 1.649 0.5903 0.5512, 1.5085 0.6363 0.5512, 1.3613 0.6494 0.5512, 1.3613 -0.6494 0.5512, 1.5085 -0.6363 0.5512, 1.649 -0.5903 0.5512, 2.0275 0.0 0.5512, 2.0107 -0.1469 0.5512, 1.9611 -0.2861 0.5512, 1.8813 -0.4106 0.5512, 1.7755 -0.5138 0.5512, -0.0816 0.3042 0.0, -0.1575 0.2728 0.0, -1.1052 -0.1575 0.0, -1.0738 -0.0815 0.0, -0.2728 -0.1575 0.0, -0.1575 -0.2728 0.0, -0.2228 -0.2227 0.0, -0.0816 -0.3042 0.0, -0.0001 -0.315 0.0, 0.0815 -0.3042 0.0, 1.1051 0.1575 0.0, 1.0737 0.0815 0.0, 1.1051 -0.1575 0.0, 1.1552 -0.2227 0.0, 1.3779 0.315 0.0, -1.378 -0.315 0.0, 1.2204 -0.2728 0.0, 1.2964 -0.3042 0.0, 1.3779 -0.315 0.0, 1.4594 -0.3042 0.0, 1.5354 -0.2728 0.0, 1.6006 -0.2227 0.0, 1.6507 -0.1575 0.0, 1.6821 -0.0815 0.0, 1.6929 0.0 0.0, 1.6821 0.0815 0.0, 1.4594 0.3042 0.0, 1.5354 0.2728 0.0, 1.6006 0.2227 0.0, 1.6507 0.1575 0.0, -1.1052 0.1575 0.0, -0.2728 0.1575 0.0, -1.0738 0.0815 0.0, -0.3043 0.0815 0.0, -1.063 -0.0 0.0, -0.315 -0.0 0.0, -0.3043 -0.0815 0.0, -1.4595 -0.3042 0.0, -1.5355 -0.2728 0.0, -1.6007 -0.2227 0.0, -1.6508 -0.1575 0.0, -1.6822 -0.0815 0.0, -1.693 -0.0 0.0, 1.2964 0.3042 0.0, 1.2204 0.2728 0.0, 1.1552 0.2227 0.0, 1.0629 -0.0 0.0, 0.3149 -0.0 0.0, -1.2965 -0.3042 0.0, -1.2205 -0.2728 0.0, -1.1553 -0.2227 0.0, 1.0737 -0.0815 0.0, 0.1574 -0.2728 0.0, 0.2227 -0.2227 0.0, -1.1553 0.2227 0.0, -0.2228 0.2227 0.0, -1.6822 0.0815 0.0, -1.6508 0.1575 0.0, -1.6007 0.2227 0.0, -1.5355 0.2728 0.0, -1.4595 0.3042 0.0, -1.378 0.315 0.0, -1.2965 0.3042 0.0, -1.2205 0.2728 0.0, 0.2727 -0.1575 0.0, 0.3042 -0.0815 0.0, 0.3042 0.0815 0.0, 0.2727 0.1575 0.0, 0.2227 0.2227 0.0, 0.1574 0.2728 0.0, 0.0815 0.3042 0.0, -0.0001 0.315 0.0, 0.7808 -0.2559 0.2362, 0.8541 -0.3843 0.2362, 0.9546 -0.4927 0.2362, 1.0769 -0.5757 0.2362, 1.2149 -0.6288 0.2362, 1.3613 -0.6494 0.2362, 1.5085 -0.6363 0.2362, 1.649 -0.5903 0.2362, 1.7755 -0.5138 0.2362, 1.8813 -0.4106 0.2362, 1.9611 -0.2861 0.2362, 2.0107 -0.1469 0.2362, 2.0233 -0.0739 0.2362, 2.0107 0.1469 0.2362, 1.9899 0.2179 0.2362, 1.9611 0.2861 0.2362, 1.8813 0.4106 0.2362, 1.7755 0.5138 0.2362, 1.649 0.5903 0.2362, 1.5085 0.6363 0.2362, 1.3613 0.6494 0.2362, 1.2149 0.6288 0.2362, 1.0769 0.5757 0.2362, 0.9546 0.4927 0.2362, 0.8541 0.3843 0.2362, 0.7808 0.2559 0.2362, -0.7809 0.2559 0.2362, -0.8542 0.3843 0.2362, -0.9547 0.4927 0.2362, -1.077 0.5757 0.2362, -1.215 0.6288 0.2362, -1.3614 0.6494 0.2362, -1.5086 0.6363 0.2362, -1.6491 0.5903 0.2362, -1.7756 0.5138 0.2362, -1.8814 0.4106 0.2362, -1.9612 0.2861 0.2362, -2.0108 0.1469 0.2362, -2.0234 0.0739 0.2362, -2.0108 -0.1469 0.2362, -1.99 -0.2179 0.2362, -1.9612 -0.2861 0.2362, -1.8814 -0.4106 0.2362, -1.7756 -0.5138 0.2362, -1.6491 -0.5903 0.2362, -1.5086 -0.6363 0.2362, -1.3614 -0.6494 0.2362, -1.215 -0.6288 0.2362, -1.077 -0.5757 0.2362, -0.9547 -0.4927 0.2362, -0.8542 -0.3843 0.2362, -0.7809 -0.2559 0.2362, -0.5971 0.2559 0.2362, 0.597 0.2559 0.2362, 0.5217 0.3869 0.2362, 0.4182 0.497 0.2362, 0.292 0.5802 0.2362, 0.1501 0.632 0.2362, -0.0001 0.6496 0.2362, -0.1502 0.632 0.2362, -0.2921 0.5802 0.2362, -0.4183 0.497 0.2362, -0.5218 0.3869 0.2362, 0.4182 -0.497 0.2362, 0.292 -0.5802 0.2362, 0.5217 -0.3869 0.2362, 0.1501 -0.632 0.2362, -0.0001 -0.6496 0.2362, -0.1502 -0.632 0.2362, -0.2921 -0.5802 0.2362, 0.597 -0.2559 0.2362, -0.5971 -0.2559 0.2362, -0.5218 -0.3869 0.2362, -0.4183 -0.497 0.2362
            ]
        }
        coordIndex [
            0,1,2,-1,0,2,3,-1,3,2,4,-1,3,4,5,-1,5,4,6,-1,5,6,7,-1,7,6,8,-1,7,8,9,-1,9,8,10,-1,9,10,11,-1,11,10,12,-1,11,12,13,-1,13,12,14,-1,14,12,15,-1,14,15,16,-1,16,15,17,-1,17,15,18,-1,17,18,19,-1,19,18,20,-1,20,18,21,-1,20,21,22,-1,22,21,23,-1,22,23,24,-1,24,23,25,-1,24,25,26,-1,26,25,27,-1,26,27,28,-1,28,27,29,-1,28,29,30,-1,30,29,31,-1,30,31,32,-1,32,31,33,-1,32,33,34,-1,35,36,37,-1,37,36,38,-1,37,38,39,-1,40,39,41,-1,41,42,40,-1,40,42,43,-1,40,43,44,-1,39,40,37,-1,37,40,45,-1,37,45,46,-1,46,45,47,-1,46,47,48,-1,48,47,49,-1,48,49,50,-1,50,49,51,-1,50,51,52,-1,52,51,53,-1,52,53,54,-1,54,53,55,-1,54,55,56,-1,56,55,57,-1,56,57,58,-1,58,57,59,-1,58,59,60,-1,60,59,61,-1,60,61,62,-1,62,61,63,-1,62,63,64,-1,64,63,65,-1,64,65,66,-1,66,65,67,-1,66,67,68,-1,68,67,69,-1,68,69,70,-1,70,69,71,-1,70,71,72,-1,72,71,73,-1,72,73,74,-1,74,73,75,-1,74,75,76,-1,77,78,79,-1,79,78,80,-1,79,80,81,-1,81,80,82,-1,81,82,83,-1,83,82,84,-1,83,84,85,-1,85,84,86,-1,85,86,87,-1,87,86,88,-1,87,88,89,-1,89,88,90,-1,89,90,91,-1,91,90,92,-1,91,92,93,-1,93,92,94,-1,93,94,95,-1,95,94,96,-1,95,96,97,-1,97,96,98,-1,97,98,99,-1,99,98,100,-1,99,100,101,-1,101,100,102,-1,101,102,103,-1,103,102,104,-1,103,104,105,-1,105,104,106,-1,105,106,107,-1,107,106,108,-1,107,108,109,-1,110,111,77,-1,77,111,112,-1,77,112,78,-1,111,113,112,-1,112,113,114,-1,112,114,115,-1,115,116,112,-1,112,116,117,-1,112,117,118,-1,75,109,76,-1,76,109,108,-1,119,93,120,-1,120,93,95,-1,120,95,121,-1,121,95,97,-1,121,97,122,-1,122,97,99,-1,122,99,123,-1,123,99,101,-1,123,101,124,-1,124,101,103,-1,124,103,125,-1,125,103,105,-1,125,105,126,-1,126,105,107,-1,126,107,127,-1,127,107,109,-1,127,109,128,-1,129,130,131,-1,131,130,110,-1,131,110,132,-1,132,110,77,-1,132,77,133,-1,133,77,79,-1,133,79,134,-1,134,79,81,-1,134,81,135,-1,135,81,83,-1,135,83,136,-1,136,83,85,-1,136,85,137,-1,137,85,87,-1,137,87,138,-1,138,87,89,-1,138,89,119,-1,119,89,91,-1,119,91,93,-1,128,109,139,-1,139,109,75,-1,139,75,140,-1,141,142,143,-1,144,145,146,-1,143,147,141,-1,141,147,130,-1,141,130,148,-1,148,130,129,-1,40,149,45,-1,45,149,150,-1,45,150,47,-1,47,150,151,-1,47,151,49,-1,49,151,152,-1,49,152,51,-1,51,152,153,-1,51,153,53,-1,53,153,154,-1,53,154,55,-1,55,154,155,-1,55,155,57,-1,57,155,156,-1,57,156,59,-1,59,156,157,-1,59,157,61,-1,61,157,158,-1,61,158,63,-1,63,158,159,-1,63,159,65,-1,65,159,160,-1,65,160,67,-1,67,160,161,-1,67,161,69,-1,69,161,162,-1,69,162,71,-1,71,162,163,-1,71,163,73,-1,73,163,164,-1,73,164,75,-1,75,164,165,-1,75,165,140,-1,166,167,168,-1,168,167,169,-1,168,169,170,-1,170,169,139,-1,170,139,171,-1,171,139,140,-1,147,172,130,-1,130,172,173,-1,130,173,174,-1,174,173,175,-1,145,176,146,-1,146,176,177,-1,146,177,178,-1,178,177,179,-1,178,179,173,-1,173,179,180,-1,173,180,175,-1,40,44,149,-1,149,44,181,-1,149,181,146,-1,146,181,182,-1,146,182,144,-1,183,184,185,-1,185,184,186,-1,184,187,186,-1,186,187,188,-1,186,188,189,-1,188,190,189,-1,189,190,191,-1,189,191,192,-1,191,193,192,-1,192,193,194,-1,192,194,195,-1,194,196,195,-1,195,196,197,-1,195,197,198,-1,197,199,198,-1,198,199,200,-1,198,200,201,-1,200,202,201,-1,201,202,203,-1,201,203,204,-1,203,205,204,-1,204,205,206,-1,204,206,207,-1,206,208,207,-1,207,208,209,-1,207,209,210,-1,209,211,210,-1,210,211,212,-1,210,212,213,-1,212,214,213,-1,213,214,215,-1,213,215,216,-1,215,217,216,-1,216,217,218,-1,216,218,219,-1,218,220,219,-1,219,220,221,-1,219,221,222,-1,222,221,223,-1,222,223,224,-1,224,223,225,-1,224,225,226,-1,183,185,227,-1,227,185,228,-1,229,230,231,-1,231,230,232,-1,230,233,232,-1,232,233,234,-1,232,234,235,-1,234,236,235,-1,235,236,237,-1,235,237,238,-1,237,239,238,-1,238,239,240,-1,238,240,241,-1,241,240,242,-1,241,242,228,-1,228,242,227,-1,243,244,245,-1,245,244,246,-1,245,246,247,-1,246,248,247,-1,247,248,249,-1,247,249,250,-1,249,251,250,-1,250,251,252,-1,250,252,253,-1,252,254,253,-1,253,254,255,-1,253,255,256,-1,256,255,257,-1,256,257,258,-1,244,243,226,-1,226,243,224,-1,259,260,261,-1,261,260,262,-1,260,263,262,-1,262,263,264,-1,262,264,265,-1,264,266,265,-1,265,266,267,-1,265,267,268,-1,267,269,268,-1,268,269,270,-1,268,270,271,-1,270,272,271,-1,271,272,273,-1,271,273,274,-1,273,275,274,-1,274,275,276,-1,274,276,277,-1,276,278,277,-1,277,278,279,-1,277,279,280,-1,279,281,280,-1,280,281,282,-1,280,282,283,-1,282,284,283,-1,283,284,285,-1,283,285,286,-1,285,287,286,-1,286,287,288,-1,286,288,289,-1,288,290,289,-1,289,290,291,-1,289,291,292,-1,291,293,292,-1,292,293,294,-1,292,294,295,-1,294,296,295,-1,295,296,297,-1,295,297,298,-1,297,299,298,-1,298,299,300,-1,298,300,301,-1,300,302,301,-1,301,302,303,-1,301,303,304,-1,303,305,304,-1,304,305,306,-1,304,306,307,-1,306,308,307,-1,307,308,309,-1,307,309,310,-1,309,311,310,-1,310,311,312,-1,310,312,313,-1,312,314,313,-1,313,314,315,-1,313,315,316,-1,315,317,316,-1,316,317,318,-1,316,318,319,-1,318,320,319,-1,319,320,321,-1,319,321,322,-1,321,323,322,-1,322,323,324,-1,322,324,325,-1,326,327,328,-1,328,327,325,-1,328,325,329,-1,329,325,324,-1,259,261,258,-1,258,261,256,-1,229,231,326,-1,326,231,327,-1,147,143,258,-1,258,257,147,-1,147,257,255,-1,147,255,172,-1,255,254,172,-1,172,254,252,-1,172,252,173,-1,252,251,173,-1,173,251,249,-1,173,249,178,-1,244,146,246,-1,246,146,178,-1,246,178,248,-1,248,178,249,-1,142,259,143,-1,143,259,258,-1,226,149,244,-1,244,149,146,-1,169,167,326,-1,326,328,169,-1,169,328,329,-1,169,329,139,-1,329,324,139,-1,139,324,323,-1,139,323,128,-1,323,321,128,-1,128,321,320,-1,128,320,127,-1,320,318,127,-1,127,318,317,-1,127,317,126,-1,317,315,126,-1,126,315,314,-1,126,314,125,-1,314,312,125,-1,125,312,311,-1,125,311,124,-1,311,309,124,-1,124,309,308,-1,124,308,123,-1,308,306,123,-1,123,306,305,-1,123,305,122,-1,305,303,122,-1,122,303,302,-1,122,302,121,-1,302,300,121,-1,121,300,299,-1,121,299,120,-1,299,297,120,-1,120,297,296,-1,120,296,119,-1,296,294,119,-1,119,294,293,-1,119,293,138,-1,293,291,138,-1,138,291,290,-1,138,290,137,-1,290,288,137,-1,137,288,287,-1,137,287,136,-1,287,285,136,-1,136,285,284,-1,136,284,135,-1,284,282,135,-1,135,282,281,-1,135,281,134,-1,281,279,134,-1,134,279,278,-1,134,278,133,-1,278,276,133,-1,133,276,275,-1,133,275,132,-1,275,273,132,-1,132,273,272,-1,132,272,131,-1,272,270,131,-1,131,270,269,-1,131,269,129,-1,269,267,129,-1,129,267,266,-1,129,266,148,-1,259,142,260,-1,260,142,141,-1,260,141,263,-1,263,141,148,-1,263,148,264,-1,264,148,266,-1,150,149,226,-1,226,225,150,-1,150,225,223,-1,150,223,151,-1,223,221,151,-1,151,221,220,-1,151,220,152,-1,220,218,152,-1,152,218,217,-1,152,217,153,-1,217,215,153,-1,153,215,214,-1,153,214,154,-1,214,212,154,-1,154,212,211,-1,154,211,155,-1,211,209,155,-1,155,209,208,-1,155,208,156,-1,208,206,156,-1,156,206,205,-1,156,205,157,-1,205,203,157,-1,157,203,202,-1,157,202,158,-1,202,200,158,-1,158,200,199,-1,158,199,159,-1,199,197,159,-1,159,197,196,-1,159,196,160,-1,196,194,160,-1,160,194,193,-1,160,193,161,-1,193,191,161,-1,161,191,190,-1,161,190,162,-1,183,164,184,-1,184,164,163,-1,184,163,187,-1,187,163,162,-1,187,162,188,-1,188,162,190,-1,166,229,167,-1,167,229,326,-1,227,165,183,-1,183,165,164,-1,227,242,165,-1,165,242,140,-1,242,240,140,-1,140,240,239,-1,140,239,171,-1,239,237,171,-1,171,237,236,-1,171,236,170,-1,229,166,230,-1,230,166,168,-1,230,168,233,-1,233,168,170,-1,233,170,234,-1,234,170,236,-1,330,48,331,-1,331,48,50,-1,331,50,332,-1,332,50,52,-1,332,52,333,-1,333,52,54,-1,333,54,334,-1,334,54,56,-1,334,56,335,-1,336,90,337,-1,337,90,88,-1,337,88,338,-1,338,88,86,-1,338,86,339,-1,339,86,84,-1,339,84,340,-1,56,58,335,-1,335,58,60,-1,335,60,341,-1,341,60,62,-1,341,62,342,-1,342,62,64,-1,342,64,343,-1,343,64,66,-1,343,66,344,-1,345,102,346,-1,346,102,100,-1,346,100,347,-1,347,100,98,-1,347,98,348,-1,348,98,96,-1,348,96,349,-1,349,96,94,-1,349,94,336,-1,336,94,92,-1,336,92,90,-1,84,82,340,-1,340,82,80,-1,340,80,350,-1,350,80,78,-1,350,78,351,-1,351,78,112,-1,351,112,352,-1,352,112,118,-1,66,68,344,-1,344,68,70,-1,344,70,353,-1,353,70,72,-1,353,72,354,-1,354,72,74,-1,354,74,355,-1,355,74,76,-1,355,76,356,-1,356,76,108,-1,356,108,357,-1,357,108,106,-1,357,106,345,-1,345,106,104,-1,345,104,102,-1,118,358,352,-1,352,358,359,-1,352,359,360,-1,360,361,352,-1,352,361,362,-1,352,362,363,-1,364,365,366,-1,366,365,35,-1,366,35,367,-1,367,35,37,-1,367,37,330,-1,330,37,46,-1,330,46,48,-1,363,368,352,-1,352,368,369,-1,352,369,366,-1,366,369,370,-1,366,370,364,-1,352,371,372,-1,352,372,351,-1,351,372,373,-1,351,373,350,-1,350,373,374,-1,350,374,340,-1,340,374,375,-1,340,375,339,-1,339,375,376,-1,339,376,338,-1,338,376,377,-1,338,377,337,-1,337,377,378,-1,337,378,336,-1,336,378,379,-1,336,379,349,-1,349,379,380,-1,349,380,348,-1,348,380,381,-1,348,381,347,-1,347,381,382,-1,347,382,346,-1,346,382,383,-1,346,383,345,-1,345,383,384,-1,345,384,357,-1,357,384,385,-1,357,385,356,-1,386,387,385,-1,388,389,390,-1,385,387,356,-1,356,387,391,-1,356,391,392,-1,392,393,356,-1,356,393,394,-1,356,394,355,-1,395,396,397,-1,398,399,400,-1,401,402,394,-1,403,404,355,-1,355,404,405,-1,406,407,385,-1,408,409,410,-1,410,409,411,-1,410,411,390,-1,390,411,412,-1,390,412,413,-1,414,415,416,-1,416,415,417,-1,416,417,418,-1,418,417,419,-1,401,394,420,-1,385,421,422,-1,413,423,390,-1,390,423,424,-1,390,424,355,-1,355,424,425,-1,355,425,426,-1,419,417,400,-1,400,417,427,-1,400,427,398,-1,428,429,355,-1,355,429,430,-1,355,430,403,-1,405,431,355,-1,355,431,432,-1,355,432,390,-1,390,432,433,-1,390,433,388,-1,414,434,415,-1,415,434,435,-1,415,435,436,-1,437,438,439,-1,436,440,415,-1,415,440,441,-1,415,441,442,-1,421,385,410,-1,410,385,407,-1,410,407,408,-1,437,443,444,-1,444,443,445,-1,444,445,446,-1,446,445,447,-1,446,447,448,-1,448,447,385,-1,448,385,449,-1,449,385,422,-1,397,396,450,-1,450,396,451,-1,450,451,452,-1,453,454,455,-1,455,454,456,-1,455,456,457,-1,457,456,458,-1,355,459,460,-1,461,386,462,-1,462,386,385,-1,462,385,463,-1,463,385,447,-1,463,447,394,-1,394,447,464,-1,394,464,420,-1,439,465,437,-1,437,465,466,-1,437,466,443,-1,467,468,469,-1,453,411,454,-1,454,411,409,-1,454,409,470,-1,470,409,471,-1,470,471,397,-1,397,471,472,-1,397,472,395,-1,473,474,475,-1,474,476,475,-1,475,476,477,-1,475,477,478,-1,426,479,355,-1,355,479,480,-1,355,480,459,-1,460,481,355,-1,355,481,482,-1,355,482,415,-1,415,482,483,-1,415,483,417,-1,402,484,394,-1,394,484,485,-1,394,485,355,-1,355,485,486,-1,355,486,428,-1,442,487,415,-1,415,487,488,-1,415,488,385,-1,385,488,489,-1,385,489,406,-1,490,491,492,-1,492,491,493,-1,492,493,437,-1,437,493,494,-1,437,494,438,-1,467,469,495,-1,478,496,475,-1,475,496,497,-1,475,497,498,-1,498,499,475,-1,475,499,500,-1,475,500,501,-1,502,503,451,-1,451,503,504,-1,451,504,505,-1,458,456,506,-1,506,456,507,-1,506,507,475,-1,475,507,508,-1,475,508,473,-1,492,509,490,-1,490,509,510,-1,490,510,511,-1,511,510,512,-1,495,469,451,-1,451,469,513,-1,451,513,502,-1,505,514,451,-1,451,514,515,-1,451,515,452,-1,355,415,516,-1,355,516,354,-1,354,516,517,-1,354,517,353,-1,353,517,518,-1,353,518,344,-1,344,518,519,-1,344,519,343,-1,343,519,520,-1,343,520,342,-1,342,520,521,-1,342,521,341,-1,341,521,522,-1,341,522,335,-1,335,522,523,-1,335,523,334,-1,334,523,524,-1,334,524,333,-1,333,524,525,-1,333,525,332,-1,332,525,526,-1,332,526,331,-1,331,526,527,-1,331,527,330,-1,330,527,528,-1,330,528,367,-1,367,528,529,-1,367,529,366,-1,352,366,371,-1,371,366,529,-1,530,531,532,-1,532,531,533,-1,534,535,536,-1,534,536,537,-1,537,536,538,-1,537,538,539,-1,539,538,540,-1,539,540,541,-1,541,540,542,-1,541,542,543,-1,543,542,544,-1,543,544,545,-1,545,544,546,-1,545,546,547,-1,547,546,548,-1,547,548,549,-1,549,548,550,-1,549,550,551,-1,551,550,552,-1,551,552,553,-1,553,552,554,-1,553,554,555,-1,555,554,556,-1,555,556,557,-1,557,556,558,-1,557,558,559,-1,559,558,560,-1,559,560,561,-1,561,560,562,-1,561,562,563,-1,563,562,564,-1,563,564,565,-1,565,564,566,-1,565,566,567,-1,567,566,532,-1,567,532,533,-1,535,534,568,-1,568,534,569,-1,531,530,570,-1,531,570,571,-1,571,570,572,-1,571,572,573,-1,573,572,574,-1,573,574,575,-1,575,574,576,-1,575,576,577,-1,577,576,578,-1,577,578,579,-1,579,578,580,-1,579,580,581,-1,581,580,582,-1,581,582,583,-1,583,582,584,-1,583,584,585,-1,585,584,586,-1,585,586,587,-1,587,586,588,-1,587,588,589,-1,589,588,590,-1,589,590,591,-1,591,590,592,-1,591,592,593,-1,593,592,594,-1,593,594,595,-1,595,594,596,-1,595,596,597,-1,597,596,598,-1,597,598,599,-1,599,598,600,-1,599,600,601,-1,601,600,568,-1,601,568,569,-1,522,587,523,-1,523,587,589,-1,523,589,524,-1,524,589,591,-1,524,591,525,-1,525,591,593,-1,525,593,526,-1,373,541,374,-1,374,541,543,-1,374,543,375,-1,375,543,545,-1,375,545,376,-1,376,545,547,-1,376,547,377,-1,377,547,549,-1,377,549,378,-1,517,575,518,-1,518,575,577,-1,518,577,519,-1,519,577,579,-1,519,579,520,-1,520,579,581,-1,520,581,521,-1,521,581,583,-1,521,583,522,-1,522,583,585,-1,522,585,587,-1,549,551,378,-1,378,551,553,-1,378,553,379,-1,379,553,555,-1,379,555,380,-1,380,555,557,-1,380,557,381,-1,381,557,559,-1,381,559,382,-1,593,595,526,-1,526,595,597,-1,526,597,527,-1,527,597,599,-1,527,599,528,-1,528,599,601,-1,528,601,529,-1,529,601,569,-1,529,569,371,-1,371,569,534,-1,371,534,372,-1,372,534,537,-1,372,537,373,-1,373,537,539,-1,373,539,541,-1,559,561,382,-1,382,561,563,-1,382,563,383,-1,383,563,565,-1,383,565,384,-1,384,565,567,-1,384,567,385,-1,385,567,533,-1,385,533,415,-1,415,533,531,-1,415,531,516,-1,516,531,571,-1,516,571,517,-1,517,571,573,-1,517,573,575,-1,602,603,0,-1,0,603,1,-1,604,605,606,-1,604,606,607,-1,607,606,608,-1,607,608,609,-1,609,608,610,-1,609,610,611,-1,611,610,612,-1,611,612,613,-1,613,612,614,-1,613,614,615,-1,615,614,616,-1,615,616,617,-1,617,616,618,-1,618,616,619,-1,618,619,620,-1,620,619,621,-1,621,619,622,-1,621,622,623,-1,623,622,624,-1,624,622,625,-1,624,625,626,-1,626,625,627,-1,626,627,628,-1,628,627,629,-1,628,629,630,-1,630,629,631,-1,630,631,632,-1,632,631,633,-1,632,633,634,-1,634,633,635,-1,634,635,636,-1,636,635,603,-1,636,603,602,-1,34,33,604,-1,604,33,605,-1,637,638,532,-1,532,638,639,-1,532,639,530,-1,530,639,640,-1,641,535,642,-1,642,535,568,-1,642,568,643,-1,643,568,644,-1,645,646,556,-1,647,648,649,-1,649,648,650,-1,649,650,651,-1,651,650,652,-1,653,652,566,-1,566,652,650,-1,566,650,532,-1,532,650,654,-1,532,654,637,-1,655,570,656,-1,656,570,530,-1,656,530,657,-1,657,530,640,-1,658,659,590,-1,660,661,662,-1,662,661,663,-1,662,663,664,-1,536,665,666,-1,556,646,558,-1,558,646,667,-1,558,667,560,-1,560,667,668,-1,560,668,562,-1,562,668,669,-1,562,669,564,-1,564,669,670,-1,564,670,566,-1,566,670,671,-1,566,671,653,-1,641,672,535,-1,535,672,673,-1,535,673,536,-1,536,673,662,-1,536,662,665,-1,665,662,664,-1,674,675,655,-1,655,675,676,-1,666,677,536,-1,536,677,678,-1,536,678,538,-1,538,678,679,-1,556,554,645,-1,645,554,552,-1,645,552,680,-1,680,552,550,-1,680,550,681,-1,681,550,548,-1,681,548,682,-1,682,548,546,-1,682,546,683,-1,683,546,544,-1,683,544,684,-1,684,544,542,-1,684,542,679,-1,679,542,540,-1,679,540,538,-1,685,686,687,-1,687,686,688,-1,687,688,689,-1,689,688,690,-1,691,690,600,-1,600,690,688,-1,600,688,568,-1,568,688,692,-1,568,692,644,-1,676,693,655,-1,655,693,694,-1,655,694,570,-1,570,694,695,-1,590,659,592,-1,592,659,696,-1,592,696,594,-1,594,696,697,-1,594,697,596,-1,596,697,698,-1,596,698,598,-1,598,698,699,-1,598,699,600,-1,600,699,700,-1,600,700,691,-1,695,701,570,-1,570,701,702,-1,570,702,572,-1,572,702,703,-1,590,588,658,-1,658,588,586,-1,658,586,704,-1,704,586,584,-1,704,584,705,-1,705,584,582,-1,705,582,706,-1,706,582,580,-1,706,580,707,-1,707,580,578,-1,707,578,708,-1,708,578,576,-1,708,576,703,-1,703,576,574,-1,703,574,572,-1,709,710,605,-1,711,712,713,-1,714,603,715,-1,715,603,713,-1,714,716,603,-1,603,716,717,-1,603,717,718,-1,719,720,605,-1,603,721,722,-1,603,722,1,-1,33,31,723,-1,603,635,724,-1,722,725,1,-1,1,725,726,-1,1,726,2,-1,2,726,727,-1,2,727,4,-1,4,727,728,-1,4,728,6,-1,6,728,729,-1,6,729,8,-1,8,729,730,-1,8,730,10,-1,10,730,731,-1,10,731,12,-1,12,731,732,-1,12,732,15,-1,15,732,733,-1,15,733,18,-1,18,733,734,-1,723,31,735,-1,735,31,29,-1,735,29,736,-1,736,29,27,-1,736,27,737,-1,737,27,25,-1,737,25,738,-1,738,25,23,-1,738,23,734,-1,734,23,21,-1,734,21,18,-1,739,740,741,-1,741,740,742,-1,741,742,743,-1,743,742,744,-1,743,744,712,-1,712,744,745,-1,712,745,713,-1,724,635,746,-1,746,635,633,-1,746,633,747,-1,747,633,631,-1,747,631,748,-1,748,631,629,-1,748,629,749,-1,749,629,627,-1,749,627,750,-1,750,627,625,-1,750,625,751,-1,723,752,33,-1,33,752,753,-1,33,753,605,-1,605,753,754,-1,605,754,719,-1,720,755,756,-1,724,757,603,-1,603,757,758,-1,603,758,713,-1,713,758,759,-1,713,759,711,-1,721,603,760,-1,760,603,718,-1,760,718,755,-1,755,718,761,-1,755,761,762,-1,739,763,740,-1,740,763,605,-1,740,605,764,-1,764,605,710,-1,625,622,751,-1,751,622,619,-1,751,619,765,-1,765,619,616,-1,765,616,766,-1,766,616,614,-1,766,614,767,-1,767,614,612,-1,767,612,768,-1,768,612,610,-1,768,610,769,-1,769,610,608,-1,769,608,770,-1,770,608,606,-1,770,606,771,-1,771,606,605,-1,771,605,772,-1,772,605,763,-1,762,773,755,-1,755,773,774,-1,755,774,756,-1,756,775,720,-1,720,775,776,-1,720,776,777,-1,777,778,720,-1,720,778,779,-1,720,779,605,-1,605,779,780,-1,605,780,709,-1,675,781,782,-1,675,782,676,-1,676,782,783,-1,676,783,693,-1,693,783,784,-1,693,784,694,-1,694,784,785,-1,694,785,695,-1,695,785,786,-1,695,786,701,-1,701,786,787,-1,701,787,702,-1,702,787,788,-1,702,788,703,-1,703,788,789,-1,703,789,708,-1,708,789,790,-1,708,790,707,-1,707,790,791,-1,707,791,706,-1,706,791,792,-1,706,792,705,-1,705,792,793,-1,705,793,704,-1,793,17,704,-1,704,17,794,-1,704,794,658,-1,658,794,795,-1,658,795,659,-1,795,796,659,-1,659,796,797,-1,659,797,696,-1,696,797,798,-1,696,798,697,-1,697,798,799,-1,697,799,698,-1,698,799,800,-1,698,800,699,-1,699,800,801,-1,699,801,700,-1,700,801,802,-1,700,802,691,-1,691,802,803,-1,691,803,690,-1,690,803,804,-1,690,804,689,-1,689,804,805,-1,689,805,687,-1,687,805,806,-1,687,806,685,-1,661,807,808,-1,661,808,663,-1,663,808,809,-1,663,809,664,-1,664,809,810,-1,664,810,665,-1,665,810,811,-1,665,811,666,-1,666,811,812,-1,666,812,677,-1,677,812,813,-1,677,813,678,-1,678,813,814,-1,678,814,679,-1,679,814,815,-1,679,815,684,-1,684,815,816,-1,684,816,683,-1,683,816,817,-1,683,817,682,-1,682,817,818,-1,682,818,681,-1,681,818,819,-1,681,819,680,-1,819,621,680,-1,680,621,820,-1,680,820,645,-1,645,820,821,-1,645,821,646,-1,821,822,646,-1,646,822,823,-1,646,823,667,-1,667,823,824,-1,667,824,668,-1,668,824,825,-1,668,825,669,-1,669,825,826,-1,669,826,670,-1,670,826,827,-1,670,827,671,-1,671,827,828,-1,671,828,653,-1,653,828,829,-1,653,829,652,-1,652,829,830,-1,652,830,651,-1,651,830,831,-1,651,831,649,-1,649,831,832,-1,649,832,647,-1,833,807,660,-1,660,807,661,-1,686,834,835,-1,686,835,688,-1,688,835,836,-1,688,836,692,-1,692,836,837,-1,692,837,644,-1,644,837,838,-1,644,838,643,-1,643,838,839,-1,643,839,642,-1,642,839,840,-1,642,840,641,-1,641,840,841,-1,641,841,672,-1,672,841,842,-1,672,842,673,-1,673,842,843,-1,673,843,662,-1,662,843,833,-1,662,833,660,-1,806,834,685,-1,685,834,686,-1,604,842,841,-1,841,840,604,-1,604,840,839,-1,604,839,34,-1,34,839,838,-1,34,838,837,-1,834,806,835,-1,835,806,805,-1,835,805,804,-1,811,810,604,-1,604,810,843,-1,604,843,842,-1,807,833,808,-1,808,833,843,-1,808,843,809,-1,809,843,810,-1,621,819,620,-1,620,819,818,-1,620,818,618,-1,618,818,617,-1,617,818,817,-1,617,817,615,-1,615,817,816,-1,615,816,613,-1,613,816,815,-1,613,815,611,-1,611,815,609,-1,609,815,814,-1,609,814,607,-1,607,814,813,-1,607,813,604,-1,604,813,812,-1,604,812,811,-1,804,803,835,-1,835,803,34,-1,835,34,836,-1,836,34,837,-1,17,19,794,-1,794,19,20,-1,794,20,795,-1,795,20,22,-1,795,22,796,-1,796,22,24,-1,796,24,797,-1,797,24,26,-1,797,26,798,-1,798,26,28,-1,798,28,799,-1,799,28,30,-1,799,30,800,-1,800,30,32,-1,800,32,801,-1,801,32,34,-1,801,34,802,-1,802,34,803,-1,844,845,0,-1,844,0,846,-1,845,847,0,-1,0,847,848,-1,0,848,602,-1,602,848,849,-1,602,849,850,-1,781,851,782,-1,782,851,846,-1,852,832,853,-1,853,832,831,-1,853,831,830,-1,830,829,853,-1,853,829,602,-1,853,602,854,-1,854,602,850,-1,792,16,793,-1,793,16,17,-1,789,9,790,-1,790,9,11,-1,790,11,791,-1,791,11,13,-1,791,13,792,-1,792,13,14,-1,792,14,16,-1,621,623,820,-1,820,623,624,-1,820,624,821,-1,821,624,626,-1,821,626,822,-1,822,626,628,-1,822,628,823,-1,823,628,630,-1,823,630,824,-1,824,630,632,-1,824,632,825,-1,825,632,634,-1,825,634,826,-1,826,634,636,-1,826,636,827,-1,827,636,602,-1,827,602,828,-1,828,602,829,-1,786,0,787,-1,787,0,3,-1,787,3,788,-1,788,3,5,-1,788,5,789,-1,789,5,7,-1,789,7,9,-1,786,785,0,-1,0,785,784,-1,0,784,846,-1,846,784,783,-1,846,783,782,-1,852,648,832,-1,832,648,647,-1,648,852,853,-1,648,853,650,-1,650,853,854,-1,650,854,654,-1,654,854,850,-1,654,850,637,-1,637,850,849,-1,637,849,638,-1,638,849,848,-1,638,848,639,-1,639,848,847,-1,639,847,640,-1,640,847,845,-1,640,845,657,-1,657,845,844,-1,657,844,656,-1,656,844,846,-1,656,846,655,-1,655,846,851,-1,655,851,674,-1,781,675,851,-1,851,675,674,-1,
        ]
    }
}
Shape{
    appearance Appearance {
        material  Material 	{
            diffuseColor 0.9686274509803922 0.8784313725490196 0.6
            specularColor 0.6784313725490196 0.615686274509804 0.4196078431372549
            ambientIntensity 0.8737
            transparency 0.0
            shininess 0.5
        }
    }
    geometry IndexedFaceSet {
        ccw TRUE
        solid FALSE
        coord DEF co Coordinate {
            point [
                1.2093 -0.0974 -1.1811, 1.1898 -0.0504 -1.1811, 1.3779 0.0 -1.1811, 1.1832 0.0 -1.1811, 1.1898 0.0504 -1.1811, 1.3275 -0.1881 -1.1811, 1.2805 -0.1686 -1.1811, 1.2402 -0.1377 -1.1811, 1.4753 -0.1686 -1.1811, 1.4283 -0.1881 -1.1811, 1.3779 -0.1947 -1.1811, 1.566 -0.0504 -1.1811, 1.5465 -0.0974 -1.1811, 1.5156 -0.1377 -1.1811, 1.5465 0.0974 -1.1811, 1.566 0.0504 -1.1811, 1.5726 0.0 -1.1811, 1.4283 0.1881 -1.1811, 1.4753 0.1686 -1.1811, 1.5156 0.1377 -1.1811, 1.2805 0.1686 -1.1811, 1.3275 0.1881 -1.1811, 1.3779 0.1947 -1.1811, 1.2093 0.0974 -1.1811, 1.2402 0.1377 -1.1811, 1.6929 0.0 -1.0609, 1.6821 0.0815 -1.0609, 1.6507 0.1575 -1.0609, 1.6006 0.2227 -1.0609, 1.5354 0.2728 -1.0609, 1.4594 0.3042 -1.0609, 1.3779 0.315 -1.0609, 1.2964 0.3042 -1.0609, 1.2204 0.2728 -1.0609, 1.1552 0.2227 -1.0609, 1.1051 0.1575 -1.0609, 1.0737 0.0815 -1.0609, 1.0629 0.0 -1.0609, 1.0737 -0.0815 -1.0609, 1.1051 -0.1575 -1.0609, 1.1552 -0.2227 -1.0609, 1.2204 -0.2728 -1.0609, 1.2964 -0.3042 -1.0609, 1.3779 -0.315 -1.0609, 1.4594 -0.3042 -1.0609, 1.5354 -0.2728 -1.0609, 1.6006 -0.2227 -1.0609, 1.6507 -0.1575 -1.0609, 1.6821 -0.0815 -1.0609, 1.0737 0.0815 0.0, 1.1051 0.1575 0.0, 1.1552 0.2227 0.0, 1.2204 0.2728 0.0, 1.2964 0.3042 0.0, 1.3779 0.315 0.0, 1.4594 0.3042 0.0, 1.5354 0.2728 0.0, 1.6006 0.2227 0.0, 1.6507 0.1575 0.0, 1.6821 0.0815 0.0, 1.6929 0.0 0.0, 1.6821 -0.0815 0.0, 1.6507 -0.1575 0.0, 1.6006 -0.2227 0.0, 1.5354 -0.2728 0.0, 1.4594 -0.3042 0.0, 1.3779 -0.315 0.0, 1.2964 -0.3042 0.0, 1.2204 -0.2728 0.0, 1.1552 -0.2227 0.0, 1.1051 -0.1575 0.0, 1.0737 -0.0815 0.0, 1.0629 -0.0 0.0, 1.437 0.0591 3.76, 1.4937 0.0591 3.76, 1.4875 0.07 3.76, 1.4698 0.0919 3.76, 1.4479 0.1096 3.76, 1.437 0.1158 3.76, 1.5622 -0.3191 3.5072, 1.577 -0.3118 3.5072, 1.5734 -0.3061 3.5712, 1.7414 -0.0535 3.5496, 1.7363 -0.0541 3.571, 1.7189 -0.125 3.5712, 1.4937 -0.0591 3.76, 1.4875 -0.07 3.76, 1.5141 -0.059 3.7588, 1.541 -0.1042 3.7499, 1.541 -0.0589 3.7541, 1.5596 -0.0666 3.7499, 1.5621 -0.0588 3.7497, 1.5581 -0.0588 3.7511, 1.596 -0.0585 3.7379, 1.6148 -0.0869 3.7238, 1.623 -0.0581 3.7232, 1.6617 -0.1041 3.6833, 1.6653 -0.0573 3.6926, 1.634 -0.0579 3.7172, 1.6973 -0.1171 3.6312, 1.694 -0.0565 3.6609, 1.6742 -0.057 3.6828, 1.7322 -0.0546 3.5883, 1.7155 -0.0556 3.6275, 1.7132 -0.0557 3.6311, 1.7441 -0.0524 3.5072, 1.7333 -0.0953 3.5072, 1.7252 -0.1274 3.5072, 1.697 -0.1843 3.5072, 1.5053 -0.3473 3.5072, 1.5029 -0.341 3.5712, 1.4732 -0.3554 3.5072, 1.4315 -0.363 3.5524, 1.4303 -0.3662 3.5072, 1.495 -0.3194 3.6312, 1.4325 -0.3531 3.5916, 1.432 -0.3583 3.571, 1.4353 -0.2832 3.6964, 1.4349 -0.2962 3.6827, 1.482 -0.2838 3.6833, 1.4345 -0.3126 3.6655, 1.4336 -0.3359 3.6305, 1.4368 -0.1599 3.7556, 1.4368 -0.1609 3.7553, 1.4445 -0.1817 3.7499, 1.4367 -0.1839 3.7491, 1.4648 -0.2369 3.7238, 1.4365 -0.2038 3.7437, 1.4361 -0.2428 3.7254, 1.436 -0.2454 3.7236, 1.4354 -0.2778 3.701, 1.4821 -0.1631 3.7499, 1.4479 -0.1096 3.76, 1.437 -0.1158 3.76, 1.561 -0.2867 3.6312, 1.5406 -0.2548 3.6833, 1.5137 -0.2126 3.7238, 1.6897 -0.1991 3.5072, 1.684 -0.1955 3.5712, 1.6646 -0.1831 3.6312, 1.6327 -0.1627 3.6833, 1.5905 -0.1358 3.7238, 1.6395 -0.2616 3.5072, 1.6347 -0.2568 3.5712, 1.6184 -0.2405 3.6312, 1.5917 -0.2138 3.6833, 1.5563 -0.1784 3.7238, 1.5148 -0.1369 3.7499, 1.4698 -0.0919 3.76, 1.3755 -0.3198 1.5947, 1.3255 -0.3662 3.5072, 1.2826 -0.3554 3.5072, 1.0581 0.0024 1.5947, 1.0117 0.0524 3.5072, 1.0225 0.0953 3.5072, 1.3803 0.3198 1.5947, 1.4303 0.3662 3.5072, 1.4732 0.3554 3.5072, 1.6977 -0.0024 1.5947, 1.6854 -0.0824 1.5354, 1.6978 -0.0 1.5947, 1.6962 0.0 1.5354, 1.6977 0.0024 1.5947, 1.6854 0.0824 1.5354, 1.7441 0.0524 3.5072, 1.4603 0.3075 1.5354, 1.3779 0.3198 1.5947, 1.3779 0.3183 1.5354, 1.3755 0.3198 1.5947, 1.2955 0.3075 1.5354, 1.3255 0.3662 3.5072, 1.0705 0.0824 1.5354, 1.0581 -0.0 1.5947, 1.0596 -0.0 1.5354, 1.0581 -0.0024 1.5947, 1.0705 -0.0824 1.5354, 1.0117 -0.0524 3.5072, 1.2955 -0.3075 1.5354, 1.3779 -0.3198 1.5947, 1.3779 -0.3183 1.5354, 1.3803 -0.3198 1.5947, 1.4603 -0.3075 1.5354, 1.6536 -0.1591 1.5354, 1.603 -0.2251 1.5354, 1.5371 -0.2757 1.5354, 1.2505 -0.3473 3.5072, 1.2188 -0.2757 1.5354, 1.1936 -0.3191 3.5072, 1.1788 -0.3118 3.5072, 1.1528 -0.2251 1.5354, 1.1163 -0.2616 3.5072, 1.0661 -0.1991 3.5072, 1.1022 -0.1591 1.5354, 1.0588 -0.1843 3.5072, 1.0306 -0.1274 3.5072, 1.0225 -0.0953 3.5072, 1.0306 0.1274 3.5072, 1.1022 0.1591 1.5354, 1.0588 0.1843 3.5072, 1.0661 0.1991 3.5072, 1.1528 0.2251 1.5354, 1.1163 0.2616 3.5072, 1.1788 0.3118 3.5072, 1.2188 0.2757 1.5354, 1.1936 0.3191 3.5072, 1.2505 0.3473 3.5072, 1.2826 0.3554 3.5072, 1.5053 0.3473 3.5072, 1.5371 0.2757 1.5354, 1.5622 0.3191 3.5072, 1.577 0.3118 3.5072, 1.603 0.2251 1.5354, 1.6395 0.2616 3.5072, 1.6897 0.1991 3.5072, 1.6536 0.1591 1.5354, 1.697 0.1843 3.5072, 1.7252 0.1274 3.5072, 1.7333 0.0953 3.5072, -0.1687 -0.0974 -1.1811, -0.1881 -0.0504 -1.1811, -0.0001 -0.0 -1.1811, -0.1948 -0.0 -1.1811, -0.1881 0.0504 -1.1811, -0.0504 -0.1881 -1.1811, -0.0974 -0.1686 -1.1811, -0.1377 -0.1377 -1.1811, 0.0973 -0.1686 -1.1811, 0.0503 -0.1881 -1.1811, -0.0001 -0.1947 -1.1811, 0.188 -0.0504 -1.1811, 0.1686 -0.0974 -1.1811, 0.1376 -0.1377 -1.1811, 0.1686 0.0974 -1.1811, 0.188 0.0504 -1.1811, 0.1947 -0.0 -1.1811, 0.0503 0.1881 -1.1811, 0.0973 0.1686 -1.1811, 0.1376 0.1377 -1.1811, -0.0974 0.1686 -1.1811, -0.0504 0.1881 -1.1811, -0.0001 0.1947 -1.1811, -0.1687 0.0974 -1.1811, -0.1377 0.1377 -1.1811, 0.3149 -0.0 -1.0609, 0.3042 0.0815 -1.0609, 0.2727 0.1575 -1.0609, 0.2227 0.2227 -1.0609, 0.1574 0.2728 -1.0609, 0.0815 0.3042 -1.0609, -0.0001 0.315 -1.0609, -0.0816 0.3042 -1.0609, -0.1575 0.2728 -1.0609, -0.2228 0.2227 -1.0609, -0.2728 0.1575 -1.0609, -0.3043 0.0815 -1.0609, -0.315 -0.0 -1.0609, -0.3043 -0.0815 -1.0609, -0.2728 -0.1575 -1.0609, -0.2228 -0.2227 -1.0609, -0.1575 -0.2728 -1.0609, -0.0816 -0.3042 -1.0609, -0.0001 -0.315 -1.0609, 0.0815 -0.3042 -1.0609, 0.1574 -0.2728 -1.0609, 0.2227 -0.2227 -1.0609, 0.2727 -0.1575 -1.0609, 0.3042 -0.0815 -1.0609, -0.3043 0.0815 0.0, -0.2728 0.1575 0.0, -0.2228 0.2227 0.0, -0.1575 0.2728 0.0, -0.0816 0.3042 0.0, -0.0001 0.315 0.0, 0.0815 0.3042 0.0, 0.1574 0.2728 0.0, 0.2227 0.2227 0.0, 0.2727 0.1575 0.0, 0.3042 0.0815 0.0, 0.3149 -0.0 0.0, 0.3042 -0.0815 0.0, 0.2727 -0.1575 0.0, 0.2227 -0.2227 0.0, 0.1574 -0.2728 0.0, 0.0815 -0.3042 0.0, -0.0001 -0.315 0.0, -0.0816 -0.3042 0.0, -0.1575 -0.2728 0.0, -0.2228 -0.2227 0.0, -0.2728 -0.1575 0.0, -0.3043 -0.0815 0.0, -0.315 -0.0 0.0, 0.059 0.0591 3.76, 0.1158 0.0591 3.76, 0.1095 0.07 3.76, 0.0919 0.0919 3.76, 0.0699 0.1096 3.76, 0.059 0.1158 3.76, -1.5466 -0.0974 -1.1811, -1.5661 -0.0504 -1.1811, -1.378 -0.0 -1.1811, -1.5727 -0.0 -1.1811, -1.5661 0.0504 -1.1811, -1.4284 -0.1881 -1.1811, -1.4754 -0.1686 -1.1811, -1.5157 -0.1377 -1.1811, -1.2806 -0.1686 -1.1811, -1.3276 -0.1881 -1.1811, -1.378 -0.1947 -1.1811, -1.1899 -0.0504 -1.1811, -1.2094 -0.0974 -1.1811, -1.2403 -0.1377 -1.1811, -1.2094 0.0974 -1.1811, -1.1899 0.0504 -1.1811, -1.1833 -0.0 -1.1811, -1.3276 0.1881 -1.1811, -1.2806 0.1686 -1.1811, -1.2403 0.1377 -1.1811, -1.4754 0.1686 -1.1811, -1.4284 0.1881 -1.1811, -1.378 0.1947 -1.1811, -1.5466 0.0974 -1.1811, -1.5157 0.1377 -1.1811, -1.063 -0.0 -1.0609, -1.0738 0.0815 -1.0609, -1.1052 0.1575 -1.0609, -1.1553 0.2227 -1.0609, -1.2205 0.2728 -1.0609, -1.2965 0.3042 -1.0609, -1.378 0.315 -1.0609, -1.4595 0.3042 -1.0609, -1.5355 0.2728 -1.0609, -1.6007 0.2227 -1.0609, -1.6508 0.1575 -1.0609, -1.6822 0.0815 -1.0609, -1.693 -0.0 -1.0609, -1.6822 -0.0815 -1.0609, -1.6508 -0.1575 -1.0609, -1.6007 -0.2227 -1.0609, -1.5355 -0.2728 -1.0609, -1.4595 -0.3042 -1.0609, -1.378 -0.315 -1.0609, -1.2965 -0.3042 -1.0609, -1.2205 -0.2728 -1.0609, -1.1553 -0.2227 -1.0609, -1.1052 -0.1575 -1.0609, -1.0738 -0.0815 -1.0609, -1.6822 0.0815 0.0, -1.6508 0.1575 0.0, -1.6007 0.2227 0.0, -1.5355 0.2728 0.0, -1.4595 0.3042 0.0, -1.378 0.315 0.0, -1.2965 0.3042 0.0, -1.2205 0.2728 0.0, -1.1553 0.2227 0.0, -1.1052 0.1575 0.0, -1.0738 0.0815 0.0, -1.063 -0.0 0.0, -1.0738 -0.0815 0.0, -1.1052 -0.1575 0.0, -1.1553 -0.2227 0.0, -1.2205 -0.2728 0.0, -1.2965 -0.3042 0.0, -1.378 -0.315 0.0, -1.4595 -0.3042 0.0, -1.5355 -0.2728 0.0, -1.6007 -0.2227 0.0, -1.6508 -0.1575 0.0, -1.6822 -0.0815 0.0, -1.693 -0.0 0.0, -1.3189 0.0591 3.76, -1.2622 0.0591 3.76, -1.2684 0.07 3.76, -1.2861 0.0919 3.76, -1.308 0.1096 3.76, -1.3189 0.1158 3.76, -1.3756 0.1248 1.5947, -1.3756 0.3198 1.5947, -1.378 0.1249 1.5947, -1.378 0.3198 1.5947, -1.3804 0.1248 1.5947, -1.3804 0.3198 1.5947, -1.5029 0.0024 1.5947, -1.6978 0.0024 1.5947, -1.5029 -0.0 1.5947, -1.6979 -0.0 1.5947, -1.5029 -0.0024 1.5947, -1.6978 -0.0024 1.5947, -1.3804 -0.1248 1.5947, -1.3804 -0.3198 1.5947, -1.378 -0.1249 1.5947, -1.378 -0.3198 1.5947, -1.3756 -0.1248 1.5947, -1.3756 -0.3198 1.5947, -1.2532 -0.0024 1.5947, -1.0582 -0.0024 1.5947, -1.2531 -0.0 1.5947, -1.0582 -0.0 1.5947, -1.2532 0.0024 1.5947, -1.0582 0.0024 1.5947, -1.3831 0.1947 1.6991, -1.4371 0.0591 3.76, -1.4336 0.0556 3.6293, -1.4371 0.1158 3.76, -1.4336 0.1072 3.6293, -1.437 0.1362 3.7588, -1.4319 0.2231 3.5617, -1.4337 0.3353 3.6311, -1.4321 0.2188 3.569, -1.4345 0.3161 3.6609, -1.4322 0.2162 3.5735, -1.435 0.2963 3.6828, -1.4327 0.1975 3.5954, -1.4353 0.2874 3.6926, -1.433 0.1855 3.6051, -1.4359 0.256 3.7172, -1.4361 0.2451 3.7232, -1.4332 0.1721 3.6125, -1.4365 0.2181 3.7379, -1.4334 0.1593 3.6194, -1.4368 0.1842 3.7497, -1.4335 0.1463 3.6239, -1.4368 0.1802 3.7511, -1.4335 0.1413 3.6247, -1.4369 0.1631 3.7541, -1.4336 0.1182 3.6286, -1.4336 0.1153 3.6291, -1.4305 0.2364 3.5088, -1.4304 0.3662 3.5072, -1.4308 0.2353 3.5228, -1.4315 0.3635 3.5496, -1.4312 0.233 3.5353, -1.4321 0.3584 3.571, -1.4313 0.2313 3.5399, -1.4326 0.3543 3.5883, -1.4336 0.3376 3.6275, -1.3191 0.1631 3.7541, -1.3192 0.1802 3.7511, -1.3225 0.1463 3.6239, -1.3192 0.1842 3.7497, -1.3226 0.1593 3.6194, -1.3195 0.2181 3.7379, -1.3228 0.1721 3.6125, -1.3199 0.2451 3.7232, -1.323 0.1855 3.6051, -1.3201 0.256 3.7172, -1.3233 0.1975 3.5954, -1.3224 0.0556 3.6293, -1.3224 0.1072 3.6293, -1.3224 0.1153 3.6291, -1.319 0.1362 3.7588, -1.3224 0.1182 3.6286, -1.3225 0.1413 3.6247, -1.3207 0.2874 3.6926, -1.321 0.2963 3.6828, -1.3238 0.2162 3.5735, -1.3215 0.3161 3.6609, -1.3239 0.2188 3.569, -1.3223 0.3353 3.6311, -1.3241 0.2231 3.5617, -1.3224 0.3376 3.6275, -1.3247 0.2313 3.5399, -1.3234 0.3543 3.5883, -1.3248 0.233 3.5353, -1.3239 0.3584 3.571, -1.3252 0.2353 3.5228, -1.3245 0.3635 3.5496, -1.3255 0.2364 3.5088, -1.3256 0.3662 3.5072, -1.3729 0.1947 1.6991, -1.3831 -0.1947 1.6991, -1.4304 -0.3662 3.5072, -1.4305 -0.2364 3.5088, -1.4316 -0.363 3.5524, -1.4312 -0.2327 3.5367, -1.4321 -0.3583 3.571, -1.4313 -0.2316 3.54, -1.4326 -0.3531 3.5916, -1.4315 -0.2291 3.5481, -1.4321 -0.2185 3.5689, -1.4337 -0.3359 3.6305, -1.4322 -0.2162 3.5734, -1.4346 -0.3126 3.6655, -1.4324 -0.2093 3.5828, -1.435 -0.2962 3.6827, -1.4327 -0.1982 3.5935, -1.4354 -0.2832 3.6964, -1.4329 -0.1883 3.603, -1.4336 -0.0556 3.6293, -1.4371 -0.0591 3.76, -1.4336 -0.1072 3.6293, -1.4371 -0.1158 3.76, -1.4336 -0.1193 3.6279, -1.4369 -0.1599 3.7556, -1.4335 -0.1408 3.6254, -1.4369 -0.1609 3.7553, -1.4335 -0.1415 3.6252, -1.4368 -0.1839 3.7491, -1.4335 -0.1512 3.6224, -1.4366 -0.2038 3.7437, -1.4332 -0.1722 3.6126, -1.4362 -0.2428 3.7254, -1.4331 -0.179 3.6095, -1.4361 -0.2454 3.7236, -1.4355 -0.2778 3.701, -1.3729 -0.1947 1.6991, -1.3255 -0.2364 3.5088, -1.3223 -0.3359 3.6305, -1.3214 -0.3126 3.6655, -1.3236 -0.2093 3.5828, -1.3234 -0.3531 3.5916, -1.3247 -0.2316 3.54, -1.3239 -0.3583 3.571, -1.3248 -0.2327 3.5367, -1.3244 -0.363 3.5524, -1.3256 -0.3662 3.5072, -1.3189 -0.1158 3.76, -1.3189 -0.0591 3.76, -1.3224 -0.0556 3.6293, -1.3233 -0.1982 3.5935, -1.3238 -0.2162 3.5734, -1.324 -0.2185 3.5689, -1.3245 -0.2291 3.5481, -1.321 -0.2962 3.6827, -1.3206 -0.2832 3.6964, -1.3231 -0.1883 3.603, -1.3205 -0.2778 3.701, -1.3229 -0.179 3.6095, -1.3199 -0.2454 3.7236, -1.3228 -0.1722 3.6126, -1.3199 -0.2428 3.7254, -1.3226 -0.1512 3.6224, -1.3194 -0.2038 3.7437, -1.3225 -0.1415 3.6252, -1.3192 -0.1839 3.7491, -1.3225 -0.1408 3.6254, -1.3224 -0.1072 3.6293, -1.3224 -0.1193 3.6279, -1.3191 -0.1599 3.7556, -1.3191 -0.1609 3.7553, -1.2149 -0.0589 3.7541, -1.1978 -0.0588 3.7511, -1.2317 -0.0555 3.6239, -1.1938 -0.0588 3.7497, -1.2187 -0.0554 3.6194, -1.1599 -0.0585 3.7379, -1.2059 -0.0552 3.6125, -1.1329 -0.0581 3.7232, -1.1925 -0.055 3.6051, -1.122 -0.0579 3.7172, -1.1805 -0.0547 3.5954, -1.2708 -0.0556 3.6293, -1.2622 -0.0591 3.76, -1.2627 -0.0556 3.6291, -1.2418 -0.059 3.7588, -1.2598 -0.0556 3.6286, -1.2367 -0.0555 3.6247, -1.0906 -0.0573 3.6926, -1.0817 -0.057 3.6828, -1.1618 -0.0542 3.5735, -1.0619 -0.0565 3.6609, -1.1592 -0.0541 3.569, -1.0427 -0.0557 3.6311, -1.1549 -0.0539 3.5617, -1.0404 -0.0556 3.6275, -1.1467 -0.0533 3.5399, -1.0237 -0.0546 3.5883, -1.145 -0.0532 3.5353, -1.0196 -0.0541 3.571, -1.1427 -0.0528 3.5228, -1.0146 -0.0535 3.5496, -1.1416 -0.0525 3.5088, -1.0118 -0.0524 3.5072, -1.1833 -0.0051 1.6991, -1.1833 0.0051 1.6991, -1.2708 0.0556 3.6293, -1.2418 0.059 3.7588, -1.1549 0.0539 3.5617, -1.0427 0.0557 3.6311, -1.1592 0.0541 3.569, -1.0619 0.0565 3.6609, -1.1618 0.0542 3.5735, -1.0817 0.057 3.6828, -1.1805 0.0547 3.5954, -1.0906 0.0573 3.6926, -1.1925 0.055 3.6051, -1.122 0.0579 3.7172, -1.1329 0.0581 3.7232, -1.2059 0.0552 3.6125, -1.1599 0.0585 3.7379, -1.2187 0.0554 3.6194, -1.1938 0.0588 3.7497, -1.2317 0.0555 3.6239, -1.1978 0.0588 3.7511, -1.2367 0.0555 3.6247, -1.2149 0.0589 3.7541, -1.2598 0.0556 3.6286, -1.2627 0.0556 3.6291, -1.1416 0.0525 3.5088, -1.0118 0.0524 3.5072, -1.1427 0.0528 3.5228, -1.0146 0.0535 3.5496, -1.145 0.0532 3.5353, -1.0196 0.0541 3.571, -1.1467 0.0533 3.5399, -1.0237 0.0546 3.5883, -1.0404 0.0556 3.6275, -1.5727 0.0051 1.6991, -1.7442 0.0524 3.5072, -1.6144 0.0525 3.5088, -1.741 0.0536 3.5524, -1.6107 0.0532 3.5367, -1.7363 0.0541 3.571, -1.6096 0.0533 3.54, -1.7312 0.0546 3.5916, -1.6071 0.0535 3.5481, -1.5966 0.0541 3.5689, -1.714 0.0557 3.6305, -1.5942 0.0542 3.5734, -1.6906 0.0566 3.6655, -1.5873 0.0544 3.5828, -1.6742 0.057 3.6827, -1.5762 0.0547 3.5935, -1.6612 0.0574 3.6964, -1.5663 0.0549 3.603, -1.4852 0.0556 3.6293, -1.4938 0.0591 3.76, -1.4973 0.0556 3.6279, -1.5379 0.0589 3.7556, -1.5188 0.0555 3.6254, -1.5389 0.0589 3.7553, -1.5195 0.0555 3.6252, -1.5619 0.0588 3.7491, -1.5292 0.0555 3.6224, -1.5818 0.0586 3.7437, -1.5502 0.0552 3.6126, -1.6208 0.0581 3.7254, -1.557 0.0551 3.6095, -1.6234 0.0581 3.7236, -1.6558 0.0575 3.701, -1.5727 -0.0051 1.6991, -1.6144 -0.0525 3.5088, -1.714 -0.0557 3.6305, -1.6906 -0.0566 3.6655, -1.5873 -0.0544 3.5828, -1.7312 -0.0546 3.5916, -1.6096 -0.0533 3.54, -1.7363 -0.0541 3.571, -1.6107 -0.0532 3.5367, -1.741 -0.0536 3.5524, -1.7442 -0.0524 3.5072, -1.4938 -0.0591 3.76, -1.5762 -0.0547 3.5935, -1.5942 -0.0542 3.5734, -1.5966 -0.0541 3.5689, -1.6071 -0.0535 3.5481, -1.6742 -0.057 3.6827, -1.6612 -0.0574 3.6964, -1.5663 -0.0549 3.603, -1.6558 -0.0575 3.701, -1.557 -0.0551 3.6095, -1.6234 -0.0581 3.7236, -1.5502 -0.0552 3.6126, -1.6208 -0.0581 3.7254, -1.5292 -0.0555 3.6224, -1.5818 -0.0586 3.7437, -1.5195 -0.0555 3.6252, -1.5619 -0.0588 3.7491, -1.5188 -0.0555 3.6254, -1.4852 -0.0556 3.6293, -1.4973 -0.0556 3.6279, -1.5379 -0.0589 3.7556, -1.5389 -0.0589 3.7553, 0.0023 0.1248 1.5947, 0.0023 0.3198 1.5947, -0.0001 0.1249 1.5947, -0.0001 0.3198 1.5947, -0.0024 0.1248 1.5947, -0.0024 0.3198 1.5947, -0.1249 0.0024 1.5947, -0.3199 0.0024 1.5947, -0.1249 -0.0 1.5947, -0.3199 -0.0 1.5947, -0.1249 -0.0024 1.5947, -0.3199 -0.0024 1.5947, -0.0024 -0.1248 1.5947, -0.0024 -0.3198 1.5947, -0.0001 -0.1249 1.5947, -0.0001 -0.3198 1.5947, 0.0023 -0.1248 1.5947, 0.0023 -0.3198 1.5947, 0.1248 -0.0024 1.5947, 0.3198 -0.0024 1.5947, 0.1248 -0.0 1.5947, 0.3198 -0.0 1.5947, 0.1248 0.0024 1.5947, 0.3198 0.0024 1.5947, -0.0051 0.1947 1.6991, -0.0591 0.0591 3.76, -0.0557 0.0556 3.6293, -0.0591 0.1158 3.76, -0.0557 0.1072 3.6293, -0.0591 0.1362 3.7588, -0.0539 0.2231 3.5617, -0.0557 0.3353 3.6311, -0.0541 0.2188 3.569, -0.0565 0.3161 3.6609, -0.0542 0.2162 3.5735, -0.0571 0.2963 3.6828, -0.0548 0.1975 3.5954, -0.0573 0.2874 3.6926, -0.055 0.1855 3.6051, -0.058 0.256 3.7172, -0.0581 0.2451 3.7232, -0.0552 0.1721 3.6125, -0.0585 0.2181 3.7379, -0.0554 0.1593 3.6194, -0.0588 0.1842 3.7497, -0.0555 0.1463 3.6239, -0.0589 0.1802 3.7511, -0.0556 0.1413 3.6247, -0.059 0.1631 3.7541, -0.0557 0.1182 3.6286, -0.0557 0.1153 3.6291, -0.0525 0.2364 3.5088, -0.0525 0.3662 3.5072, -0.0529 0.2353 3.5228, -0.0536 0.3635 3.5496, -0.0532 0.233 3.5353, -0.0542 0.3584 3.571, -0.0533 0.2313 3.5399, -0.0546 0.3543 3.5883, -0.0556 0.3376 3.6275, 0.0589 0.1631 3.7541, 0.0588 0.1802 3.7511, 0.0554 0.1463 3.6239, 0.0587 0.1842 3.7497, 0.0553 0.1593 3.6194, 0.0584 0.2181 3.7379, 0.0551 0.1721 3.6125, 0.058 0.2451 3.7232, 0.0549 0.1855 3.6051, 0.0579 0.256 3.7172, 0.0547 0.1975 3.5954, 0.0556 0.0556 3.6293, 0.0556 0.1072 3.6293, 0.0556 0.1153 3.6291, 0.059 0.1362 3.7588, 0.0556 0.1182 3.6286, 0.0555 0.1413 3.6247, 0.0572 0.2874 3.6926, 0.057 0.2963 3.6828, 0.0541 0.2162 3.5735, 0.0564 0.3161 3.6609, 0.054 0.2188 3.569, 0.0556 0.3353 3.6311, 0.0538 0.2231 3.5617, 0.0555 0.3376 3.6275, 0.0532 0.2313 3.5399, 0.0545 0.3543 3.5883, 0.0531 0.233 3.5353, 0.0541 0.3584 3.571, 0.0528 0.2353 3.5228, 0.0535 0.3635 3.5496, 0.0524 0.2364 3.5088, 0.0524 0.3662 3.5072, 0.005 0.1947 1.6991, -0.0051 -0.1947 1.6991, -0.0525 -0.3662 3.5072, -0.0525 -0.2364 3.5088, -0.0537 -0.363 3.5524, -0.0533 -0.2327 3.5367, -0.0542 -0.3583 3.571, -0.0533 -0.2316 3.54, -0.0547 -0.3531 3.5916, -0.0536 -0.2291 3.5481, -0.0541 -0.2185 3.5689, -0.0557 -0.3359 3.6305, -0.0542 -0.2162 3.5734, -0.0566 -0.3126 3.6655, -0.0545 -0.2093 3.5828, -0.0571 -0.2962 3.6827, -0.0547 -0.1982 3.5935, -0.0574 -0.2832 3.6964, -0.055 -0.1883 3.603, -0.0557 -0.0556 3.6293, -0.0591 -0.0591 3.76, -0.0557 -0.1072 3.6293, -0.0591 -0.1158 3.76, -0.0556 -0.1193 3.6279, -0.059 -0.1599 3.7556, -0.0556 -0.1408 3.6254, -0.059 -0.1609 3.7553, -0.0556 -0.1415 3.6252, -0.0588 -0.1839 3.7491, -0.0555 -0.1512 3.6224, -0.0587 -0.2038 3.7437, -0.0552 -0.1722 3.6126, -0.0582 -0.2428 3.7254, -0.0552 -0.179 3.6095, -0.0582 -0.2454 3.7236, -0.0576 -0.2778 3.701, 0.005 -0.1947 1.6991, 0.0524 -0.2364 3.5088, 0.0556 -0.3359 3.6305, 0.0565 -0.3126 3.6655, 0.0544 -0.2093 3.5828, 0.0546 -0.3531 3.5916, 0.0532 -0.2316 3.54, 0.0541 -0.3583 3.571, 0.0532 -0.2327 3.5367, 0.0536 -0.363 3.5524, 0.0524 -0.3662 3.5072, 0.059 -0.1158 3.76, 0.059 -0.0591 3.76, 0.0556 -0.0556 3.6293, 0.0546 -0.1982 3.5935, 0.0541 -0.2162 3.5734, 0.054 -0.2185 3.5689, 0.0535 -0.2291 3.5481, 0.057 -0.2962 3.6827, 0.0573 -0.2832 3.6964, 0.0549 -0.1883 3.603, 0.0575 -0.2778 3.701, 0.0551 -0.179 3.6095, 0.0581 -0.2454 3.7236, 0.0551 -0.1722 3.6126, 0.0581 -0.2428 3.7254, 0.0554 -0.1512 3.6224, 0.0586 -0.2038 3.7437, 0.0555 -0.1415 3.6252, 0.0587 -0.1839 3.7491, 0.0555 -0.1408 3.6254, 0.0556 -0.1072 3.6293, 0.0555 -0.1193 3.6279, 0.0589 -0.1599 3.7556, 0.0589 -0.1609 3.7553, 0.1631 -0.0589 3.7541, 0.1802 -0.0588 3.7511, 0.1463 -0.0555 3.6239, 0.1842 -0.0588 3.7497, 0.1592 -0.0554 3.6194, 0.218 -0.0585 3.7379, 0.172 -0.0552 3.6125, 0.2451 -0.0581 3.7232, 0.1854 -0.055 3.6051, 0.256 -0.0579 3.7172, 0.1974 -0.0547 3.5954, 0.1071 -0.0556 3.6293, 0.1158 -0.0591 3.76, 0.1152 -0.0556 3.6291, 0.1361 -0.059 3.7588, 0.1182 -0.0556 3.6286, 0.1413 -0.0555 3.6247, 0.2873 -0.0573 3.6926, 0.2962 -0.057 3.6828, 0.2161 -0.0542 3.5735, 0.3161 -0.0565 3.6609, 0.2188 -0.0541 3.569, 0.3352 -0.0557 3.6311, 0.2231 -0.0539 3.5617, 0.3376 -0.0556 3.6275, 0.2312 -0.0533 3.5399, 0.3542 -0.0546 3.5883, 0.233 -0.0532 3.5353, 0.3583 -0.0541 3.571, 0.2353 -0.0528 3.5228, 0.3634 -0.0535 3.5496, 0.2363 -0.0525 3.5088, 0.3661 -0.0524 3.5072, 0.1946 -0.0051 1.6991, 0.1946 0.0051 1.6991, 0.1071 0.0556 3.6293, 0.1361 0.059 3.7588, 0.2231 0.0539 3.5617, 0.3352 0.0557 3.6311, 0.2188 0.0541 3.569, 0.3161 0.0565 3.6609, 0.2161 0.0542 3.5735, 0.2962 0.057 3.6828, 0.1974 0.0547 3.5954, 0.2873 0.0573 3.6926, 0.1854 0.055 3.6051, 0.1152 0.0556 3.6291, 0.1182 0.0556 3.6286, 0.1631 0.0589 3.7541, 0.1413 0.0555 3.6247, 0.1802 0.0588 3.7511, 0.1463 0.0555 3.6239, 0.1842 0.0588 3.7497, 0.1592 0.0554 3.6194, 0.218 0.0585 3.7379, 0.172 0.0552 3.6125, 0.2451 0.0581 3.7232, 0.256 0.0579 3.7172, 0.2363 0.0525 3.5088, 0.3661 0.0524 3.5072, 0.2353 0.0528 3.5228, 0.3634 0.0535 3.5496, 0.233 0.0532 3.5353, 0.3583 0.0541 3.571, 0.2312 0.0533 3.5399, 0.3542 0.0546 3.5883, 0.3376 0.0556 3.6275, -0.1947 0.0051 1.6991, -0.3662 0.0524 3.5072, -0.2364 0.0525 3.5088, -0.3631 0.0536 3.5524, -0.2327 0.0532 3.5367, -0.3584 0.0541 3.571, -0.2317 0.0533 3.54, -0.3532 0.0546 3.5916, -0.2292 0.0535 3.5481, -0.2186 0.0541 3.5689, -0.336 0.0557 3.6305, -0.2163 0.0542 3.5734, -0.3127 0.0566 3.6655, -0.2093 0.0544 3.5828, -0.2963 0.057 3.6827, -0.1983 0.0547 3.5935, -0.2832 0.0574 3.6964, -0.1883 0.0549 3.603, -0.1072 0.0556 3.6293, -0.1159 0.0591 3.76, -0.1193 0.0556 3.6279, -0.1599 0.0589 3.7556, -0.1408 0.0555 3.6254, -0.161 0.0589 3.7553, -0.1416 0.0555 3.6252, -0.1839 0.0588 3.7491, -0.1512 0.0555 3.6224, -0.2038 0.0586 3.7437, -0.1723 0.0552 3.6126, -0.2428 0.0581 3.7254, -0.179 0.0551 3.6095, -0.2454 0.0581 3.7236, -0.2779 0.0575 3.701, -0.1947 -0.0051 1.6991, -0.2364 -0.0525 3.5088, -0.336 -0.0557 3.6305, -0.3127 -0.0566 3.6655, -0.2093 -0.0544 3.5828, -0.3532 -0.0546 3.5916, -0.2317 -0.0533 3.54, -0.3584 -0.0541 3.571, -0.2327 -0.0532 3.5367, -0.3631 -0.0536 3.5524, -0.3662 -0.0524 3.5072, -0.1159 -0.0591 3.76, -0.1983 -0.0547 3.5935, -0.2163 -0.0542 3.5734, -0.2186 -0.0541 3.5689, -0.2292 -0.0535 3.5481, -0.2963 -0.057 3.6827, -0.2832 -0.0574 3.6964, -0.1883 -0.0549 3.603, -0.2779 -0.0575 3.701, -0.179 -0.0551 3.6095, -0.2454 -0.0581 3.7236, -0.1723 -0.0552 3.6126, -0.2428 -0.0581 3.7254, -0.1512 -0.0555 3.6224, -0.2038 -0.0586 3.7437, -0.1416 -0.0555 3.6252, -0.1839 -0.0588 3.7491, -0.1408 -0.0555 3.6254, -0.1072 -0.0556 3.6293, -0.1193 -0.0556 3.6279, -0.1599 -0.0589 3.7556, -0.161 -0.0589 3.7553, -1.4604 -0.0221 1.5354, -1.4633 -0.0 1.5354, -1.4604 0.0221 1.5354, -1.4001 0.0824 1.5354, -1.378 0.0853 1.5354, -1.3559 0.0824 1.5354, -1.2957 0.0221 1.5354, -1.2927 -0.0 1.5354, -1.2957 -0.0221 1.5354, -1.3559 -0.0824 1.5354, -1.378 -0.0853 1.5354, -1.4001 -0.0824 1.5354, -1.1899 -0.0504 1.6991, -1.1908 -0.0524 1.6991, -1.3042 -0.0426 1.5354, -1.2094 -0.0974 1.6991, -1.21 -0.0982 1.6991, -1.3177 -0.0603 1.5354, -1.2403 -0.1377 1.6991, -1.2798 -0.168 1.6991, -1.3354 -0.0738 1.5354, -1.2806 -0.1686 1.6991, -1.3256 -0.1873 1.6991, -1.3276 -0.1881 1.6991, -1.4284 -0.1881 1.6991, -1.4304 -0.1873 1.6991, -1.4206 -0.0738 1.5354, -1.4754 -0.1686 1.6991, -1.4762 -0.168 1.6991, -1.4383 -0.0603 1.5354, -1.5157 -0.1377 1.6991, -1.546 -0.0982 1.6991, -1.4518 -0.0426 1.5354, -1.5466 -0.0974 1.6991, -1.5653 -0.0524 1.6991, -1.5661 -0.0504 1.6991, -1.5661 0.0504 1.6991, -1.5653 0.0524 1.6991, -1.4518 0.0426 1.5354, -1.5466 0.0974 1.6991, -1.546 0.0982 1.6991, -1.4383 0.0603 1.5354, -1.5157 0.1377 1.6991, -1.4762 0.168 1.6991, -1.4206 0.0738 1.5354, -1.4754 0.1686 1.6991, -1.4304 0.1873 1.6991, -1.4284 0.1881 1.6991, -1.3276 0.1881 1.6991, -1.3256 0.1873 1.6991, -1.3354 0.0738 1.5354, -1.2806 0.1686 1.6991, -1.2798 0.168 1.6991, -1.3177 0.0603 1.5354, -1.2403 0.1377 1.6991, -1.21 0.0982 1.6991, -1.3042 0.0426 1.5354, -1.2094 0.0974 1.6991, -1.1908 0.0524 1.6991, -1.1899 0.0504 1.6991, -1.6101 0.065 3.5088, -1.5969 0.1034 3.5088, -1.5857 0.1215 3.5088, -1.5677 0.1505 3.5088, -1.5481 0.1701 3.5088, -1.5285 0.1897 3.5088, -1.4995 0.2077 3.5088, -1.4814 0.2189 3.5088, -1.443 0.2321 3.5088, -1.443 -0.2321 3.5088, -1.4814 -0.2189 3.5088, -1.4995 -0.2077 3.5088, -1.5285 -0.1897 3.5088, -1.5481 -0.1701 3.5088, -1.5677 -0.1505 3.5088, -1.5857 -0.1215 3.5088, -1.5969 -0.1034 3.5088, -1.6101 -0.065 3.5088, -1.313 0.2321 3.5088, -1.2746 0.2189 3.5088, -1.2566 0.2077 3.5088, -1.2275 0.1897 3.5088, -1.2079 0.1701 3.5088, -1.1883 0.1505 3.5088, -1.1703 0.1215 3.5088, -1.1591 0.1034 3.5088, -1.1459 0.065 3.5088, -1.1459 -0.065 3.5088, -1.1591 -0.1034 3.5088, -1.1703 -0.1215 3.5088, -1.1883 -0.1505 3.5088, -1.2079 -0.1701 3.5088, -1.2275 -0.1897 3.5088, -1.2566 -0.2077 3.5088, -1.2746 -0.2189 3.5088, -1.313 -0.2321 3.5088, -1.5258 0.1863 3.54, -1.5645 0.0881 3.594, -1.593 0.1015 3.54, -1.582 0.0963 3.5691, -1.5418 0.0774 3.6132, -1.5155 0.0649 3.6252, -1.4531 0.0946 3.6293, -1.4726 0.0751 3.6293, -1.4971 0.0945 3.6252, -1.4725 0.1191 3.6252, -1.4554 0.1638 3.6132, -1.4429 0.1375 3.6252, -1.4661 0.1865 3.594, -1.4743 0.204 3.5691, -1.4795 0.215 3.54, -1.4906 0.142 3.6132, -1.5062 0.1616 3.594, -1.5182 0.1767 3.5691, -1.52 0.1126 3.6132, -1.5396 0.1282 3.594, -1.5547 0.1402 3.5691, -1.5643 0.1478 3.54, -1.4661 -0.1865 3.594, -1.5155 -0.0649 3.6252, -1.5418 -0.0774 3.6132, -1.5645 -0.0881 3.594, -1.582 -0.0963 3.5691, -1.593 -0.1015 3.54, -1.4795 -0.215 3.54, -1.4743 -0.204 3.5691, -1.4554 -0.1638 3.6132, -1.4429 -0.1375 3.6252, -1.4726 -0.0751 3.6293, -1.4531 -0.0946 3.6293, -1.4725 -0.1191 3.6252, -1.4971 -0.0945 3.6252, -1.52 -0.1126 3.6132, -1.5396 -0.1282 3.594, -1.5547 -0.1402 3.5691, -1.5643 -0.1478 3.54, -1.5258 -0.1863 3.54, -1.4906 -0.142 3.6132, -1.5062 -0.1616 3.594, -1.5182 -0.1767 3.5691, -1.1917 0.1478 3.54, -1.2834 0.0751 3.6293, -1.2589 0.0945 3.6252, -1.2142 0.0774 3.6132, -1.2405 0.0649 3.6252, -1.1915 0.0881 3.594, -1.174 0.0963 3.5691, -1.163 0.1015 3.54, -1.2765 0.215 3.54, -1.2817 0.204 3.5691, -1.2899 0.1865 3.594, -1.3006 0.1638 3.6132, -1.3131 0.1375 3.6252, -1.3029 0.0946 3.6293, -1.2835 0.1191 3.6252, -1.2361 0.1126 3.6132, -1.2164 0.1282 3.594, -1.2013 0.1402 3.5691, -1.2654 0.142 3.6132, -1.2498 0.1616 3.594, -1.2378 0.1767 3.5691, -1.2302 0.1863 3.54, -1.2302 -0.1863 3.54, -1.163 -0.1015 3.54, -1.174 -0.0963 3.5691, -1.1915 -0.0881 3.594, -1.2142 -0.0774 3.6132, -1.2405 -0.0649 3.6252, -1.3029 -0.0946 3.6293, -1.2834 -0.0751 3.6293, -1.2589 -0.0945 3.6252, -1.3131 -0.1375 3.6252, -1.3006 -0.1638 3.6132, -1.2899 -0.1865 3.594, -1.2817 -0.204 3.5691, -1.2765 -0.215 3.54, -1.2835 -0.1191 3.6252, -1.2654 -0.142 3.6132, -1.2498 -0.1616 3.594, -1.2378 -0.1767 3.5691, -1.2361 -0.1126 3.6132, -1.2164 -0.1282 3.594, -1.2013 -0.1402 3.5691, -1.1917 -0.1478 3.54
            ]
        }
        coordIndex [
            0,1,2,-1,2,1,3,-1,2,3,4,-1,5,6,2,-1,2,6,7,-1,2,7,0,-1,8,9,2,-1,2,9,10,-1,2,10,5,-1,11,12,2,-1,2,12,13,-1,2,13,8,-1,14,15,2,-1,2,15,16,-1,2,16,11,-1,17,18,2,-1,2,18,19,-1,2,19,14,-1,20,21,2,-1,2,21,22,-1,2,22,17,-1,4,23,2,-1,2,23,24,-1,2,24,20,-1,25,15,26,-1,26,15,14,-1,26,14,27,-1,27,14,19,-1,27,19,28,-1,28,19,18,-1,28,18,29,-1,29,18,17,-1,29,17,30,-1,30,17,22,-1,30,22,31,-1,31,22,21,-1,31,21,32,-1,32,21,20,-1,32,20,33,-1,33,20,24,-1,33,24,34,-1,34,24,23,-1,34,23,35,-1,35,23,4,-1,35,4,36,-1,36,4,3,-1,36,3,37,-1,37,3,1,-1,37,1,38,-1,38,1,0,-1,38,0,39,-1,39,0,7,-1,39,7,40,-1,40,7,6,-1,40,6,41,-1,41,6,5,-1,41,5,42,-1,42,5,10,-1,42,10,43,-1,43,10,9,-1,43,9,44,-1,44,9,8,-1,44,8,45,-1,45,8,13,-1,45,13,46,-1,46,13,12,-1,46,12,47,-1,47,12,11,-1,47,11,48,-1,48,11,16,-1,48,16,25,-1,25,16,15,-1,37,49,36,-1,36,49,50,-1,36,50,35,-1,35,50,51,-1,35,51,34,-1,34,51,52,-1,34,52,33,-1,33,52,53,-1,33,53,32,-1,32,53,54,-1,32,54,31,-1,31,54,55,-1,31,55,30,-1,30,55,56,-1,30,56,29,-1,29,56,57,-1,29,57,28,-1,28,57,58,-1,28,58,27,-1,27,58,59,-1,27,59,26,-1,26,59,60,-1,26,60,25,-1,25,60,61,-1,25,61,48,-1,48,61,62,-1,48,62,47,-1,47,62,63,-1,47,63,46,-1,46,63,64,-1,46,64,45,-1,45,64,65,-1,45,65,44,-1,44,65,66,-1,44,66,43,-1,43,66,67,-1,43,67,42,-1,42,67,68,-1,42,68,41,-1,41,68,69,-1,41,69,40,-1,40,69,70,-1,40,70,39,-1,39,70,71,-1,39,71,38,-1,38,71,72,-1,38,72,37,-1,37,72,49,-1,73,74,75,-1,75,76,73,-1,73,76,77,-1,73,77,78,-1,79,80,81,-1,82,83,84,-1,85,86,87,-1,87,86,88,-1,87,88,89,-1,90,91,92,-1,91,90,93,-1,93,90,94,-1,93,94,95,-1,96,97,94,-1,94,97,98,-1,94,98,95,-1,99,100,96,-1,96,100,101,-1,96,101,97,-1,83,102,84,-1,84,102,103,-1,84,103,99,-1,99,103,104,-1,99,104,100,-1,105,82,106,-1,106,82,84,-1,106,84,107,-1,107,84,108,-1,109,110,111,-1,111,110,112,-1,111,112,113,-1,114,115,110,-1,110,115,116,-1,110,116,112,-1,117,118,119,-1,119,118,120,-1,119,120,114,-1,114,120,121,-1,114,121,115,-1,122,123,124,-1,124,123,125,-1,124,125,126,-1,126,125,127,-1,127,128,126,-1,126,128,129,-1,126,129,119,-1,119,129,130,-1,119,130,117,-1,131,132,133,-1,109,79,110,-1,110,79,81,-1,110,81,114,-1,114,81,134,-1,114,134,119,-1,119,134,135,-1,119,135,126,-1,126,135,136,-1,126,136,124,-1,124,136,131,-1,124,131,122,-1,122,131,133,-1,137,108,138,-1,138,108,84,-1,138,84,139,-1,139,84,99,-1,139,99,140,-1,140,99,96,-1,140,96,141,-1,141,96,94,-1,141,94,88,-1,88,94,90,-1,88,90,89,-1,89,90,92,-1,80,142,81,-1,81,142,143,-1,81,143,134,-1,134,143,144,-1,134,144,135,-1,135,144,145,-1,135,145,136,-1,136,145,146,-1,136,146,131,-1,131,146,147,-1,131,147,132,-1,132,147,148,-1,142,137,143,-1,143,137,138,-1,143,138,144,-1,144,138,139,-1,144,139,145,-1,145,139,140,-1,145,140,146,-1,146,140,141,-1,146,141,147,-1,147,141,88,-1,147,88,148,-1,148,88,86,-1,149,150,151,-1,152,153,154,-1,155,156,157,-1,158,105,106,-1,158,159,160,-1,160,159,161,-1,160,161,162,-1,162,161,163,-1,162,163,164,-1,155,165,166,-1,166,165,167,-1,166,167,168,-1,168,167,169,-1,168,169,170,-1,152,171,172,-1,172,171,173,-1,172,173,174,-1,174,173,175,-1,174,175,176,-1,149,177,178,-1,178,177,179,-1,178,179,180,-1,180,179,181,-1,180,181,113,-1,158,106,159,-1,159,106,107,-1,159,107,182,-1,107,108,182,-1,182,108,137,-1,182,137,183,-1,137,142,183,-1,183,142,80,-1,183,80,184,-1,80,79,184,-1,184,79,109,-1,184,109,181,-1,181,109,111,-1,181,111,113,-1,149,151,177,-1,177,151,185,-1,177,185,186,-1,185,187,186,-1,186,187,188,-1,186,188,189,-1,188,190,189,-1,189,190,191,-1,189,191,192,-1,191,193,192,-1,192,193,194,-1,192,194,175,-1,175,194,195,-1,175,195,176,-1,152,154,171,-1,171,154,196,-1,171,196,197,-1,196,198,197,-1,197,198,199,-1,197,199,200,-1,199,201,200,-1,200,201,202,-1,200,202,203,-1,202,204,203,-1,203,204,205,-1,203,205,169,-1,169,205,206,-1,169,206,170,-1,155,157,165,-1,165,157,207,-1,165,207,208,-1,207,209,208,-1,208,209,210,-1,208,210,211,-1,210,212,211,-1,211,212,213,-1,211,213,214,-1,213,215,214,-1,214,215,216,-1,214,216,163,-1,163,216,217,-1,163,217,164,-1,218,219,220,-1,220,219,221,-1,220,221,222,-1,223,224,220,-1,220,224,225,-1,220,225,218,-1,226,227,220,-1,220,227,228,-1,220,228,223,-1,229,230,220,-1,220,230,231,-1,220,231,226,-1,232,233,220,-1,220,233,234,-1,220,234,229,-1,235,236,220,-1,220,236,237,-1,220,237,232,-1,238,239,220,-1,220,239,240,-1,220,240,235,-1,222,241,220,-1,220,241,242,-1,220,242,238,-1,243,233,244,-1,244,233,232,-1,244,232,245,-1,245,232,237,-1,245,237,246,-1,246,237,236,-1,246,236,247,-1,247,236,235,-1,247,235,248,-1,248,235,240,-1,248,240,249,-1,249,240,239,-1,249,239,250,-1,250,239,238,-1,250,238,251,-1,251,238,242,-1,251,242,252,-1,252,242,241,-1,252,241,253,-1,253,241,222,-1,253,222,254,-1,254,222,221,-1,254,221,255,-1,255,221,219,-1,255,219,256,-1,256,219,218,-1,256,218,257,-1,257,218,225,-1,257,225,258,-1,258,225,224,-1,258,224,259,-1,259,224,223,-1,259,223,260,-1,260,223,228,-1,260,228,261,-1,261,228,227,-1,261,227,262,-1,262,227,226,-1,262,226,263,-1,263,226,231,-1,263,231,264,-1,264,231,230,-1,264,230,265,-1,265,230,229,-1,265,229,266,-1,266,229,234,-1,266,234,243,-1,243,234,233,-1,255,267,254,-1,254,267,268,-1,254,268,253,-1,253,268,269,-1,253,269,252,-1,252,269,270,-1,252,270,251,-1,251,270,271,-1,251,271,250,-1,250,271,272,-1,250,272,249,-1,249,272,273,-1,249,273,248,-1,248,273,274,-1,248,274,247,-1,247,274,275,-1,247,275,246,-1,246,275,276,-1,246,276,245,-1,245,276,277,-1,245,277,244,-1,244,277,278,-1,244,278,243,-1,243,278,279,-1,243,279,266,-1,266,279,280,-1,266,280,265,-1,265,280,281,-1,265,281,264,-1,264,281,282,-1,264,282,263,-1,263,282,283,-1,263,283,262,-1,262,283,284,-1,262,284,261,-1,261,284,285,-1,261,285,260,-1,260,285,286,-1,260,286,259,-1,259,286,287,-1,259,287,258,-1,258,287,288,-1,258,288,257,-1,257,288,289,-1,257,289,256,-1,256,289,290,-1,256,290,255,-1,255,290,267,-1,291,292,293,-1,293,294,291,-1,291,294,295,-1,291,295,296,-1,297,298,299,-1,299,298,300,-1,299,300,301,-1,302,303,299,-1,299,303,304,-1,299,304,297,-1,305,306,299,-1,299,306,307,-1,299,307,302,-1,308,309,299,-1,299,309,310,-1,299,310,305,-1,311,312,299,-1,299,312,313,-1,299,313,308,-1,314,315,299,-1,299,315,316,-1,299,316,311,-1,317,318,299,-1,299,318,319,-1,299,319,314,-1,301,320,299,-1,299,320,321,-1,299,321,317,-1,322,312,323,-1,323,312,311,-1,323,311,324,-1,324,311,316,-1,324,316,325,-1,325,316,315,-1,325,315,326,-1,326,315,314,-1,326,314,327,-1,327,314,319,-1,327,319,328,-1,328,319,318,-1,328,318,329,-1,329,318,317,-1,329,317,330,-1,330,317,321,-1,330,321,331,-1,331,321,320,-1,331,320,332,-1,332,320,301,-1,332,301,333,-1,333,301,300,-1,333,300,334,-1,334,300,298,-1,334,298,335,-1,335,298,297,-1,335,297,336,-1,336,297,304,-1,336,304,337,-1,337,304,303,-1,337,303,338,-1,338,303,302,-1,338,302,339,-1,339,302,307,-1,339,307,340,-1,340,307,306,-1,340,306,341,-1,341,306,305,-1,341,305,342,-1,342,305,310,-1,342,310,343,-1,343,310,309,-1,343,309,344,-1,344,309,308,-1,344,308,345,-1,345,308,313,-1,345,313,322,-1,322,313,312,-1,334,346,333,-1,333,346,347,-1,333,347,332,-1,332,347,348,-1,332,348,331,-1,331,348,349,-1,331,349,330,-1,330,349,350,-1,330,350,329,-1,329,350,351,-1,329,351,328,-1,328,351,352,-1,328,352,327,-1,327,352,353,-1,327,353,326,-1,326,353,354,-1,326,354,325,-1,325,354,355,-1,325,355,324,-1,324,355,356,-1,324,356,323,-1,323,356,357,-1,323,357,322,-1,322,357,358,-1,322,358,345,-1,345,358,359,-1,345,359,344,-1,344,359,360,-1,344,360,343,-1,343,360,361,-1,343,361,342,-1,342,361,362,-1,342,362,341,-1,341,362,363,-1,341,363,340,-1,340,363,364,-1,340,364,339,-1,339,364,365,-1,339,365,338,-1,338,365,366,-1,338,366,337,-1,337,366,367,-1,337,367,336,-1,336,367,368,-1,336,368,335,-1,335,368,369,-1,335,369,334,-1,334,369,346,-1,370,371,372,-1,372,373,370,-1,370,373,374,-1,370,374,375,-1,376,377,378,-1,378,377,379,-1,378,379,380,-1,380,379,381,-1,382,383,384,-1,384,383,385,-1,384,385,386,-1,386,385,387,-1,388,389,390,-1,390,389,391,-1,390,391,392,-1,392,391,393,-1,394,395,396,-1,396,395,397,-1,396,397,398,-1,398,397,399,-1,400,380,381,-1,401,402,403,-1,403,402,404,-1,403,404,405,-1,406,407,408,-1,408,407,409,-1,408,409,410,-1,410,409,411,-1,410,411,412,-1,412,411,413,-1,412,413,414,-1,413,415,414,-1,414,415,416,-1,414,416,417,-1,417,416,418,-1,417,418,419,-1,419,418,420,-1,419,420,421,-1,421,420,422,-1,421,422,423,-1,423,422,424,-1,423,424,425,-1,425,424,405,-1,425,405,426,-1,426,405,404,-1,400,381,427,-1,427,381,428,-1,427,428,429,-1,429,428,430,-1,429,430,431,-1,431,430,432,-1,431,432,433,-1,433,432,434,-1,433,434,406,-1,406,434,435,-1,406,435,407,-1,436,437,438,-1,438,437,439,-1,438,439,440,-1,440,439,441,-1,440,441,442,-1,442,441,443,-1,442,443,444,-1,444,443,445,-1,444,445,446,-1,447,370,448,-1,448,370,375,-1,448,375,449,-1,449,375,450,-1,449,450,451,-1,451,450,436,-1,451,436,452,-1,452,436,438,-1,445,453,446,-1,446,453,454,-1,446,454,455,-1,455,454,456,-1,455,456,457,-1,457,456,458,-1,457,458,459,-1,459,458,460,-1,459,460,461,-1,461,460,462,-1,461,462,463,-1,463,462,464,-1,463,464,465,-1,465,464,466,-1,465,466,467,-1,467,466,468,-1,467,468,469,-1,469,468,377,-1,469,377,376,-1,389,388,470,-1,389,470,471,-1,471,470,472,-1,471,472,473,-1,473,472,474,-1,473,474,475,-1,475,474,476,-1,475,476,477,-1,476,478,477,-1,477,478,479,-1,477,479,480,-1,480,479,481,-1,480,481,482,-1,482,481,483,-1,482,483,484,-1,484,483,485,-1,484,485,486,-1,486,485,487,-1,488,489,490,-1,490,489,491,-1,490,491,492,-1,492,491,493,-1,492,493,494,-1,494,493,495,-1,494,495,496,-1,496,495,497,-1,496,497,498,-1,498,497,499,-1,498,499,500,-1,500,499,501,-1,500,501,502,-1,502,501,503,-1,502,503,487,-1,487,503,504,-1,487,504,486,-1,505,392,393,-1,505,393,506,-1,507,508,509,-1,510,511,512,-1,512,511,513,-1,512,513,514,-1,514,513,506,-1,514,506,515,-1,515,506,393,-1,516,517,518,-1,509,508,519,-1,509,520,507,-1,507,520,521,-1,507,521,510,-1,510,521,522,-1,510,522,511,-1,508,523,519,-1,519,523,524,-1,519,524,525,-1,525,524,526,-1,525,526,527,-1,527,526,528,-1,527,528,529,-1,529,528,530,-1,529,530,531,-1,531,530,532,-1,531,532,533,-1,533,532,534,-1,533,534,535,-1,518,536,516,-1,516,536,537,-1,516,537,538,-1,538,537,535,-1,538,535,539,-1,539,535,534,-1,540,541,542,-1,542,541,543,-1,542,543,544,-1,544,543,545,-1,544,545,546,-1,546,545,547,-1,546,547,548,-1,548,547,549,-1,548,549,550,-1,518,517,551,-1,551,517,552,-1,551,552,553,-1,553,552,554,-1,553,554,555,-1,555,554,540,-1,555,540,556,-1,556,540,542,-1,549,557,550,-1,550,557,558,-1,550,558,559,-1,559,558,560,-1,559,560,561,-1,561,560,562,-1,561,562,563,-1,563,562,564,-1,563,564,565,-1,565,564,566,-1,565,566,567,-1,567,566,568,-1,567,568,569,-1,569,568,570,-1,569,570,571,-1,571,570,572,-1,571,572,573,-1,573,572,395,-1,573,395,394,-1,574,398,399,-1,370,447,371,-1,371,447,575,-1,371,575,576,-1,577,578,579,-1,579,578,580,-1,579,580,581,-1,581,580,582,-1,581,582,583,-1,583,582,584,-1,583,584,585,-1,584,586,585,-1,585,586,587,-1,585,587,588,-1,588,587,589,-1,588,589,590,-1,590,589,591,-1,590,591,592,-1,592,591,593,-1,592,593,594,-1,594,593,595,-1,594,595,596,-1,596,595,576,-1,596,576,597,-1,597,576,575,-1,574,399,598,-1,598,399,599,-1,598,599,600,-1,600,599,601,-1,600,601,602,-1,602,601,603,-1,602,603,604,-1,604,603,605,-1,604,605,577,-1,577,605,606,-1,577,606,578,-1,383,382,607,-1,383,607,608,-1,608,607,609,-1,608,609,610,-1,610,609,611,-1,610,611,612,-1,612,611,613,-1,612,613,614,-1,613,615,614,-1,614,615,616,-1,614,616,617,-1,617,616,618,-1,617,618,619,-1,619,618,620,-1,619,620,621,-1,621,620,622,-1,621,622,623,-1,623,622,624,-1,402,401,625,-1,625,401,626,-1,625,626,627,-1,627,626,628,-1,627,628,629,-1,629,628,630,-1,629,630,631,-1,631,630,632,-1,631,632,633,-1,633,632,634,-1,633,634,635,-1,635,634,636,-1,635,636,637,-1,637,636,638,-1,637,638,624,-1,624,638,639,-1,624,639,623,-1,640,386,387,-1,640,387,641,-1,642,643,644,-1,645,646,647,-1,647,646,648,-1,647,648,649,-1,649,648,641,-1,649,641,650,-1,650,641,387,-1,651,489,488,-1,644,643,652,-1,644,653,642,-1,642,653,654,-1,642,654,645,-1,645,654,655,-1,645,655,646,-1,643,656,652,-1,652,656,657,-1,652,657,658,-1,658,657,659,-1,658,659,660,-1,660,659,661,-1,660,661,662,-1,662,661,663,-1,662,663,664,-1,664,663,665,-1,664,665,666,-1,666,665,667,-1,666,667,668,-1,488,669,651,-1,651,669,670,-1,651,670,671,-1,671,670,668,-1,671,668,672,-1,672,668,667,-1,673,674,675,-1,675,674,676,-1,675,676,677,-1,677,676,678,-1,679,680,681,-1,681,680,682,-1,681,682,683,-1,683,682,684,-1,685,686,687,-1,687,686,688,-1,687,688,689,-1,689,688,690,-1,691,692,693,-1,693,692,694,-1,693,694,695,-1,695,694,696,-1,697,677,678,-1,698,699,700,-1,700,699,701,-1,700,701,702,-1,703,704,705,-1,705,704,706,-1,705,706,707,-1,707,706,708,-1,707,708,709,-1,709,708,710,-1,709,710,711,-1,710,712,711,-1,711,712,713,-1,711,713,714,-1,714,713,715,-1,714,715,716,-1,716,715,717,-1,716,717,718,-1,718,717,719,-1,718,719,720,-1,720,719,721,-1,720,721,722,-1,722,721,702,-1,722,702,723,-1,723,702,701,-1,697,678,724,-1,724,678,725,-1,724,725,726,-1,726,725,727,-1,726,727,728,-1,728,727,729,-1,728,729,730,-1,730,729,731,-1,730,731,703,-1,703,731,732,-1,703,732,704,-1,733,734,735,-1,735,734,736,-1,735,736,737,-1,737,736,738,-1,737,738,739,-1,739,738,740,-1,739,740,741,-1,741,740,742,-1,741,742,743,-1,744,291,745,-1,745,291,296,-1,745,296,746,-1,746,296,747,-1,746,747,748,-1,748,747,733,-1,748,733,749,-1,749,733,735,-1,742,750,743,-1,743,750,751,-1,743,751,752,-1,752,751,753,-1,752,753,754,-1,754,753,755,-1,754,755,756,-1,756,755,757,-1,756,757,758,-1,758,757,759,-1,758,759,760,-1,760,759,761,-1,760,761,762,-1,762,761,763,-1,762,763,764,-1,764,763,765,-1,764,765,766,-1,766,765,674,-1,766,674,673,-1,686,685,767,-1,686,767,768,-1,768,767,769,-1,768,769,770,-1,770,769,771,-1,770,771,772,-1,772,771,773,-1,772,773,774,-1,773,775,774,-1,774,775,776,-1,774,776,777,-1,777,776,778,-1,777,778,779,-1,779,778,780,-1,779,780,781,-1,781,780,782,-1,781,782,783,-1,783,782,784,-1,785,786,787,-1,787,786,788,-1,787,788,789,-1,789,788,790,-1,789,790,791,-1,791,790,792,-1,791,792,793,-1,793,792,794,-1,793,794,795,-1,795,794,796,-1,795,796,797,-1,797,796,798,-1,797,798,799,-1,799,798,800,-1,799,800,784,-1,784,800,801,-1,784,801,783,-1,802,689,690,-1,802,690,803,-1,804,805,806,-1,807,808,809,-1,809,808,810,-1,809,810,811,-1,811,810,803,-1,811,803,812,-1,812,803,690,-1,813,814,815,-1,806,805,816,-1,806,817,804,-1,804,817,818,-1,804,818,807,-1,807,818,819,-1,807,819,808,-1,805,820,816,-1,816,820,821,-1,816,821,822,-1,822,821,823,-1,822,823,824,-1,824,823,825,-1,824,825,826,-1,826,825,827,-1,826,827,828,-1,828,827,829,-1,828,829,830,-1,830,829,831,-1,830,831,832,-1,815,833,813,-1,813,833,834,-1,813,834,835,-1,835,834,832,-1,835,832,836,-1,836,832,831,-1,837,838,839,-1,839,838,840,-1,839,840,841,-1,841,840,842,-1,841,842,843,-1,843,842,844,-1,843,844,845,-1,845,844,846,-1,845,846,847,-1,815,814,848,-1,848,814,849,-1,848,849,850,-1,850,849,851,-1,850,851,852,-1,852,851,837,-1,852,837,853,-1,853,837,839,-1,846,854,847,-1,847,854,855,-1,847,855,856,-1,856,855,857,-1,856,857,858,-1,858,857,859,-1,858,859,860,-1,860,859,861,-1,860,861,862,-1,862,861,863,-1,862,863,864,-1,864,863,865,-1,864,865,866,-1,866,865,867,-1,866,867,868,-1,868,867,869,-1,868,869,870,-1,870,869,692,-1,870,692,691,-1,871,695,696,-1,291,744,292,-1,292,744,872,-1,292,872,873,-1,874,875,876,-1,876,875,877,-1,876,877,878,-1,878,877,879,-1,878,879,880,-1,880,879,881,-1,880,881,882,-1,872,883,873,-1,873,883,884,-1,873,884,885,-1,885,884,886,-1,885,886,887,-1,887,886,888,-1,887,888,889,-1,889,888,890,-1,889,890,891,-1,891,890,892,-1,891,892,893,-1,893,892,882,-1,893,882,894,-1,894,882,881,-1,871,696,895,-1,895,696,896,-1,895,896,897,-1,897,896,898,-1,897,898,899,-1,899,898,900,-1,899,900,901,-1,901,900,902,-1,901,902,874,-1,874,902,903,-1,874,903,875,-1,680,679,904,-1,680,904,905,-1,905,904,906,-1,905,906,907,-1,907,906,908,-1,907,908,909,-1,909,908,910,-1,909,910,911,-1,910,912,911,-1,911,912,913,-1,911,913,914,-1,914,913,915,-1,914,915,916,-1,916,915,917,-1,916,917,918,-1,918,917,919,-1,918,919,920,-1,920,919,921,-1,699,698,922,-1,922,698,923,-1,922,923,924,-1,924,923,925,-1,924,925,926,-1,926,925,927,-1,926,927,928,-1,928,927,929,-1,928,929,930,-1,930,929,931,-1,930,931,932,-1,932,931,933,-1,932,933,934,-1,934,933,935,-1,934,935,921,-1,921,935,936,-1,921,936,920,-1,937,683,684,-1,937,684,938,-1,939,940,941,-1,942,943,944,-1,944,943,945,-1,944,945,946,-1,946,945,938,-1,946,938,947,-1,947,938,684,-1,948,786,785,-1,941,940,949,-1,941,950,939,-1,939,950,951,-1,939,951,942,-1,942,951,952,-1,942,952,943,-1,940,953,949,-1,949,953,954,-1,949,954,955,-1,955,954,956,-1,955,956,957,-1,957,956,958,-1,957,958,959,-1,959,958,960,-1,959,960,961,-1,961,960,962,-1,961,962,963,-1,963,962,964,-1,963,964,965,-1,785,966,948,-1,948,966,967,-1,948,967,968,-1,968,967,965,-1,968,965,969,-1,969,965,964,-1,386,970,384,-1,384,970,971,-1,384,971,382,-1,382,971,972,-1,380,973,378,-1,378,973,974,-1,378,974,376,-1,376,974,975,-1,398,976,396,-1,396,976,977,-1,396,977,394,-1,394,977,978,-1,392,979,390,-1,390,979,980,-1,390,980,388,-1,388,980,981,-1,573,394,982,-1,982,394,978,-1,982,978,983,-1,983,978,984,-1,983,984,985,-1,985,984,986,-1,986,984,987,-1,986,987,988,-1,988,987,989,-1,989,987,990,-1,989,990,991,-1,991,990,992,-1,992,990,979,-1,992,979,993,-1,993,979,392,-1,993,392,505,-1,470,388,994,-1,994,388,981,-1,994,981,995,-1,995,981,996,-1,995,996,997,-1,997,996,998,-1,998,996,999,-1,998,999,1000,-1,1000,999,1001,-1,1001,999,1002,-1,1001,1002,1003,-1,1003,1002,1004,-1,1004,1002,970,-1,1004,970,1005,-1,1005,970,386,-1,1005,386,640,-1,607,382,1006,-1,1006,382,972,-1,1006,972,1007,-1,1007,972,1008,-1,1007,1008,1009,-1,1009,1008,1010,-1,1010,1008,1011,-1,1010,1011,1012,-1,1012,1011,1013,-1,1013,1011,1014,-1,1013,1014,1015,-1,1015,1014,1016,-1,1016,1014,973,-1,1016,973,1017,-1,1017,973,380,-1,1017,380,400,-1,469,376,1018,-1,1018,376,975,-1,1018,975,1019,-1,1019,975,1020,-1,1019,1020,1021,-1,1021,1020,1022,-1,1022,1020,1023,-1,1022,1023,1024,-1,1024,1023,1025,-1,1025,1023,1026,-1,1025,1026,1027,-1,1027,1026,1028,-1,1028,1026,976,-1,1028,976,1029,-1,1029,976,398,-1,1029,398,574,-1,1030,609,607,-1,607,1006,1030,-1,1030,1006,1007,-1,1030,1007,1031,-1,1031,1007,1009,-1,1031,1009,1032,-1,1032,1009,1010,-1,1032,1010,1033,-1,1033,1010,1012,-1,1033,1012,1034,-1,1034,1012,1035,-1,1035,1012,1013,-1,1035,1013,1036,-1,1036,1013,1037,-1,1037,1013,1015,-1,1037,1015,1038,-1,1038,1015,1016,-1,1038,1016,427,-1,427,1016,1017,-1,427,1017,400,-1,1039,472,470,-1,470,994,1039,-1,1039,994,995,-1,1039,995,1040,-1,1040,995,997,-1,1040,997,1041,-1,1041,997,998,-1,1041,998,1042,-1,1042,998,1000,-1,1042,1000,1043,-1,1043,1000,1044,-1,1044,1000,1001,-1,1044,1001,1045,-1,1045,1001,1046,-1,1046,1001,1003,-1,1046,1003,1047,-1,1047,1003,1004,-1,1047,1004,641,-1,641,1004,1005,-1,641,1005,640,-1,1048,467,469,-1,469,1018,1048,-1,1048,1018,1019,-1,1048,1019,1049,-1,1049,1019,1021,-1,1049,1021,1050,-1,1050,1021,1022,-1,1050,1022,1051,-1,1051,1022,1024,-1,1051,1024,1052,-1,1052,1024,1053,-1,1053,1024,1025,-1,1053,1025,1054,-1,1054,1025,1055,-1,1055,1025,1027,-1,1055,1027,1056,-1,1056,1027,1028,-1,1056,1028,598,-1,598,1028,1029,-1,598,1029,574,-1,1057,571,573,-1,573,982,1057,-1,1057,982,983,-1,1057,983,1058,-1,1058,983,985,-1,1058,985,1059,-1,1059,985,986,-1,1059,986,1060,-1,1060,986,988,-1,1060,988,1061,-1,1061,988,1062,-1,1062,988,989,-1,1062,989,1063,-1,1063,989,1064,-1,1064,989,991,-1,1064,991,1065,-1,1065,991,992,-1,1065,992,506,-1,506,992,993,-1,506,993,505,-1,1034,1035,1066,-1,624,622,1067,-1,609,1030,611,-1,611,1030,613,-1,613,1068,615,-1,615,1068,1069,-1,615,1069,616,-1,616,1069,618,-1,1067,622,1069,-1,1069,622,620,-1,1069,620,618,-1,624,1067,637,-1,637,1067,1070,-1,637,1070,635,-1,627,629,1071,-1,1071,629,631,-1,1071,631,1070,-1,1070,631,633,-1,1070,633,635,-1,1072,1073,1074,-1,1074,1073,625,-1,1074,625,627,-1,404,1072,426,-1,426,1072,1075,-1,426,1075,425,-1,417,419,1076,-1,1076,419,421,-1,1076,421,1077,-1,1077,421,423,-1,1077,423,425,-1,417,1076,414,-1,414,1076,1078,-1,414,1078,412,-1,412,1078,410,-1,410,1078,1079,-1,410,1079,408,-1,408,1079,406,-1,406,1079,1080,-1,406,1080,433,-1,1038,427,429,-1,429,431,1038,-1,1038,431,433,-1,1038,433,1037,-1,1037,433,1080,-1,1037,1080,1036,-1,425,1075,1077,-1,1077,1075,1081,-1,1077,1081,1076,-1,1076,1081,1082,-1,1076,1082,1078,-1,1078,1082,1083,-1,1078,1083,1079,-1,1079,1083,1066,-1,1079,1066,1080,-1,1080,1066,1035,-1,1080,1035,1036,-1,1072,1074,1075,-1,1075,1074,1084,-1,1075,1084,1081,-1,1081,1084,1085,-1,1081,1085,1082,-1,1082,1085,1086,-1,1082,1086,1083,-1,1083,1086,1087,-1,1083,1087,1066,-1,1066,1087,1033,-1,1066,1033,1034,-1,613,1030,1068,-1,1068,1030,1031,-1,1068,1031,1032,-1,627,1071,1074,-1,1074,1071,1070,-1,1074,1070,1084,-1,1084,1070,1067,-1,1084,1067,1085,-1,1085,1067,1069,-1,1085,1069,1086,-1,1086,1069,1068,-1,1086,1068,1087,-1,1087,1068,1032,-1,1087,1032,1033,-1,487,485,1088,-1,670,1089,668,-1,668,1089,666,-1,666,1089,664,-1,664,1089,1090,-1,664,1090,662,-1,662,1090,660,-1,660,1090,1091,-1,660,1091,658,-1,654,653,1092,-1,1092,653,644,-1,1092,644,1091,-1,1091,644,652,-1,1091,652,658,-1,654,1092,655,-1,655,1092,1093,-1,655,1093,646,-1,641,648,1047,-1,1047,648,646,-1,1047,646,1046,-1,1046,646,1093,-1,1046,1093,1045,-1,472,1039,474,-1,474,1039,476,-1,476,1094,478,-1,478,1094,1095,-1,478,1095,479,-1,479,1095,481,-1,1088,485,1095,-1,1095,485,483,-1,1095,483,481,-1,487,1088,502,-1,502,1088,1096,-1,502,1096,500,-1,492,494,1097,-1,1097,494,496,-1,1097,496,1096,-1,1096,496,498,-1,1096,498,500,-1,1098,1099,1100,-1,1100,1099,490,-1,1100,490,492,-1,669,1098,670,-1,670,1098,1101,-1,670,1101,1089,-1,1089,1101,1102,-1,1089,1102,1090,-1,1090,1102,1103,-1,1090,1103,1091,-1,1091,1103,1104,-1,1091,1104,1092,-1,1092,1104,1105,-1,1092,1105,1093,-1,1093,1105,1044,-1,1093,1044,1045,-1,1106,1042,1043,-1,1098,1100,1101,-1,1101,1100,1107,-1,1101,1107,1102,-1,1102,1107,1108,-1,1102,1108,1103,-1,1103,1108,1109,-1,1103,1109,1104,-1,1104,1109,1106,-1,1104,1106,1105,-1,1105,1106,1043,-1,1105,1043,1044,-1,476,1039,1094,-1,1094,1039,1040,-1,1094,1040,1041,-1,492,1097,1100,-1,1100,1097,1096,-1,1100,1096,1107,-1,1107,1096,1088,-1,1107,1088,1108,-1,1108,1088,1095,-1,1108,1095,1109,-1,1109,1095,1094,-1,1109,1094,1106,-1,1106,1094,1041,-1,1106,1041,1042,-1,1052,1053,1110,-1,575,1111,597,-1,597,1111,1112,-1,597,1112,596,-1,588,590,1113,-1,1113,590,592,-1,1113,592,1114,-1,1114,592,594,-1,1114,594,596,-1,588,1113,585,-1,585,1113,1115,-1,585,1115,583,-1,583,1115,581,-1,581,1115,1116,-1,581,1116,579,-1,579,1116,577,-1,577,1116,1117,-1,577,1117,604,-1,1056,598,600,-1,600,602,1056,-1,1056,602,604,-1,1056,604,1055,-1,1055,604,1117,-1,1055,1117,1054,-1,461,463,1048,-1,1048,463,465,-1,1048,465,467,-1,461,1118,459,-1,459,1118,1119,-1,1120,455,1119,-1,1119,455,457,-1,1119,457,459,-1,440,442,1121,-1,1121,442,444,-1,1121,444,1120,-1,1120,444,446,-1,1120,446,455,-1,449,451,1122,-1,1122,451,452,-1,1122,452,1121,-1,1121,452,438,-1,1121,438,440,-1,1111,1123,1124,-1,1124,1123,448,-1,1124,448,449,-1,596,1112,1114,-1,1114,1112,1125,-1,1114,1125,1113,-1,1113,1125,1126,-1,1113,1126,1115,-1,1115,1126,1127,-1,1115,1127,1116,-1,1116,1127,1110,-1,1116,1110,1117,-1,1117,1110,1053,-1,1117,1053,1054,-1,1111,1124,1112,-1,1112,1124,1128,-1,1112,1128,1125,-1,1125,1128,1129,-1,1125,1129,1126,-1,1126,1129,1130,-1,1126,1130,1127,-1,1127,1130,1131,-1,1127,1131,1110,-1,1110,1131,1051,-1,1110,1051,1052,-1,461,1048,1118,-1,1118,1048,1049,-1,1118,1049,1050,-1,449,1122,1124,-1,1124,1122,1121,-1,1124,1121,1128,-1,1128,1121,1120,-1,1128,1120,1129,-1,1129,1120,1119,-1,1129,1119,1130,-1,1130,1119,1118,-1,1130,1118,1131,-1,1131,1118,1050,-1,1131,1050,1051,-1,1061,1062,1132,-1,565,567,1057,-1,1057,567,569,-1,1057,569,571,-1,565,1133,563,-1,563,1133,1134,-1,1135,559,1134,-1,1134,559,561,-1,1134,561,563,-1,544,546,1136,-1,1136,546,548,-1,1136,548,1135,-1,1135,548,550,-1,1135,550,559,-1,553,555,1137,-1,1137,555,556,-1,1137,556,1136,-1,1136,556,542,-1,1136,542,544,-1,1138,1139,1140,-1,1140,1139,551,-1,1140,551,553,-1,537,1141,535,-1,535,1141,533,-1,533,1141,531,-1,531,1141,1142,-1,531,1142,529,-1,529,1142,527,-1,527,1142,1143,-1,527,1143,525,-1,521,520,1144,-1,1144,520,509,-1,1144,509,1143,-1,1143,509,519,-1,1143,519,525,-1,521,1144,522,-1,522,1144,1145,-1,522,1145,511,-1,506,513,1065,-1,1065,513,511,-1,1065,511,1064,-1,1064,511,1145,-1,1064,1145,1063,-1,536,1138,537,-1,537,1138,1146,-1,537,1146,1141,-1,1141,1146,1147,-1,1141,1147,1142,-1,1142,1147,1148,-1,1142,1148,1143,-1,1143,1148,1149,-1,1143,1149,1144,-1,1144,1149,1132,-1,1144,1132,1145,-1,1145,1132,1062,-1,1145,1062,1063,-1,1138,1140,1146,-1,1146,1140,1150,-1,1146,1150,1147,-1,1147,1150,1151,-1,1147,1151,1148,-1,1148,1151,1152,-1,1148,1152,1149,-1,1149,1152,1153,-1,1149,1153,1132,-1,1132,1153,1060,-1,1132,1060,1061,-1,565,1057,1133,-1,1133,1057,1058,-1,1133,1058,1059,-1,553,1137,1140,-1,1140,1137,1136,-1,1140,1136,1150,-1,1150,1136,1135,-1,1150,1135,1151,-1,1151,1135,1134,-1,1151,1134,1152,-1,1152,1134,1133,-1,1152,1133,1153,-1,1153,1133,1059,-1,1153,1059,1060,-1,551,1139,518,-1,518,1139,1138,-1,518,1138,536,-1,625,1073,402,-1,402,1073,1072,-1,402,1072,404,-1,490,1099,488,-1,488,1099,1098,-1,488,1098,669,-1,448,1123,447,-1,447,1123,1111,-1,447,1111,575,-1,
        ]
    }
}
Shape{
    appearance Appearance {
        material  Material 	{
            diffuseColor 1.0 0.7529411764705882 0.12156862745098039
            specularColor 0.5019607843137255 0.3764705882352941 0.058823529411764705
            ambientIntensity 0.7548
            transparency 0.0
            shininess 0.5
        }
    }
    geometry IndexedFaceSet {
        ccw TRUE
        solid FALSE
        coord DEF co Coordinate {
            point [
                -1.3042 -0.0426 1.5354, -1.2957 -0.0221 1.5354, -1.378 -0.0 1.5354, -1.2927 -0.0 1.5354, -1.2957 0.0221 1.5354, -1.3559 -0.0824 1.5354, -1.3354 -0.0738 1.5354, -1.3177 -0.0603 1.5354, -1.4206 -0.0738 1.5354, -1.4001 -0.0824 1.5354, -1.378 -0.0853 1.5354, -1.4604 -0.0221 1.5354, -1.4518 -0.0426 1.5354, -1.4383 -0.0603 1.5354, -1.4518 0.0426 1.5354, -1.4604 0.0221 1.5354, -1.4633 -0.0 1.5354, -1.4001 0.0824 1.5354, -1.4206 0.0738 1.5354, -1.4383 0.0603 1.5354, -1.3354 0.0738 1.5354, -1.3559 0.0824 1.5354, -1.378 0.0853 1.5354, -1.3042 0.0426 1.5354, -1.3177 0.0603 1.5354
            ]
        }
        coordIndex [
            0,1,2,-1,2,1,3,-1,2,3,4,-1,5,6,2,-1,2,6,7,-1,2,7,0,-1,8,9,2,-1,2,9,10,-1,2,10,5,-1,11,12,2,-1,2,12,13,-1,2,13,8,-1,14,15,2,-1,2,15,16,-1,2,16,11,-1,17,18,2,-1,2,18,19,-1,2,19,14,-1,20,21,2,-1,2,21,22,-1,2,22,17,-1,4,23,2,-1,2,23,24,-1,2,24,20,-1,
        ]
    }
}
Shape{
    appearance Appearance {
        material  Material 	{
            diffuseColor 0.9686274509803922 0.8784313725490196 0.6
            specularColor 0.6784313725490196 0.615686274509804 0.4196078431372549
            ambientIntensity 0.8737
            transparency 0.0
            shininess 0.5
        }
    }
    geometry IndexedFaceSet {
        ccw TRUE
        solid FALSE
        coord DEF co Coordinate {
            point [
                -0.1249 -0.0024 1.5947, -0.0824 -0.0221 1.5354, -0.1249 -0.0 1.5947, -0.0853 -0.0 1.5354, -0.1249 0.0024 1.5947, -0.0824 0.0221 1.5354, -0.0024 0.1248 1.5947, -0.0221 0.0824 1.5354, -0.0001 0.1249 1.5947, -0.0001 0.0853 1.5354, 0.0023 0.1248 1.5947, 0.022 0.0824 1.5354, 0.1248 0.0024 1.5947, 0.0823 0.0221 1.5354, 0.1248 -0.0 1.5947, 0.0852 -0.0 1.5354, 0.1248 -0.0024 1.5947, 0.0823 -0.0221 1.5354, 0.0023 -0.1248 1.5947, 0.022 -0.0824 1.5354, -0.0001 -0.1249 1.5947, -0.0001 -0.0853 1.5354, -0.0024 -0.1248 1.5947, -0.0221 -0.0824 1.5354, 0.1946 -0.0051 1.6991, 0.188 -0.0504 1.6991, 0.1872 -0.0524 1.6991, 0.0738 -0.0426 1.5354, 0.1686 -0.0974 1.6991, 0.1679 -0.0982 1.6991, 0.0602 -0.0603 1.5354, 0.1376 -0.1377 1.6991, 0.0982 -0.168 1.6991, 0.0426 -0.0738 1.5354, 0.0973 -0.1686 1.6991, 0.0524 -0.1873 1.6991, 0.0503 -0.1881 1.6991, 0.005 -0.1947 1.6991, -0.0051 -0.1947 1.6991, -0.0504 -0.1881 1.6991, -0.0525 -0.1873 1.6991, -0.0427 -0.0738 1.5354, -0.0974 -0.1686 1.6991, -0.0983 -0.168 1.6991, -0.0603 -0.0603 1.5354, -0.1377 -0.1377 1.6991, -0.168 -0.0982 1.6991, -0.0739 -0.0426 1.5354, -0.1687 -0.0974 1.6991, -0.1873 -0.0524 1.6991, -0.1881 -0.0504 1.6991, -0.1947 -0.0051 1.6991, -0.1947 0.0051 1.6991, -0.1881 0.0504 1.6991, -0.1873 0.0524 1.6991, -0.0739 0.0426 1.5354, -0.1687 0.0974 1.6991, -0.168 0.0982 1.6991, -0.0603 0.0603 1.5354, -0.1377 0.1377 1.6991, -0.0983 0.168 1.6991, -0.0427 0.0738 1.5354, -0.0974 0.1686 1.6991, -0.0525 0.1873 1.6991, -0.0504 0.1881 1.6991, -0.0051 0.1947 1.6991, 0.005 0.1947 1.6991, 0.0503 0.1881 1.6991, 0.0524 0.1873 1.6991, 0.0426 0.0738 1.5354, 0.0973 0.1686 1.6991, 0.0982 0.168 1.6991, 0.0602 0.0603 1.5354, 0.1376 0.1377 1.6991, 0.1679 0.0982 1.6991, 0.0738 0.0426 1.5354, 0.1686 0.0974 1.6991, 0.1872 0.0524 1.6991, 0.188 0.0504 1.6991, 0.1946 0.0051 1.6991, -0.2321 0.065 3.5088, -0.2364 0.0525 3.5088, -0.219 0.1034 3.5088, -0.2078 0.1215 3.5088, -0.1897 0.1505 3.5088, -0.1701 0.1701 3.5088, -0.1505 0.1897 3.5088, -0.1215 0.2077 3.5088, -0.1034 0.2189 3.5088, -0.065 0.2321 3.5088, -0.0525 0.2364 3.5088, -0.065 -0.2321 3.5088, -0.0525 -0.2364 3.5088, -0.1034 -0.2189 3.5088, -0.1215 -0.2077 3.5088, -0.1505 -0.1897 3.5088, -0.1701 -0.1701 3.5088, -0.1897 -0.1505 3.5088, -0.2078 -0.1215 3.5088, -0.219 -0.1034 3.5088, -0.2321 -0.065 3.5088, -0.2364 -0.0525 3.5088, 0.0649 0.2321 3.5088, 0.0524 0.2364 3.5088, 0.1033 0.2189 3.5088, 0.1214 0.2077 3.5088, 0.1504 0.1897 3.5088, 0.17 0.1701 3.5088, 0.1896 0.1505 3.5088, 0.2077 0.1215 3.5088, 0.2189 0.1034 3.5088, 0.232 0.065 3.5088, 0.2363 0.0525 3.5088, 0.232 -0.065 3.5088, 0.2363 -0.0525 3.5088, 0.2189 -0.1034 3.5088, 0.2077 -0.1215 3.5088, 0.1896 -0.1505 3.5088, 0.17 -0.1701 3.5088, 0.1504 -0.1897 3.5088, 0.1214 -0.2077 3.5088, 0.1033 -0.2189 3.5088, 0.0649 -0.2321 3.5088, 0.0524 -0.2364 3.5088, -0.1478 0.1863 3.54, -0.1883 0.0549 3.603, -0.1983 0.0547 3.5935, -0.1866 0.0881 3.594, -0.2327 0.0532 3.5367, -0.2317 0.0533 3.54, -0.2151 0.1015 3.54, -0.2292 0.0535 3.5481, -0.204 0.0963 3.5691, -0.2186 0.0541 3.5689, -0.2163 0.0542 3.5734, -0.2093 0.0544 3.5828, -0.179 0.0551 3.6095, -0.1639 0.0774 3.6132, -0.1723 0.0552 3.6126, -0.1193 0.0556 3.6279, -0.1408 0.0555 3.6254, -0.1375 0.0649 3.6252, -0.1416 0.0555 3.6252, -0.1512 0.0555 3.6224, -0.0751 0.0946 3.6293, -0.0947 0.0751 3.6293, -0.1192 0.0945 3.6252, -0.1072 0.0556 3.6293, -0.0557 0.1072 3.6293, -0.0557 0.1153 3.6291, -0.0945 0.1191 3.6252, -0.0557 0.1182 3.6286, -0.0552 0.1721 3.6125, -0.0554 0.1593 3.6194, -0.0774 0.1638 3.6132, -0.0555 0.1463 3.6239, -0.065 0.1375 3.6252, -0.0556 0.1413 3.6247, -0.055 0.1855 3.6051, -0.0881 0.1865 3.594, -0.0548 0.1975 3.5954, -0.0542 0.2162 3.5735, -0.0964 0.204 3.5691, -0.0541 0.2188 3.569, -0.0539 0.2231 3.5617, -0.1016 0.215 3.54, -0.0533 0.2313 3.5399, -0.0529 0.2353 3.5228, -0.0532 0.233 3.5353, -0.1127 0.142 3.6132, -0.1282 0.1616 3.594, -0.1402 0.1767 3.5691, -0.142 0.1126 3.6132, -0.1616 0.1282 3.594, -0.1768 0.1402 3.5691, -0.1863 0.1478 3.54, -0.055 -0.1883 3.603, -0.0547 -0.1982 3.5935, -0.0881 -0.1865 3.594, -0.1193 -0.0556 3.6279, -0.1375 -0.0649 3.6252, -0.1408 -0.0555 3.6254, -0.1416 -0.0555 3.6252, -0.1512 -0.0555 3.6224, -0.1639 -0.0774 3.6132, -0.1723 -0.0552 3.6126, -0.179 -0.0551 3.6095, -0.1866 -0.0881 3.594, -0.1883 -0.0549 3.603, -0.2186 -0.0541 3.5689, -0.2163 -0.0542 3.5734, -0.204 -0.0963 3.5691, -0.2093 -0.0544 3.5828, -0.1983 -0.0547 3.5935, -0.2292 -0.0535 3.5481, -0.2151 -0.1015 3.54, -0.2317 -0.0533 3.54, -0.2327 -0.0532 3.5367, -0.0533 -0.2327 3.5367, -0.0533 -0.2316 3.54, -0.1016 -0.215 3.54, -0.0536 -0.2291 3.5481, -0.0964 -0.204 3.5691, -0.0541 -0.2185 3.5689, -0.0542 -0.2162 3.5734, -0.0545 -0.2093 3.5828, -0.0552 -0.179 3.6095, -0.0774 -0.1638 3.6132, -0.0552 -0.1722 3.6126, -0.0556 -0.1193 3.6279, -0.0556 -0.1408 3.6254, -0.065 -0.1375 3.6252, -0.0556 -0.1415 3.6252, -0.0555 -0.1512 3.6224, -0.0947 -0.0751 3.6293, -0.0751 -0.0946 3.6293, -0.0945 -0.1191 3.6252, -0.0557 -0.1072 3.6293, -0.1072 -0.0556 3.6293, -0.1192 -0.0945 3.6252, -0.142 -0.1126 3.6132, -0.1616 -0.1282 3.594, -0.1768 -0.1402 3.5691, -0.1863 -0.1478 3.54, -0.1478 -0.1863 3.54, -0.1127 -0.142 3.6132, -0.1282 -0.1616 3.594, -0.1402 -0.1767 3.5691, 0.1862 0.1478 3.54, 0.1071 0.0556 3.6293, 0.0946 0.0751 3.6293, 0.1152 0.0556 3.6291, 0.1191 0.0945 3.6252, 0.1182 0.0556 3.6286, 0.172 0.0552 3.6125, 0.1592 0.0554 3.6194, 0.1638 0.0774 3.6132, 0.1463 0.0555 3.6239, 0.1374 0.0649 3.6252, 0.1413 0.0555 3.6247, 0.1854 0.055 3.6051, 0.1865 0.0881 3.594, 0.1974 0.0547 3.5954, 0.2161 0.0542 3.5735, 0.2039 0.0963 3.5691, 0.2188 0.0541 3.569, 0.2231 0.0539 3.5617, 0.215 0.1015 3.54, 0.2312 0.0533 3.5399, 0.2353 0.0528 3.5228, 0.233 0.0532 3.5353, 0.0532 0.2313 3.5399, 0.0531 0.233 3.5353, 0.0528 0.2353 3.5228, 0.1015 0.215 3.54, 0.0538 0.2231 3.5617, 0.0963 0.204 3.5691, 0.088 0.1865 3.594, 0.0541 0.2162 3.5735, 0.054 0.2188 3.569, 0.0553 0.1593 3.6194, 0.0551 0.1721 3.6125, 0.0773 0.1638 3.6132, 0.0549 0.1855 3.6051, 0.0547 0.1975 3.5954, 0.0556 0.1153 3.6291, 0.0556 0.1182 3.6286, 0.0649 0.1375 3.6252, 0.0555 0.1413 3.6247, 0.0554 0.1463 3.6239, 0.075 0.0946 3.6293, 0.0944 0.1191 3.6252, 0.0556 0.1072 3.6293, 0.1419 0.1126 3.6132, 0.1615 0.1282 3.594, 0.1767 0.1402 3.5691, 0.1126 0.142 3.6132, 0.1281 0.1616 3.594, 0.1401 0.1767 3.5691, 0.1477 0.1863 3.54, 0.1477 -0.1863 3.54, 0.2312 -0.0533 3.5399, 0.233 -0.0532 3.5353, 0.2353 -0.0528 3.5228, 0.215 -0.1015 3.54, 0.2231 -0.0539 3.5617, 0.2039 -0.0963 3.5691, 0.1865 -0.0881 3.594, 0.2161 -0.0542 3.5735, 0.2188 -0.0541 3.569, 0.1592 -0.0554 3.6194, 0.172 -0.0552 3.6125, 0.1638 -0.0774 3.6132, 0.1854 -0.055 3.6051, 0.1974 -0.0547 3.5954, 0.1152 -0.0556 3.6291, 0.1182 -0.0556 3.6286, 0.1374 -0.0649 3.6252, 0.1413 -0.0555 3.6247, 0.1463 -0.0555 3.6239, 0.075 -0.0946 3.6293, 0.0946 -0.0751 3.6293, 0.1191 -0.0945 3.6252, 0.1071 -0.0556 3.6293, 0.0555 -0.1193 3.6279, 0.0649 -0.1375 3.6252, 0.0555 -0.1408 3.6254, 0.0555 -0.1415 3.6252, 0.0554 -0.1512 3.6224, 0.0773 -0.1638 3.6132, 0.0551 -0.1722 3.6126, 0.0551 -0.179 3.6095, 0.088 -0.1865 3.594, 0.0549 -0.1883 3.603, 0.054 -0.2185 3.5689, 0.0541 -0.2162 3.5734, 0.0963 -0.204 3.5691, 0.0544 -0.2093 3.5828, 0.0546 -0.1982 3.5935, 0.0535 -0.2291 3.5481, 0.1015 -0.215 3.54, 0.0532 -0.2316 3.54, 0.0532 -0.2327 3.5367, 0.0556 -0.1072 3.6293, 0.0944 -0.1191 3.6252, 0.1126 -0.142 3.6132, 0.1281 -0.1616 3.594, 0.1401 -0.1767 3.5691, 0.1419 -0.1126 3.6132, 0.1615 -0.1282 3.594, 0.1767 -0.1402 3.5691, 0.1862 -0.1478 3.54, 0.0556 -0.0556 3.6293, -0.0557 0.0556 3.6293, -0.0557 -0.0556 3.6293, 0.0556 0.0556 3.6293
            ]
        }
        coordIndex [
            0,1,2,-1,2,1,3,-1,2,3,4,-1,4,3,5,-1,6,7,8,-1,8,7,9,-1,8,9,10,-1,10,9,11,-1,12,13,14,-1,14,13,15,-1,14,15,16,-1,16,15,17,-1,18,19,20,-1,20,19,21,-1,20,21,22,-1,22,21,23,-1,24,16,25,-1,25,16,17,-1,25,17,26,-1,26,17,27,-1,26,27,28,-1,28,27,29,-1,29,27,30,-1,29,30,31,-1,31,30,32,-1,32,30,33,-1,32,33,34,-1,34,33,35,-1,35,33,19,-1,35,19,36,-1,36,19,18,-1,36,18,37,-1,38,22,39,-1,39,22,23,-1,39,23,40,-1,40,23,41,-1,40,41,42,-1,42,41,43,-1,43,41,44,-1,43,44,45,-1,45,44,46,-1,46,44,47,-1,46,47,48,-1,48,47,49,-1,49,47,1,-1,49,1,50,-1,50,1,0,-1,50,0,51,-1,52,4,53,-1,53,4,5,-1,53,5,54,-1,54,5,55,-1,54,55,56,-1,56,55,57,-1,57,55,58,-1,57,58,59,-1,59,58,60,-1,60,58,61,-1,60,61,62,-1,62,61,63,-1,63,61,7,-1,63,7,64,-1,64,7,6,-1,64,6,65,-1,66,10,67,-1,67,10,11,-1,67,11,68,-1,68,11,69,-1,68,69,70,-1,70,69,71,-1,71,69,72,-1,71,72,73,-1,73,72,74,-1,74,72,75,-1,74,75,76,-1,76,75,77,-1,77,75,13,-1,77,13,78,-1,78,13,12,-1,78,12,79,-1,80,81,52,-1,52,53,80,-1,80,53,54,-1,80,54,82,-1,82,54,56,-1,82,56,83,-1,83,56,57,-1,83,57,84,-1,84,57,59,-1,84,59,85,-1,85,59,86,-1,86,59,60,-1,86,60,87,-1,87,60,88,-1,88,60,62,-1,88,62,89,-1,89,62,63,-1,89,63,90,-1,90,63,64,-1,90,64,65,-1,91,92,38,-1,38,39,91,-1,91,39,40,-1,91,40,93,-1,93,40,42,-1,93,42,94,-1,94,42,43,-1,94,43,95,-1,95,43,45,-1,95,45,96,-1,96,45,97,-1,97,45,46,-1,97,46,98,-1,98,46,99,-1,99,46,48,-1,99,48,100,-1,100,48,49,-1,100,49,101,-1,101,49,50,-1,101,50,51,-1,102,103,66,-1,66,67,102,-1,102,67,68,-1,102,68,104,-1,104,68,70,-1,104,70,105,-1,105,70,71,-1,105,71,106,-1,106,71,73,-1,106,73,107,-1,107,73,108,-1,108,73,74,-1,108,74,109,-1,109,74,110,-1,110,74,76,-1,110,76,111,-1,111,76,77,-1,111,77,112,-1,112,77,78,-1,112,78,79,-1,113,114,24,-1,24,25,113,-1,113,25,26,-1,113,26,115,-1,115,26,28,-1,115,28,116,-1,116,28,29,-1,116,29,117,-1,117,29,31,-1,117,31,118,-1,118,31,119,-1,119,31,32,-1,119,32,120,-1,120,32,121,-1,121,32,34,-1,121,34,122,-1,122,34,35,-1,122,35,123,-1,123,35,36,-1,123,36,37,-1,85,86,124,-1,125,126,127,-1,81,80,128,-1,128,80,129,-1,129,130,131,-1,131,130,132,-1,131,132,133,-1,133,132,134,-1,127,126,132,-1,132,126,135,-1,132,135,134,-1,125,127,136,-1,136,127,137,-1,136,137,138,-1,139,140,141,-1,141,140,142,-1,141,142,137,-1,137,142,143,-1,137,143,138,-1,144,145,146,-1,146,145,147,-1,146,147,139,-1,148,144,149,-1,149,144,150,-1,149,150,151,-1,152,153,154,-1,154,153,155,-1,154,155,156,-1,156,155,157,-1,156,157,151,-1,152,154,158,-1,158,154,159,-1,158,159,160,-1,160,159,161,-1,161,159,162,-1,161,162,163,-1,163,162,164,-1,164,162,165,-1,164,165,166,-1,89,90,167,-1,167,168,89,-1,89,168,166,-1,89,166,88,-1,88,166,165,-1,88,165,87,-1,151,150,156,-1,156,150,169,-1,156,169,154,-1,154,169,170,-1,154,170,159,-1,159,170,171,-1,159,171,162,-1,162,171,124,-1,162,124,165,-1,165,124,86,-1,165,86,87,-1,144,146,150,-1,150,146,172,-1,150,172,169,-1,169,172,173,-1,169,173,170,-1,170,173,174,-1,170,174,171,-1,171,174,175,-1,171,175,124,-1,124,175,84,-1,124,84,85,-1,129,80,130,-1,130,80,82,-1,130,82,83,-1,139,141,146,-1,146,141,137,-1,146,137,172,-1,172,137,127,-1,172,127,173,-1,173,127,132,-1,173,132,174,-1,174,132,130,-1,174,130,175,-1,175,130,83,-1,175,83,84,-1,176,177,178,-1,179,180,181,-1,181,180,182,-1,182,180,183,-1,183,180,184,-1,183,184,185,-1,185,184,186,-1,186,184,187,-1,186,187,188,-1,189,190,191,-1,191,190,192,-1,191,192,187,-1,187,192,193,-1,187,193,188,-1,189,191,194,-1,194,191,195,-1,194,195,196,-1,101,197,100,-1,100,197,196,-1,100,196,99,-1,99,196,195,-1,99,195,98,-1,92,91,198,-1,198,91,199,-1,199,200,201,-1,201,200,202,-1,201,202,203,-1,203,202,204,-1,178,177,202,-1,202,177,205,-1,202,205,204,-1,176,178,206,-1,206,178,207,-1,206,207,208,-1,209,210,211,-1,211,210,212,-1,211,212,207,-1,207,212,213,-1,207,213,208,-1,214,215,216,-1,216,215,217,-1,216,217,209,-1,218,214,179,-1,179,214,219,-1,179,219,180,-1,180,219,220,-1,180,220,184,-1,184,220,221,-1,184,221,187,-1,187,221,222,-1,187,222,191,-1,191,222,223,-1,191,223,195,-1,195,223,97,-1,195,97,98,-1,224,95,96,-1,214,216,219,-1,219,216,225,-1,219,225,220,-1,220,225,226,-1,220,226,221,-1,221,226,227,-1,221,227,222,-1,222,227,224,-1,222,224,223,-1,223,224,96,-1,223,96,97,-1,199,91,200,-1,200,91,93,-1,200,93,94,-1,209,211,216,-1,216,211,207,-1,216,207,225,-1,225,207,178,-1,225,178,226,-1,226,178,202,-1,226,202,227,-1,227,202,200,-1,227,200,224,-1,224,200,94,-1,224,94,95,-1,107,108,228,-1,229,230,231,-1,231,230,232,-1,231,232,233,-1,234,235,236,-1,236,235,237,-1,236,237,238,-1,238,237,239,-1,238,239,233,-1,234,236,240,-1,240,236,241,-1,240,241,242,-1,242,241,243,-1,243,241,244,-1,243,244,245,-1,245,244,246,-1,246,244,247,-1,246,247,248,-1,111,112,249,-1,249,250,111,-1,111,250,248,-1,111,248,110,-1,110,248,247,-1,110,247,109,-1,251,252,102,-1,102,252,253,-1,102,253,103,-1,251,254,255,-1,255,254,256,-1,257,258,256,-1,256,258,259,-1,256,259,255,-1,260,261,262,-1,262,261,263,-1,262,263,257,-1,257,263,264,-1,257,264,258,-1,265,266,267,-1,267,266,268,-1,267,268,262,-1,262,268,269,-1,262,269,260,-1,230,270,271,-1,271,270,272,-1,271,272,265,-1,233,232,238,-1,238,232,273,-1,238,273,236,-1,236,273,274,-1,236,274,241,-1,241,274,275,-1,241,275,244,-1,244,275,228,-1,244,228,247,-1,247,228,108,-1,247,108,109,-1,230,271,232,-1,232,271,276,-1,232,276,273,-1,273,276,277,-1,273,277,274,-1,274,277,278,-1,274,278,275,-1,275,278,279,-1,275,279,228,-1,228,279,106,-1,228,106,107,-1,251,102,254,-1,254,102,104,-1,254,104,105,-1,265,267,271,-1,271,267,262,-1,271,262,276,-1,276,262,257,-1,276,257,277,-1,277,257,256,-1,277,256,278,-1,278,256,254,-1,278,254,279,-1,279,254,105,-1,279,105,106,-1,118,119,280,-1,281,282,113,-1,113,282,283,-1,113,283,114,-1,281,284,285,-1,285,284,286,-1,287,288,286,-1,286,288,289,-1,286,289,285,-1,290,291,292,-1,292,291,293,-1,292,293,287,-1,287,293,294,-1,287,294,288,-1,295,296,297,-1,297,296,298,-1,297,298,292,-1,292,298,299,-1,292,299,290,-1,300,301,302,-1,302,301,303,-1,302,303,295,-1,304,305,306,-1,306,305,307,-1,307,305,308,-1,308,305,309,-1,308,309,310,-1,310,309,311,-1,311,309,312,-1,311,312,313,-1,314,315,316,-1,316,315,317,-1,316,317,312,-1,312,317,318,-1,312,318,313,-1,314,316,319,-1,319,316,320,-1,319,320,321,-1,123,322,122,-1,122,322,321,-1,122,321,121,-1,121,321,320,-1,121,320,120,-1,323,300,304,-1,304,300,324,-1,304,324,305,-1,305,324,325,-1,305,325,309,-1,309,325,326,-1,309,326,312,-1,312,326,327,-1,312,327,316,-1,316,327,280,-1,316,280,320,-1,320,280,119,-1,320,119,120,-1,300,302,324,-1,324,302,328,-1,324,328,325,-1,325,328,329,-1,325,329,326,-1,326,329,330,-1,326,330,327,-1,327,330,331,-1,327,331,280,-1,280,331,117,-1,280,117,118,-1,281,113,284,-1,284,113,115,-1,284,115,116,-1,295,297,302,-1,302,297,292,-1,302,292,328,-1,328,292,287,-1,328,287,329,-1,329,287,286,-1,329,286,330,-1,330,286,284,-1,330,284,331,-1,331,284,116,-1,331,116,117,-1,303,301,332,-1,332,301,300,-1,332,300,323,-1,147,145,333,-1,333,145,144,-1,333,144,148,-1,217,215,334,-1,334,215,214,-1,334,214,218,-1,272,270,335,-1,335,270,230,-1,335,230,229,-1,
        ]
    }
}
Shape{
    appearance Appearance {
        material  Material 	{
            diffuseColor 1.0 0.7529411764705882 0.12156862745098039
            specularColor 0.5019607843137255 0.3764705882352941 0.058823529411764705
            ambientIntensity 0.7548
            transparency 0.0
            shininess 0.5
        }
    }
    geometry IndexedFaceSet {
        ccw TRUE
        solid FALSE
        coord DEF co Coordinate {
            point [
                0.0738 -0.0426 1.5354, 0.0823 -0.0221 1.5354, -0.0001 -0.0 1.5354, 0.0852 -0.0 1.5354, 0.0823 0.0221 1.5354, 0.022 -0.0824 1.5354, 0.0426 -0.0738 1.5354, 0.0602 -0.0603 1.5354, -0.0427 -0.0738 1.5354, -0.0221 -0.0824 1.5354, -0.0001 -0.0853 1.5354, -0.0824 -0.0221 1.5354, -0.0739 -0.0426 1.5354, -0.0603 -0.0603 1.5354, -0.0739 0.0426 1.5354, -0.0824 0.0221 1.5354, -0.0853 -0.0 1.5354, -0.0221 0.0824 1.5354, -0.0427 0.0738 1.5354, -0.0603 0.0603 1.5354, 0.0426 0.0738 1.5354, 0.022 0.0824 1.5354, -0.0001 0.0853 1.5354, 0.0738 0.0426 1.5354, 0.0602 0.0603 1.5354
            ]
        }
        coordIndex [
            0,1,2,-1,2,1,3,-1,2,3,4,-1,5,6,2,-1,2,6,7,-1,2,7,0,-1,8,9,2,-1,2,9,10,-1,2,10,5,-1,11,12,2,-1,2,12,13,-1,2,13,8,-1,14,15,2,-1,2,15,16,-1,2,16,11,-1,17,18,2,-1,2,18,19,-1,2,19,14,-1,20,21,2,-1,2,21,22,-1,2,22,17,-1,4,23,2,-1,2,23,24,-1,2,24,20,-1,
        ]
    }
}
Shape{
    appearance Appearance {
        material  Material 	{
            diffuseColor 0.0 0.0 0.0
            specularColor 0.0 0.0 0.0
            ambientIntensity 0.0
            transparency 0.0
            shininess 0.5
        }
    }
    geometry IndexedFaceSet {
        ccw TRUE
        solid FALSE
        coord DEF co Coordinate {
            point [
                -0.0303 0.9646 2.2527, -0.0302 0.9646 2.239, -0.0303 0.9646 2.2527, -0.0302 0.9646 2.239, 0.0175 0.9646 2.2531, 0.0175 0.9646 2.2531, 0.0168 0.9646 2.3595, 0.0168 0.9646 2.3595, 0.0168 0.9646 2.359, 0.0323 0.9646 2.3596, 0.0323 0.9646 2.3596, 0.0331 0.9646 2.2395, 0.0331 0.9646 2.2395, 0.0323 0.9646 2.359, -0.0918 0.9646 2.2366, -0.0918 0.9646 2.2366, -0.0956 0.9646 2.2369, -0.1101 0.9646 2.2382, -0.1101 0.9646 2.2382, -0.123 0.9646 2.2423, -0.123 0.9646 2.2423, -0.1251 0.9646 2.2433, -0.1251 0.9646 2.2433, -0.1252 0.9646 2.2582, -0.1252 0.9646 2.2582, -0.1133 0.9646 2.253, -0.1133 0.9646 2.253, -0.0997 0.9646 2.2506, -0.0997 0.9646 2.2506, -0.0941 0.9646 2.2504, -0.0941 0.9646 2.2504, -0.0836 0.9646 2.2515, -0.0836 0.9646 2.2515, -0.0748 0.9646 2.2546, -0.0748 0.9646 2.2546, -0.0667 0.9646 2.26, -0.0667 0.9646 2.26, -0.0633 0.9646 2.2633, -0.0633 0.9646 2.2633, -0.0579 0.9646 2.2708, -0.0579 0.9646 2.2708, -0.0539 0.9646 2.2804, -0.0539 0.9646 2.2804, -0.052 0.9646 2.2922, -0.052 0.9646 2.2922, -0.0518 0.9646 2.2976, -0.0518 0.9646 2.2976, -0.0539 0.9646 2.3141, -0.0539 0.9646 2.3141, -0.058 0.9646 2.3244, -0.058 0.9646 2.3244, -0.0638 0.9646 2.3327, -0.0638 0.9646 2.3327, -0.0647 0.9646 2.3336, -0.0647 0.9646 2.3336, -0.0722 0.9646 2.3398, -0.0722 0.9646 2.3398, -0.0815 0.9646 2.3443, -0.0815 0.9646 2.3443, -0.0919 0.9646 2.3465, -0.0919 0.9646 2.3465, -0.0975 0.9646 2.3467, -0.0975 0.9646 2.3467, -0.1123 0.9646 2.3448, -0.1123 0.9646 2.3448, -0.1244 0.9646 2.3401, -0.1244 0.9646 2.3401, -0.1258 0.9646 2.3394, -0.1258 0.9646 2.3394, -0.1259 0.9646 2.3556, -0.1259 0.9646 2.3556, -0.0974 0.9646 2.3607, -0.0974 0.9646 2.3607, -0.1132 0.9646 2.3594, -0.1145 0.9646 2.359, -0.1132 0.9646 2.3594, -0.0801 0.9646 2.3587, -0.0821 0.9646 2.359, -0.0801 0.9646 2.3587, -0.0675 0.9646 2.3539, -0.0675 0.9646 2.3539, -0.0562 0.9646 2.3462, -0.0562 0.9646 2.3462, -0.0532 0.9646 2.3433, -0.0532 0.9646 2.3433, -0.0444 0.9646 2.332, -0.0444 0.9646 2.332, -0.0401 0.9646 2.322, -0.0386 0.9646 2.3187, -0.0386 0.9646 2.3187, -0.0358 0.9646 2.3031, -0.0358 0.9646 2.3031, -0.0355 0.9646 2.2968, -0.0355 0.9646 2.2968, -0.0377 0.9646 2.2773, -0.0377 0.9646 2.2773, -0.0401 0.9646 2.2712, -0.0425 0.9646 2.2647, -0.0425 0.9646 2.2647, -0.0496 0.9646 2.2544, -0.0496 0.9646 2.2544, -0.0506 0.9646 2.2533, -0.0506 0.9646 2.2533, -0.087 0.9646 2.2369, -0.0823 0.9646 2.2373, -0.0823 0.9646 2.2373, -0.0696 0.9646 2.2404, -0.0696 0.9646 2.2404, -0.0586 0.9646 2.2463, -0.0586 0.9646 2.2463, -0.2138 0.9646 2.2514, -0.2137 0.9646 2.2377, -0.2138 0.9646 2.2514, -0.2137 0.9646 2.2377, -0.1647 0.9646 2.2518, -0.1647 0.9646 2.2518, -0.1961 0.9646 2.2516, -0.165 0.9646 2.2922, -0.165 0.9646 2.2922, -0.2079 0.9646 2.2919, -0.2079 0.9646 2.2919, -0.1961 0.9646 2.292, -0.208 0.9646 2.3056, -0.208 0.9646 2.3056, -0.1651 0.9646 2.3059, -0.1651 0.9646 2.3059, -0.1961 0.9646 2.3057, -0.1653 0.9646 2.3444, -0.1653 0.9646 2.3444, -0.2117 0.9646 2.3441, -0.2117 0.9646 2.3441, -0.1961 0.9646 2.3442, -0.2118 0.9646 2.3579, -0.2118 0.9646 2.3579, -0.1499 0.9646 2.3583, -0.1499 0.9646 2.3583, -0.1961 0.9646 2.358, -0.1491 0.9646 2.2382, -0.1491 0.9646 2.2382, -0.1961 0.9646 2.2379, -0.3161 0.9646 2.2538, -0.3038 0.9646 2.262, -0.3035 0.9646 2.2449, -0.296 0.9646 2.2567, -0.2898 0.9646 2.2397, -0.286 0.9646 2.2529, -0.2694 0.9646 2.2373, -0.2694 0.9646 2.251, -0.2364 0.9646 2.2376, -0.252 0.9646 2.2512, -0.2372 0.9646 2.3577, -0.2526 0.9646 2.3438, -0.2715 0.9646 2.3574, -0.2708 0.9646 2.3436, -0.2719 0.9646 2.3436, -0.2898 0.9646 2.3553, -0.2873 0.9646 2.3415, -0.3043 0.9646 2.3499, -0.2975 0.9646 2.3375, -0.3168 0.9646 2.3412, -0.3053 0.9646 2.3321, -0.321 0.9646 2.337, -0.3087 0.9646 2.3287, -0.3283 0.9646 2.3265, -0.3133 0.9646 2.322, -0.3327 0.9646 2.315, -0.3166 0.9646 2.3132, -0.3346 0.9646 2.2985, -0.3183 0.9646 2.2982, -0.3342 0.9646 2.2908, -0.3177 0.9646 2.29, -0.3311 0.9646 2.2768, -0.3153 0.9646 2.2791, -0.3251 0.9646 2.2644, -0.311 0.9646 2.2703, -0.3052 0.9646 2.2633, -0.2694 0.9646 2.2373, -0.2364 0.9646 2.2376, -0.3161 0.9646 2.2538, -0.2898 0.9646 2.2397, -0.2903 0.9646 2.2399, -0.3035 0.9646 2.2449, -0.3251 0.9646 2.2644, -0.3311 0.9646 2.2768, -0.3342 0.9646 2.2908, -0.3346 0.9646 2.2985, -0.3327 0.9646 2.315, -0.3283 0.9646 2.3265, -0.321 0.9646 2.337, -0.3168 0.9646 2.3412, -0.2715 0.9646 2.3574, -0.3043 0.9646 2.3499, -0.2903 0.9646 2.3551, -0.2898 0.9646 2.3553, -0.2372 0.9646 2.3577, -0.2708 0.9646 2.3436, -0.2526 0.9646 2.3438, -0.252 0.9646 2.2512, -0.2694 0.9646 2.251, -0.3052 0.9646 2.2633, -0.3038 0.9646 2.262, -0.296 0.9646 2.2567, -0.286 0.9646 2.2529, -0.3183 0.9646 2.2982, -0.3177 0.9646 2.29, -0.3153 0.9646 2.2791, -0.311 0.9646 2.2703, -0.3053 0.9646 2.3321, -0.3087 0.9646 2.3287, -0.3133 0.9646 2.322, -0.3166 0.9646 2.3132, -0.2719 0.9646 2.3436, -0.2873 0.9646 2.3415, -0.2975 0.9646 2.3375
            ]
        }
        coordIndex [
            0,1,2,-1,2,1,3,-1,4,0,5,-1,5,0,2,-1,6,7,8,-1,8,7,4,-1,8,4,5,-1,9,7,10,-1,10,7,6,-1,11,12,13,-1,13,12,9,-1,13,9,10,-1,1,12,3,-1,3,12,11,-1,7,9,4,-1,4,9,12,-1,4,12,0,-1,0,12,1,-1,14,15,16,-1,14,16,17,-1,16,18,17,-1,17,18,19,-1,17,19,20,-1,20,19,21,-1,20,21,22,-1,23,22,24,-1,24,22,21,-1,23,24,25,-1,23,25,26,-1,26,25,27,-1,26,27,28,-1,28,27,29,-1,28,29,30,-1,30,29,31,-1,30,31,32,-1,32,31,33,-1,32,33,34,-1,34,33,35,-1,34,35,36,-1,36,35,37,-1,36,37,38,-1,38,37,39,-1,38,39,40,-1,40,39,41,-1,40,41,42,-1,42,41,43,-1,42,43,44,-1,44,43,45,-1,44,45,46,-1,46,45,47,-1,46,47,48,-1,48,47,49,-1,48,49,50,-1,50,49,51,-1,50,51,52,-1,52,51,53,-1,52,53,54,-1,54,53,55,-1,54,55,56,-1,56,55,57,-1,56,57,58,-1,58,57,59,-1,58,59,60,-1,60,59,61,-1,60,61,62,-1,62,61,63,-1,62,63,64,-1,64,63,65,-1,64,65,66,-1,66,65,67,-1,66,67,68,-1,69,68,70,-1,70,68,67,-1,71,72,73,-1,69,70,74,-1,69,74,73,-1,73,74,75,-1,73,75,71,-1,76,72,77,-1,77,72,71,-1,77,78,76,-1,76,78,79,-1,76,79,80,-1,80,79,81,-1,80,81,82,-1,82,81,83,-1,82,83,84,-1,84,83,85,-1,84,85,86,-1,86,85,87,-1,86,87,88,-1,87,89,88,-1,88,89,90,-1,88,90,91,-1,91,90,92,-1,91,92,93,-1,93,92,94,-1,93,94,95,-1,95,94,96,-1,95,96,97,-1,96,98,97,-1,97,98,99,-1,97,99,100,-1,100,99,101,-1,100,101,102,-1,15,14,103,-1,103,14,104,-1,103,104,105,-1,105,104,106,-1,105,106,107,-1,107,106,108,-1,107,108,109,-1,109,108,102,-1,109,102,101,-1,48,50,86,-1,86,50,84,-1,93,46,91,-1,91,46,48,-1,91,48,88,-1,88,48,86,-1,50,52,84,-1,84,52,54,-1,84,54,82,-1,82,54,56,-1,82,56,80,-1,80,56,76,-1,76,56,58,-1,76,58,72,-1,22,23,20,-1,20,23,26,-1,20,26,17,-1,17,26,28,-1,17,28,14,-1,14,28,30,-1,14,30,104,-1,104,30,32,-1,104,32,106,-1,106,32,34,-1,106,34,108,-1,108,34,36,-1,108,36,102,-1,102,36,38,-1,102,38,100,-1,100,38,40,-1,100,40,97,-1,97,40,95,-1,95,40,42,-1,95,42,93,-1,93,42,44,-1,93,44,46,-1,58,60,72,-1,72,60,62,-1,72,62,73,-1,73,62,64,-1,73,64,69,-1,69,64,66,-1,69,66,68,-1,110,111,112,-1,112,111,113,-1,114,115,116,-1,116,115,110,-1,116,110,112,-1,117,115,118,-1,118,115,114,-1,119,120,121,-1,121,120,117,-1,121,117,118,-1,122,120,123,-1,123,120,119,-1,124,125,126,-1,126,125,122,-1,126,122,123,-1,127,125,128,-1,128,125,124,-1,129,130,131,-1,131,130,127,-1,131,127,128,-1,132,130,133,-1,133,130,129,-1,134,135,136,-1,136,135,132,-1,136,132,133,-1,137,135,138,-1,138,135,134,-1,113,111,139,-1,139,111,137,-1,139,137,138,-1,120,122,117,-1,117,122,125,-1,111,110,137,-1,137,110,115,-1,130,132,127,-1,127,132,135,-1,127,135,125,-1,125,135,137,-1,125,137,117,-1,117,137,115,-1,140,141,142,-1,142,141,143,-1,142,143,144,-1,144,143,145,-1,144,145,146,-1,146,145,147,-1,146,147,148,-1,148,147,149,-1,148,149,150,-1,150,149,151,-1,150,151,152,-1,151,153,152,-1,152,153,154,-1,152,154,155,-1,155,154,156,-1,155,156,157,-1,157,156,158,-1,157,158,159,-1,159,158,160,-1,159,160,161,-1,161,160,162,-1,161,162,163,-1,163,162,164,-1,163,164,165,-1,165,164,166,-1,165,166,167,-1,167,166,168,-1,167,168,169,-1,169,168,170,-1,169,170,171,-1,171,170,172,-1,171,172,173,-1,173,172,174,-1,173,174,140,-1,140,174,175,-1,140,175,141,-1,146,148,176,-1,176,148,177,-1,178,140,142,-1,146,176,179,-1,146,179,144,-1,144,179,180,-1,144,180,142,-1,142,180,181,-1,142,181,178,-1,140,178,182,-1,140,182,173,-1,173,182,183,-1,173,183,171,-1,171,183,184,-1,171,184,169,-1,169,184,185,-1,169,185,167,-1,167,185,186,-1,167,186,165,-1,165,186,187,-1,165,187,163,-1,163,187,188,-1,163,188,161,-1,161,188,189,-1,161,189,159,-1,190,152,155,-1,159,189,191,-1,159,191,157,-1,157,191,192,-1,157,192,155,-1,155,192,193,-1,155,193,190,-1,150,152,194,-1,194,152,190,-1,148,150,177,-1,177,150,194,-1,153,151,195,-1,195,151,196,-1,151,149,196,-1,196,149,197,-1,149,147,197,-1,197,147,198,-1,175,199,200,-1,175,200,141,-1,141,200,201,-1,141,201,143,-1,143,201,202,-1,143,202,145,-1,145,202,198,-1,145,198,147,-1,168,203,204,-1,168,204,170,-1,170,204,205,-1,170,205,172,-1,172,205,206,-1,172,206,174,-1,174,206,199,-1,174,199,175,-1,160,207,208,-1,160,208,162,-1,162,208,209,-1,162,209,164,-1,164,209,210,-1,164,210,166,-1,166,210,203,-1,166,203,168,-1,153,195,211,-1,153,211,154,-1,154,211,212,-1,154,212,156,-1,156,212,213,-1,156,213,158,-1,158,213,207,-1,158,207,160,-1,
        ]
    }
}
Shape{
    appearance Appearance {
        material  Material 	{
            diffuseColor 1.0 0.7529411764705882 0.12156862745098039
            specularColor 0.5019607843137255 0.3764705882352941 0.058823529411764705
            ambientIntensity 0.7548
            transparency 0.0
            shininess 0.5
        }
    }
    geometry IndexedFaceSet {
        ccw TRUE
        solid FALSE
        coord DEF co Coordinate {
            point [
                -0.296 0.9646 2.2567, -0.3038 0.9646 2.262, -0.2719 0.9646 2.3436, -0.2526 0.9646 2.3438, -0.252 0.9646 2.2512, -0.2708 0.9646 2.3436, -0.2694 0.9646 2.251, -0.286 0.9646 2.2529, -0.3052 0.9646 2.2633, -0.311 0.9646 2.2703, -0.3153 0.9646 2.2791, -0.3183 0.9646 2.2982, -0.3053 0.9646 2.3321, -0.2975 0.9646 2.3375, -0.3166 0.9646 2.3132, -0.3133 0.9646 2.322, -0.3087 0.9646 2.3287, -0.3177 0.9646 2.29, -0.2873 0.9646 2.3415
            ]
        }
        coordIndex [
            0,1,2,-1,3,4,5,-1,5,4,6,-1,5,6,2,-1,2,6,7,-1,2,7,0,-1,1,8,2,-1,2,8,9,-1,2,9,10,-1,11,12,13,-1,14,15,11,-1,11,15,16,-1,11,16,12,-1,10,17,2,-1,2,17,11,-1,2,11,18,-1,18,11,13,-1,
        ]
    }
}
Shape{
    appearance Appearance {
        material  Material 	{
            diffuseColor 0.0 0.0 0.0
            specularColor 0.0 0.0 0.0
            ambientIntensity 0.0
            transparency 0.0
            shininess 0.5
        }
    }
    geometry IndexedFaceSet {
        ccw TRUE
        solid FALSE
        coord DEF co Coordinate {
            point [
                -0.3747 0.9646 2.283, -0.393 0.9646 2.3328, -0.3874 0.9646 2.3566, -0.3408 0.9646 2.2368, -0.3579 0.9646 2.2367, -0.3697 0.9646 2.2695, -0.3941 0.9646 2.3364, -0.3951 0.9646 2.3412, -0.404 0.9646 2.3565, -0.3954 0.9646 2.3412, -0.3964 0.9646 2.3361, -0.3972 0.9646 2.3328, -0.415 0.9646 2.2827, -0.4489 0.9646 2.2361, -0.4317 0.9646 2.2362, -0.4197 0.9646 2.2691, -0.404 0.9646 2.3565, -0.4486 0.9646 2.2369, -0.4489 0.9646 2.2361, -0.3874 0.9646 2.3566, -0.3408 0.9646 2.2369, -0.3408 0.9646 2.2368, -0.3741 0.9646 2.3225, -0.3579 0.9646 2.2367, -0.3697 0.9646 2.2695, -0.358 0.9646 2.2369, -0.4197 0.9646 2.2691, -0.3741 0.9646 2.2695, -0.4317 0.9646 2.2362, -0.4315 0.9646 2.2369, -0.3747 0.9646 2.283, -0.415 0.9646 2.2827, -0.3972 0.9646 2.3328, -0.3954 0.9646 2.3412, -0.3964 0.9646 2.3361, -0.3951 0.9646 2.3412, -0.393 0.9646 2.3328, -0.3941 0.9646 2.3364
            ]
        }
        coordIndex [
            0,1,2,-1,3,4,5,-1,1,6,2,-1,2,6,7,-1,2,7,8,-1,8,7,9,-1,8,9,10,-1,10,11,8,-1,8,11,12,-1,8,12,13,-1,14,13,15,-1,15,13,12,-1,15,12,5,-1,5,12,0,-1,5,0,3,-1,3,0,2,-1,16,8,17,-1,17,8,13,-1,17,13,18,-1,2,8,19,-1,19,8,16,-1,20,21,3,-1,20,3,22,-1,22,3,2,-1,22,2,19,-1,4,3,23,-1,23,3,21,-1,24,5,25,-1,25,5,4,-1,25,4,23,-1,26,15,27,-1,27,15,5,-1,27,5,24,-1,28,14,29,-1,29,14,15,-1,29,15,26,-1,13,14,18,-1,18,14,28,-1,0,12,30,-1,30,12,31,-1,12,11,31,-1,31,11,32,-1,9,33,34,-1,9,34,10,-1,10,34,32,-1,10,32,11,-1,9,7,33,-1,33,7,35,-1,1,36,37,-1,1,37,6,-1,6,37,35,-1,6,35,7,-1,1,0,36,-1,36,0,30,-1,
        ]
    }
}
Shape{
    appearance Appearance {
        material  Material 	{
            diffuseColor 1.0 0.7529411764705882 0.12156862745098039
            specularColor 0.5019607843137255 0.3764705882352941 0.058823529411764705
            ambientIntensity 0.7548
            transparency 0.0
            shininess 0.5
        }
    }
    geometry IndexedFaceSet {
        ccw TRUE
        solid FALSE
        coord DEF co Coordinate {
            point [
                -0.3954 0.9646 2.3412, -0.3951 0.9646 2.3412, -0.3964 0.9646 2.3361, -0.3941 0.9646 2.3364, -0.3972 0.9646 2.3328, -0.393 0.9646 2.3328, -0.415 0.9646 2.2827, -0.3747 0.9646 2.283
            ]
        }
        coordIndex [
            0,1,2,-1,2,1,3,-1,2,3,4,-1,4,3,5,-1,4,5,6,-1,6,5,7,-1,
        ]
    }
}
Shape{
    appearance Appearance {
        material  Material 	{
            diffuseColor 0.0 0.0 0.0
            specularColor 0.0 0.0 0.0
            ambientIntensity 0.0
            transparency 0.0
            shininess 0.5
        }
    }
    geometry IndexedFaceSet {
        ccw TRUE
        solid FALSE
        coord DEF co Coordinate {
            point [
                -0.0302 0.9646 2.0622, -0.0301 0.9646 2.0485, -0.0302 0.9646 2.0622, -0.0301 0.9646 2.0485, 0.0189 0.9646 2.0625, 0.0189 0.9646 2.0625, 0.0186 0.9646 2.103, 0.0186 0.9646 2.103, -0.0244 0.9646 2.1026, -0.0244 0.9646 2.1026, -0.0244 0.9646 2.1164, -0.0244 0.9646 2.1164, 0.0185 0.9646 2.1167, 0.0185 0.9646 2.1167, 0.0182 0.9646 2.1551, 0.0182 0.9646 2.1551, -0.0281 0.9646 2.1548, -0.0281 0.9646 2.1548, -0.0282 0.9646 2.1686, -0.0282 0.9646 2.1686, 0.0336 0.9646 2.1691, 0.0336 0.9646 2.1691, 0.0345 0.9646 2.049, 0.0345 0.9646 2.049, 0.0338 0.9646 2.1442, 0.0338 0.9646 2.049, -0.0984 0.9646 2.048, -0.1134 0.9646 2.0479, -0.0985 0.9646 2.0613, -0.1138 0.9646 2.1031, -0.0786 0.9646 2.0885, -0.0987 0.9646 2.0911, -0.0986 0.9646 2.0828, -0.0981 0.9646 2.0613, -0.0902 0.9646 2.0636, -0.094 0.9646 2.0557, -0.0859 0.9646 2.0607, -0.0558 0.9646 2.0934, -0.0511 0.9646 2.0895, -0.0622 0.9646 2.0811, -0.0986 0.9646 2.0818, -0.0976 0.9646 2.0751, -0.0954 0.9646 2.0698, -0.0921 0.9646 2.0654, -0.0535 0.9646 2.1281, -0.0533 0.9646 2.1135, -0.0566 0.9646 2.1299, -0.0623 0.9646 2.1192, -0.0678 0.9646 2.1341, -0.0717 0.9646 2.1226, -0.083 0.9646 2.1359, -0.0815 0.9646 2.1237, -0.0923 0.9646 2.135, -0.0866 0.9646 2.1231, -0.0986 0.9646 2.133, -0.0901 0.9646 2.1219, -0.1035 0.9646 2.13, -0.0928 0.9646 2.1201, -0.1075 0.9646 2.1261, -0.095 0.9646 2.1177, -0.1105 0.9646 2.1212, -0.0968 0.9646 2.1146, -0.1128 0.9646 2.1142, -0.0983 0.9646 2.1092, -0.0988 0.9646 2.1025, -0.0608 0.9646 2.0783, -0.048 0.9646 2.0852, -0.0601 0.9646 2.0749, -0.0733 0.9646 2.0992, -0.0658 0.9646 2.0847, -0.0693 0.9646 2.0864, -0.063 0.9646 2.0637, -0.0519 0.9646 2.0531, -0.0642 0.9646 2.0625, -0.0569 0.9646 2.0495, -0.0672 0.9646 2.0604, -0.0627 0.9646 2.0473, -0.0706 0.9646 2.0591, -0.0717 0.9646 2.0462, -0.0757 0.9646 2.0585, -0.0803 0.9646 2.0472, -0.0813 0.9646 2.0591, -0.0863 0.9646 2.0495, -0.089 0.9646 2.0512, -0.064 0.9646 2.0833, -0.0624 0.9646 2.0966, -0.0458 0.9646 2.08, -0.0447 0.9646 2.0736, -0.0599 0.9646 2.0725, -0.0447 0.9646 2.0714, -0.0603 0.9646 2.069, -0.0454 0.9646 2.0645, -0.0613 0.9646 2.0663, -0.0472 0.9646 2.0594, -0.0503 0.9646 2.0548, -0.083 0.9646 2.1359, -0.0678 0.9646 2.1341, -0.0566 0.9646 2.1299, -0.0535 0.9646 2.1281, -0.0533 0.9646 2.1135, -0.0623 0.9646 2.1192, -0.0717 0.9646 2.1226, -0.0815 0.9646 2.1237, -0.0866 0.9646 2.1231, -0.0901 0.9646 2.1219, -0.0928 0.9646 2.1201, -0.095 0.9646 2.1177, -0.0968 0.9646 2.1146, -0.0983 0.9646 2.1092, -0.0988 0.9646 2.1025, -0.0733 0.9646 2.0992, -0.0624 0.9646 2.0966, -0.0558 0.9646 2.0934, -0.0511 0.9646 2.0895, -0.048 0.9646 2.0852, -0.0458 0.9646 2.08, -0.0447 0.9646 2.0736, -0.0447 0.9646 2.0714, -0.0454 0.9646 2.0645, -0.0472 0.9646 2.0594, -0.0503 0.9646 2.0548, -0.0519 0.9646 2.0531, -0.0569 0.9646 2.0495, -0.0627 0.9646 2.0473, -0.0717 0.9646 2.0462, -0.0803 0.9646 2.0472, -0.0863 0.9646 2.0495, -0.089 0.9646 2.0512, -0.094 0.9646 2.0557, -0.0981 0.9646 2.0613, -0.0985 0.9646 2.0613, -0.0984 0.9646 2.048, -0.1134 0.9646 2.0479, -0.1138 0.9646 2.1031, -0.1128 0.9646 2.1142, -0.1105 0.9646 2.1212, -0.1075 0.9646 2.1261, -0.1035 0.9646 2.13, -0.0986 0.9646 2.133, -0.0923 0.9646 2.135, -0.064 0.9646 2.0833, -0.0658 0.9646 2.0847, -0.0693 0.9646 2.0864, -0.0786 0.9646 2.0885, -0.0599 0.9646 2.0725, -0.0601 0.9646 2.0749, -0.0608 0.9646 2.0783, -0.0622 0.9646 2.0811, -0.0642 0.9646 2.0625, -0.063 0.9646 2.0637, -0.0613 0.9646 2.0663, -0.0603 0.9646 2.069, -0.0757 0.9646 2.0585, -0.0706 0.9646 2.0591, -0.0672 0.9646 2.0604, -0.0921 0.9646 2.0654, -0.0902 0.9646 2.0636, -0.0859 0.9646 2.0607, -0.0813 0.9646 2.0591, -0.0986 0.9646 2.0828, -0.0986 0.9646 2.0818, -0.0976 0.9646 2.0751, -0.0954 0.9646 2.0698, -0.0987 0.9646 2.0911
            ]
        }
        coordIndex [
            0,1,2,-1,2,1,3,-1,4,0,5,-1,5,0,2,-1,6,4,7,-1,7,4,5,-1,8,6,9,-1,9,6,7,-1,10,8,11,-1,11,8,9,-1,12,10,13,-1,13,10,11,-1,14,12,15,-1,15,12,13,-1,16,14,17,-1,17,14,15,-1,18,16,19,-1,19,16,17,-1,20,18,21,-1,21,18,19,-1,22,23,24,-1,24,23,20,-1,24,20,21,-1,3,1,25,-1,25,1,23,-1,25,23,22,-1,23,1,0,-1,0,4,23,-1,23,4,6,-1,23,6,20,-1,16,18,14,-1,14,18,20,-1,14,20,12,-1,12,20,6,-1,12,6,10,-1,10,6,8,-1,26,27,28,-1,28,27,29,-1,30,31,29,-1,29,31,32,-1,33,34,35,-1,35,34,36,-1,37,38,39,-1,32,40,29,-1,29,40,41,-1,29,41,28,-1,28,41,42,-1,28,42,33,-1,33,42,43,-1,33,43,34,-1,44,45,46,-1,46,45,47,-1,46,47,48,-1,48,47,49,-1,48,49,50,-1,50,49,51,-1,50,51,52,-1,52,51,53,-1,52,53,54,-1,54,53,55,-1,54,55,56,-1,56,55,57,-1,56,57,58,-1,58,57,59,-1,58,59,60,-1,60,59,61,-1,60,61,62,-1,62,61,63,-1,62,63,29,-1,29,63,64,-1,29,64,30,-1,39,38,65,-1,65,38,66,-1,65,66,67,-1,68,69,64,-1,64,69,70,-1,64,70,30,-1,71,72,73,-1,73,72,74,-1,73,74,75,-1,75,74,76,-1,75,76,77,-1,77,76,78,-1,77,78,79,-1,79,78,80,-1,79,80,81,-1,81,80,82,-1,81,82,36,-1,36,82,83,-1,36,83,35,-1,39,84,37,-1,37,84,69,-1,37,69,85,-1,85,69,68,-1,66,86,67,-1,67,86,87,-1,67,87,88,-1,88,87,89,-1,88,89,90,-1,90,89,91,-1,90,91,92,-1,92,91,93,-1,92,93,71,-1,71,93,94,-1,71,94,72,-1,50,95,96,-1,50,96,48,-1,48,96,97,-1,48,97,46,-1,46,97,98,-1,46,98,44,-1,45,44,99,-1,99,44,98,-1,45,99,100,-1,45,100,47,-1,47,100,101,-1,47,101,49,-1,49,101,102,-1,49,102,51,-1,51,102,103,-1,51,103,53,-1,53,103,104,-1,53,104,55,-1,55,104,105,-1,55,105,57,-1,57,105,106,-1,57,106,59,-1,59,106,107,-1,59,107,61,-1,61,107,108,-1,61,108,63,-1,63,108,109,-1,63,109,64,-1,68,64,110,-1,110,64,109,-1,68,110,111,-1,68,111,85,-1,85,111,112,-1,85,112,37,-1,37,112,113,-1,37,113,38,-1,38,113,114,-1,38,114,66,-1,66,114,115,-1,66,115,86,-1,86,115,116,-1,86,116,87,-1,87,116,117,-1,87,117,89,-1,89,117,118,-1,89,118,91,-1,91,118,119,-1,91,119,93,-1,93,119,120,-1,93,120,94,-1,94,120,121,-1,94,121,72,-1,72,121,122,-1,72,122,74,-1,74,122,123,-1,74,123,76,-1,76,123,124,-1,76,124,78,-1,78,124,125,-1,78,125,80,-1,80,125,126,-1,80,126,82,-1,82,126,127,-1,82,127,83,-1,83,127,128,-1,83,128,35,-1,35,128,129,-1,35,129,33,-1,28,33,130,-1,130,33,129,-1,26,28,131,-1,131,28,130,-1,27,26,132,-1,132,26,131,-1,29,27,133,-1,133,27,132,-1,29,133,134,-1,29,134,62,-1,62,134,135,-1,62,135,60,-1,60,135,136,-1,60,136,58,-1,58,136,137,-1,58,137,56,-1,56,137,138,-1,56,138,54,-1,54,138,139,-1,54,139,52,-1,52,139,95,-1,52,95,50,-1,84,140,141,-1,84,141,69,-1,69,141,142,-1,69,142,70,-1,70,142,143,-1,70,143,30,-1,88,144,145,-1,88,145,67,-1,67,145,146,-1,67,146,65,-1,65,146,147,-1,65,147,39,-1,39,147,140,-1,39,140,84,-1,73,148,149,-1,73,149,71,-1,71,149,150,-1,71,150,92,-1,92,150,151,-1,92,151,90,-1,90,151,144,-1,90,144,88,-1,79,152,153,-1,79,153,77,-1,77,153,154,-1,77,154,75,-1,75,154,148,-1,75,148,73,-1,43,155,156,-1,43,156,34,-1,34,156,157,-1,34,157,36,-1,36,157,158,-1,36,158,81,-1,81,158,152,-1,81,152,79,-1,32,159,160,-1,32,160,40,-1,40,160,161,-1,40,161,41,-1,41,161,162,-1,41,162,42,-1,42,162,155,-1,42,155,43,-1,32,31,159,-1,159,31,163,-1,31,30,163,-1,163,30,143,-1,
        ]
    }
}
Shape{
    appearance Appearance {
        material  Material 	{
            diffuseColor 1.0 0.7529411764705882 0.12156862745098039
            specularColor 0.5019607843137255 0.3764705882352941 0.058823529411764705
            ambientIntensity 0.7548
            transparency 0.0
            shininess 0.5
        }
    }
    geometry IndexedFaceSet {
        ccw TRUE
        solid FALSE
        coord DEF co Coordinate {
            point [
                -0.0986 0.9646 2.0818, -0.0986 0.9646 2.0828, -0.064 0.9646 2.0833, -0.0987 0.9646 2.0911, -0.0786 0.9646 2.0885, -0.0693 0.9646 2.0864, -0.0658 0.9646 2.0847, -0.0976 0.9646 2.0751, -0.0622 0.9646 2.0811, -0.0954 0.9646 2.0698, -0.063 0.9646 2.0637, -0.0642 0.9646 2.0625, -0.0902 0.9646 2.0636, -0.0613 0.9646 2.0663, -0.0859 0.9646 2.0607, -0.0813 0.9646 2.0591, -0.0757 0.9646 2.0585, -0.0608 0.9646 2.0783, -0.0601 0.9646 2.0749, -0.0921 0.9646 2.0654, -0.0599 0.9646 2.0725, -0.0603 0.9646 2.069, -0.0672 0.9646 2.0604, -0.0706 0.9646 2.0591
            ]
        }
        coordIndex [
            0,1,2,-1,1,3,4,-1,4,5,1,-1,1,5,6,-1,1,6,2,-1,0,2,7,-1,7,2,8,-1,7,8,9,-1,10,11,12,-1,10,12,13,-1,14,12,15,-1,15,12,16,-1,8,17,9,-1,9,17,18,-1,9,18,19,-1,19,18,20,-1,19,20,12,-1,12,20,21,-1,12,21,13,-1,11,22,12,-1,12,22,23,-1,12,23,16,-1,
        ]
    }
}
Shape{
    appearance Appearance {
        material  Material 	{
            diffuseColor 0.0 0.0 0.0
            specularColor 0.0 0.0 0.0
            ambientIntensity 0.0
            transparency 0.0
            shininess 0.5
        }
    }
    geometry IndexedFaceSet {
        ccw TRUE
        solid FALSE
        coord DEF co Coordinate {
            point [
                -0.1339 0.9646 2.0663, -0.1339 0.9646 2.0663, -0.1399 0.9646 2.0626, -0.1586 0.9646 2.0579, -0.1586 0.9646 2.0579, -0.1493 0.9646 2.059, -0.1493 0.9646 2.059, -0.1415 0.9646 2.062, -0.1399 0.9646 2.0626, -0.1338 0.9646 2.0508, -0.1338 0.9646 2.0508, -0.143 0.9646 2.0473, -0.1415 0.9646 2.0479, -0.143 0.9646 2.0473, -0.1568 0.9646 2.0456, -0.1571 0.9646 2.0456, -0.1571 0.9646 2.0456, -0.1574 0.9646 2.0456, -0.1705 0.9646 2.0471, -0.1705 0.9646 2.0471, -0.1785 0.9646 2.05, -0.1785 0.9646 2.05, -0.1821 0.9646 2.0522, -0.1821 0.9646 2.0522, -0.1864 0.9646 2.056, -0.1864 0.9646 2.056, -0.1893 0.9646 2.0599, -0.1893 0.9646 2.0599, -0.1912 0.9646 2.0647, -0.1912 0.9646 2.0647, -0.1919 0.9646 2.0707, -0.1919 0.9646 2.0707, -0.1913 0.9646 2.0763, -0.1913 0.9646 2.0763, -0.1898 0.9646 2.0808, -0.1898 0.9646 2.0808, -0.187 0.9646 2.0849, -0.187 0.9646 2.0849, -0.1834 0.9646 2.0881, -0.1834 0.9646 2.0881, -0.1735 0.9646 2.0938, -0.1735 0.9646 2.0938, -0.1677 0.9646 2.0962, -0.1677 0.9646 2.0962, -0.1584 0.9646 2.1003, -0.1584 0.9646 2.1003, -0.1531 0.9646 2.1036, -0.1531 0.9646 2.1036, -0.1516 0.9646 2.1053, -0.1516 0.9646 2.1053, -0.1506 0.9646 2.1073, -0.1506 0.9646 2.1073, -0.15 0.9646 2.1096, -0.15 0.9646 2.1096, -0.1499 0.9646 2.1116, -0.1499 0.9646 2.1116, -0.1502 0.9646 2.114, -0.1502 0.9646 2.114, -0.1509 0.9646 2.1161, -0.1509 0.9646 2.1161, -0.1522 0.9646 2.118, -0.1522 0.9646 2.118, -0.1545 0.9646 2.12, -0.1545 0.9646 2.12, -0.1579 0.9646 2.1217, -0.1579 0.9646 2.1217, -0.1619 0.9646 2.1228, -0.1619 0.9646 2.1228, -0.1664 0.9646 2.1231, -0.1664 0.9646 2.1231, -0.176 0.9646 2.1219, -0.176 0.9646 2.1219, -0.1845 0.9646 2.1188, -0.1845 0.9646 2.1188, -0.1881 0.9646 2.1167, -0.1881 0.9646 2.1167, -0.1882 0.9646 2.1313, -0.1882 0.9646 2.1313, -0.1785 0.9646 2.1343, -0.1785 0.9646 2.1343, -0.1679 0.9646 2.1353, -0.1679 0.9646 2.1353, -0.1574 0.9646 2.1343, -0.1574 0.9646 2.1343, -0.149 0.9646 2.1314, -0.149 0.9646 2.1314, -0.1441 0.9646 2.1286, -0.1441 0.9646 2.1286, -0.1396 0.9646 2.1247, -0.1415 0.9646 2.1263, -0.1396 0.9646 2.1247, -0.1368 0.9646 2.1206, -0.1368 0.9646 2.1206, -0.135 0.9646 2.1158, -0.135 0.9646 2.1158, -0.1344 0.9646 2.1104, -0.1344 0.9646 2.1104, -0.135 0.9646 2.1046, -0.135 0.9646 2.1046, -0.1366 0.9646 2.1, -0.1366 0.9646 2.1, -0.1385 0.9646 2.0968, -0.1385 0.9646 2.0968, -0.157 0.9646 2.0853, -0.157 0.9646 2.0853, -0.148 0.9646 2.0895, -0.141 0.9646 2.0942, -0.141 0.9646 2.0942, -0.1415 0.9646 2.0939, -0.148 0.9646 2.0895, -0.1708 0.9646 2.0789, -0.1708 0.9646 2.0789, -0.1726 0.9646 2.0775, -0.1726 0.9646 2.0775, -0.1745 0.9646 2.0756, -0.1745 0.9646 2.0756, -0.1757 0.9646 2.0736, -0.1757 0.9646 2.0736, -0.1763 0.9646 2.0712, -0.1763 0.9646 2.0712, -0.1765 0.9646 2.0693, -0.1765 0.9646 2.0693, -0.1761 0.9646 2.0665, -0.1761 0.9646 2.0665, -0.1753 0.9646 2.0643, -0.1753 0.9646 2.0643, -0.174 0.9646 2.0624, -0.174 0.9646 2.0624, -0.1723 0.9646 2.0609, -0.1723 0.9646 2.0609, -0.1709 0.9646 2.0601, -0.1709 0.9646 2.0601, -0.167 0.9646 2.0587, -0.167 0.9646 2.0587, -0.1593 0.9646 2.0579, -0.1593 0.9646 2.0579, -0.2669 0.9646 2.1326, -0.2825 0.9646 2.1325, -0.2669 0.9646 2.1326, -0.2825 0.9646 2.1325, -0.243 0.9646 2.0682, -0.243 0.9646 2.0682, -0.2419 0.9646 2.0642, -0.2419 0.9646 2.0642, -0.2412 0.9646 2.0613, -0.2412 0.9646 2.0613, -0.2408 0.9646 2.0613, -0.2408 0.9646 2.0613, -0.239 0.9646 2.0683, -0.239 0.9646 2.0683, -0.217 0.9646 2.133, -0.217 0.9646 2.133, -0.2251 0.9646 2.1093, -0.2002 0.9646 2.1331, -0.2002 0.9646 2.1331, -0.2332 0.9646 2.0473, -0.2332 0.9646 2.0473, -0.2251 0.9646 2.0685, -0.2265 0.9646 2.0317, -0.2265 0.9646 2.0317, -0.2325 0.9646 2.0456, -0.2251 0.9646 2.0291, -0.2235 0.9646 2.0263, -0.2235 0.9646 2.0263, -0.2229 0.9646 2.0256, -0.2207 0.9646 2.0232, -0.2207 0.9646 2.0232, -0.2181 0.9646 2.0214, -0.2181 0.9646 2.0214, -0.2148 0.9646 2.0201, -0.2148 0.9646 2.0201, -0.211 0.9646 2.0197, -0.211 0.9646 2.0197, -0.2056 0.9646 2.0205, -0.2056 0.9646 2.0205, -0.2025 0.9646 2.0215, -0.2025 0.9646 2.0215, -0.2024 0.9646 2.0081, -0.2024 0.9646 2.0081, -0.2088 0.9646 2.007, -0.2088 0.9646 2.007, -0.2121 0.9646 2.0068, -0.2121 0.9646 2.0068, -0.2182 0.9646 2.0075, -0.2182 0.9646 2.0075, -0.2241 0.9646 2.0097, -0.2241 0.9646 2.0097, -0.2251 0.9646 2.0103, -0.2294 0.9646 2.0133, -0.2429 0.9646 2.034, -0.2429 0.9646 2.034, -0.2385 0.9646 2.0256, -0.236 0.9646 2.0208, -0.236 0.9646 2.0208, -0.2304 0.9646 2.0143, -0.2304 0.9646 2.0143, -0.2294 0.9646 2.0133, -0.2476 0.9646 2.0456, -0.3628 0.9646 2.0598, -0.3627 0.9646 2.0461, -0.3628 0.9646 2.0598, -0.3627 0.9646 2.0461, -0.3137 0.9646 2.0602, -0.3137 0.9646 2.0602, -0.3377 0.9646 2.06, -0.314 0.9646 2.1006, -0.314 0.9646 2.1006, -0.357 0.9646 2.1003, -0.357 0.9646 2.1003, -0.3377 0.9646 2.1004, -0.3571 0.9646 2.114, -0.3571 0.9646 2.114, -0.3141 0.9646 2.1143, -0.3141 0.9646 2.1143, -0.3377 0.9646 2.1142, -0.3144 0.9646 2.1528, -0.3144 0.9646 2.1528, -0.3607 0.9646 2.1525, -0.3607 0.9646 2.1525, -0.3377 0.9646 2.1526, -0.3608 0.9646 2.1663, -0.3608 0.9646 2.1663, -0.299 0.9646 2.1667, -0.299 0.9646 2.1667, -0.3377 0.9646 2.1664, -0.2981 0.9646 2.0466, -0.2981 0.9646 2.0466, -0.3377 0.9646 2.0463, -0.4652 0.9646 2.0622, -0.4528 0.9646 2.0704, -0.4526 0.9646 2.0533, -0.445 0.9646 2.0651, -0.4388 0.9646 2.0481, -0.4351 0.9646 2.0613, -0.4184 0.9646 2.0458, -0.4184 0.9646 2.0594, -0.3854 0.9646 2.046, -0.401 0.9646 2.0596, -0.3863 0.9646 2.1661, -0.4017 0.9646 2.1522, -0.4205 0.9646 2.1658, -0.4198 0.9646 2.152, -0.4209 0.9646 2.152, -0.4388 0.9646 2.1637, -0.4363 0.9646 2.1499, -0.4533 0.9646 2.1583, -0.4465 0.9646 2.1459, -0.4658 0.9646 2.1496, -0.4544 0.9646 2.1405, -0.47 0.9646 2.1454, -0.4577 0.9646 2.1371, -0.4774 0.9646 2.1349, -0.4623 0.9646 2.1304, -0.4818 0.9646 2.1234, -0.4657 0.9646 2.1216, -0.4836 0.9646 2.1069, -0.4673 0.9646 2.1066, -0.4832 0.9646 2.0992, -0.4668 0.9646 2.0984, -0.4802 0.9646 2.0852, -0.4643 0.9646 2.0875, -0.4742 0.9646 2.0728, -0.46 0.9646 2.0787, -0.4542 0.9646 2.0717, -0.4184 0.9646 2.0458, -0.3854 0.9646 2.046, -0.4388 0.9646 2.0481, -0.4526 0.9646 2.0533, -0.4652 0.9646 2.0622, -0.4742 0.9646 2.0728, -0.4802 0.9646 2.0852, -0.4832 0.9646 2.0992, -0.4836 0.9646 2.1069, -0.4818 0.9646 2.1234, -0.4774 0.9646 2.1349, -0.47 0.9646 2.1454, -0.4658 0.9646 2.1496, -0.4533 0.9646 2.1583, -0.4388 0.9646 2.1637, -0.4205 0.9646 2.1658, -0.3863 0.9646 2.1661, -0.4198 0.9646 2.152, -0.4017 0.9646 2.1522, -0.401 0.9646 2.0596, -0.4184 0.9646 2.0594, -0.4542 0.9646 2.0717, -0.4528 0.9646 2.0704, -0.445 0.9646 2.0651, -0.4351 0.9646 2.0613, -0.4673 0.9646 2.1066, -0.4668 0.9646 2.0984, -0.4643 0.9646 2.0875, -0.46 0.9646 2.0787, -0.4544 0.9646 2.1405, -0.4577 0.9646 2.1371, -0.4623 0.9646 2.1304, -0.4657 0.9646 2.1216, -0.4209 0.9646 2.152, -0.4363 0.9646 2.1499, -0.4465 0.9646 2.1459
            ]
        }
        coordIndex [
            0,1,2,-1,3,4,5,-1,3,5,6,-1,6,5,7,-1,6,7,2,-1,2,7,8,-1,2,8,0,-1,9,1,10,-1,10,1,0,-1,11,9,12,-1,12,9,10,-1,12,13,11,-1,11,13,14,-1,11,14,15,-1,15,14,16,-1,15,16,17,-1,15,17,18,-1,17,19,18,-1,18,19,20,-1,18,20,21,-1,21,20,22,-1,21,22,23,-1,23,22,24,-1,23,24,25,-1,25,24,26,-1,25,26,27,-1,27,26,28,-1,27,28,29,-1,29,28,30,-1,29,30,31,-1,31,30,32,-1,31,32,33,-1,33,32,34,-1,33,34,35,-1,35,34,36,-1,35,36,37,-1,37,36,38,-1,37,38,39,-1,39,38,40,-1,39,40,41,-1,41,40,42,-1,41,42,43,-1,43,42,44,-1,43,44,45,-1,45,44,46,-1,45,46,47,-1,47,46,48,-1,47,48,49,-1,49,48,50,-1,49,50,51,-1,51,50,52,-1,51,52,53,-1,53,52,54,-1,53,54,55,-1,55,54,56,-1,55,56,57,-1,57,56,58,-1,57,58,59,-1,59,58,60,-1,59,60,61,-1,61,60,62,-1,61,62,63,-1,63,62,64,-1,63,64,65,-1,65,64,66,-1,65,66,67,-1,67,66,68,-1,67,68,69,-1,69,68,70,-1,69,70,71,-1,71,70,72,-1,71,72,73,-1,73,72,74,-1,73,74,75,-1,76,75,77,-1,77,75,74,-1,76,77,78,-1,76,78,79,-1,79,78,80,-1,79,80,81,-1,81,80,82,-1,81,82,83,-1,83,82,84,-1,83,84,85,-1,85,84,86,-1,85,86,87,-1,88,87,89,-1,89,87,86,-1,89,90,88,-1,88,90,91,-1,88,91,92,-1,92,91,93,-1,92,93,94,-1,94,93,95,-1,94,95,96,-1,96,95,97,-1,96,97,98,-1,98,97,99,-1,98,99,100,-1,100,99,101,-1,100,101,102,-1,103,104,105,-1,102,101,106,-1,102,106,107,-1,107,106,108,-1,107,108,105,-1,105,108,109,-1,105,109,103,-1,104,103,110,-1,104,110,111,-1,111,110,112,-1,111,112,113,-1,113,112,114,-1,113,114,115,-1,115,114,116,-1,115,116,117,-1,117,116,118,-1,117,118,119,-1,119,118,120,-1,119,120,121,-1,121,120,122,-1,121,122,123,-1,123,122,124,-1,123,124,125,-1,125,124,126,-1,125,126,127,-1,127,126,128,-1,127,128,129,-1,129,128,130,-1,129,130,131,-1,131,130,132,-1,131,132,133,-1,133,132,134,-1,133,134,135,-1,135,134,4,-1,135,4,3,-1,61,63,85,-1,85,63,83,-1,15,3,11,-1,11,3,6,-1,11,6,9,-1,9,6,2,-1,9,2,1,-1,127,129,21,-1,21,129,131,-1,21,131,18,-1,18,131,133,-1,18,133,15,-1,15,133,135,-1,15,135,3,-1,63,65,83,-1,83,65,67,-1,83,67,81,-1,81,67,69,-1,81,69,79,-1,79,69,71,-1,79,71,76,-1,76,71,73,-1,76,73,75,-1,85,87,61,-1,61,87,88,-1,61,88,59,-1,59,88,92,-1,59,92,57,-1,57,92,94,-1,57,94,55,-1,55,94,96,-1,55,96,53,-1,53,96,98,-1,53,98,51,-1,51,98,100,-1,51,100,49,-1,49,100,102,-1,49,102,47,-1,47,102,107,-1,47,107,45,-1,45,107,105,-1,45,105,43,-1,43,105,104,-1,43,104,41,-1,41,104,111,-1,41,111,39,-1,39,111,113,-1,39,113,37,-1,37,113,115,-1,37,115,35,-1,35,115,117,-1,35,117,33,-1,33,117,119,-1,33,119,31,-1,31,119,121,-1,31,121,29,-1,29,121,123,-1,29,123,27,-1,27,123,125,-1,27,125,25,-1,25,125,127,-1,25,127,23,-1,23,127,21,-1,136,137,138,-1,138,137,139,-1,140,136,141,-1,141,136,138,-1,140,141,142,-1,140,142,143,-1,143,142,144,-1,143,144,145,-1,146,145,147,-1,147,145,144,-1,148,146,149,-1,149,146,147,-1,150,151,152,-1,152,151,148,-1,152,148,149,-1,153,151,154,-1,154,151,150,-1,155,156,157,-1,157,156,153,-1,157,153,154,-1,158,159,160,-1,160,159,156,-1,160,156,155,-1,159,158,161,-1,159,161,162,-1,161,163,162,-1,162,163,164,-1,162,164,165,-1,164,166,165,-1,165,166,167,-1,165,167,168,-1,168,167,169,-1,168,169,170,-1,170,169,171,-1,170,171,172,-1,172,171,173,-1,172,173,174,-1,174,173,175,-1,174,175,176,-1,177,176,178,-1,178,176,175,-1,177,178,179,-1,177,179,180,-1,180,179,181,-1,180,181,182,-1,182,181,183,-1,182,183,184,-1,184,183,185,-1,184,185,186,-1,186,185,187,-1,186,187,188,-1,189,190,191,-1,191,190,192,-1,191,192,193,-1,193,192,194,-1,193,194,195,-1,195,194,188,-1,195,188,196,-1,196,188,187,-1,139,137,197,-1,197,137,190,-1,197,190,189,-1,143,145,190,-1,137,136,190,-1,190,136,140,-1,190,140,143,-1,151,153,148,-1,148,153,156,-1,148,156,146,-1,176,177,174,-1,174,177,180,-1,174,180,172,-1,172,180,182,-1,172,182,170,-1,170,182,184,-1,170,184,168,-1,168,184,186,-1,168,186,165,-1,145,146,190,-1,190,146,156,-1,190,156,192,-1,156,159,192,-1,192,159,162,-1,192,162,194,-1,194,162,165,-1,194,165,188,-1,188,165,186,-1,198,199,200,-1,200,199,201,-1,202,203,204,-1,204,203,198,-1,204,198,200,-1,205,203,206,-1,206,203,202,-1,207,208,209,-1,209,208,205,-1,209,205,206,-1,210,208,211,-1,211,208,207,-1,212,213,214,-1,214,213,210,-1,214,210,211,-1,215,213,216,-1,216,213,212,-1,217,218,219,-1,219,218,215,-1,219,215,216,-1,220,218,221,-1,221,218,217,-1,222,223,224,-1,224,223,220,-1,224,220,221,-1,225,223,226,-1,226,223,222,-1,201,199,227,-1,227,199,225,-1,227,225,226,-1,218,220,215,-1,215,220,223,-1,215,223,213,-1,199,198,225,-1,225,198,203,-1,225,203,205,-1,208,210,205,-1,205,210,213,-1,205,213,225,-1,225,213,223,-1,228,229,230,-1,230,229,231,-1,230,231,232,-1,232,231,233,-1,232,233,234,-1,234,233,235,-1,234,235,236,-1,236,235,237,-1,236,237,238,-1,238,237,239,-1,238,239,240,-1,239,241,240,-1,240,241,242,-1,240,242,243,-1,243,242,244,-1,243,244,245,-1,245,244,246,-1,245,246,247,-1,247,246,248,-1,247,248,249,-1,249,248,250,-1,249,250,251,-1,251,250,252,-1,251,252,253,-1,253,252,254,-1,253,254,255,-1,255,254,256,-1,255,256,257,-1,257,256,258,-1,257,258,259,-1,259,258,260,-1,259,260,261,-1,261,260,262,-1,261,262,228,-1,228,262,263,-1,228,263,229,-1,234,236,264,-1,264,236,265,-1,234,264,266,-1,234,266,232,-1,232,266,267,-1,232,267,230,-1,230,267,268,-1,230,268,228,-1,228,268,269,-1,228,269,261,-1,261,269,270,-1,261,270,259,-1,259,270,271,-1,259,271,257,-1,257,271,272,-1,257,272,255,-1,255,272,273,-1,255,273,253,-1,253,273,274,-1,253,274,251,-1,251,274,275,-1,251,275,249,-1,249,275,276,-1,249,276,247,-1,247,276,277,-1,247,277,245,-1,245,277,278,-1,245,278,243,-1,243,278,279,-1,243,279,240,-1,238,240,280,-1,280,240,279,-1,236,238,265,-1,265,238,280,-1,241,239,281,-1,281,239,282,-1,239,237,282,-1,282,237,283,-1,237,235,283,-1,283,235,284,-1,263,285,286,-1,263,286,229,-1,229,286,287,-1,229,287,231,-1,231,287,288,-1,231,288,233,-1,233,288,284,-1,233,284,235,-1,256,289,290,-1,256,290,258,-1,258,290,291,-1,258,291,260,-1,260,291,292,-1,260,292,262,-1,262,292,285,-1,262,285,263,-1,248,293,294,-1,248,294,250,-1,250,294,295,-1,250,295,252,-1,252,295,296,-1,252,296,254,-1,254,296,289,-1,254,289,256,-1,241,281,297,-1,241,297,242,-1,242,297,298,-1,242,298,244,-1,244,298,299,-1,244,299,246,-1,246,299,293,-1,246,293,248,-1,
        ]
    }
}
Shape{
    appearance Appearance {
        material  Material 	{
            diffuseColor 1.0 0.7529411764705882 0.12156862745098039
            specularColor 0.5019607843137255 0.3764705882352941 0.058823529411764705
            ambientIntensity 0.7548
            transparency 0.0
            shininess 0.5
        }
    }
    geometry IndexedFaceSet {
        ccw TRUE
        solid FALSE
        coord DEF co Coordinate {
            point [
                -0.445 0.9646 2.0651, -0.4528 0.9646 2.0704, -0.4209 0.9646 2.152, -0.4017 0.9646 2.1522, -0.401 0.9646 2.0596, -0.4198 0.9646 2.152, -0.4184 0.9646 2.0594, -0.4351 0.9646 2.0613, -0.4542 0.9646 2.0717, -0.46 0.9646 2.0787, -0.4643 0.9646 2.0875, -0.4673 0.9646 2.1066, -0.4544 0.9646 2.1405, -0.4465 0.9646 2.1459, -0.4657 0.9646 2.1216, -0.4623 0.9646 2.1304, -0.4577 0.9646 2.1371, -0.4668 0.9646 2.0984, -0.4363 0.9646 2.1499
            ]
        }
        coordIndex [
            0,1,2,-1,3,4,5,-1,5,4,6,-1,5,6,2,-1,2,6,7,-1,2,7,0,-1,1,8,2,-1,2,8,9,-1,2,9,10,-1,11,12,13,-1,14,15,11,-1,11,15,16,-1,11,16,12,-1,10,17,2,-1,2,17,11,-1,2,11,18,-1,18,11,13,-1,
        ]
    }
}
Shape{
    appearance Appearance {
        material  Material 	{
            diffuseColor 0.0 0.0 0.0
            specularColor 0.0 0.0 0.0
            ambientIntensity 0.0
            transparency 0.0
            shininess 0.5
        }
    }
    geometry IndexedFaceSet {
        ccw TRUE
        solid FALSE
        coord DEF co Coordinate {
            point [
                -0.5238 0.9646 2.0914, -0.5421 0.9646 2.1412, -0.5364 0.9646 2.165, -0.4899 0.9646 2.0452, -0.507 0.9646 2.0451, -0.5188 0.9646 2.0779, -0.5431 0.9646 2.1448, -0.5441 0.9646 2.1496, -0.553 0.9646 2.1649, -0.5445 0.9646 2.1496, -0.5454 0.9646 2.1445, -0.5463 0.9646 2.1412, -0.5641 0.9646 2.0911, -0.5979 0.9646 2.0445, -0.5808 0.9646 2.0446, -0.5688 0.9646 2.0775, -0.553 0.9646 2.1649, -0.5975 0.9646 2.0456, -0.5979 0.9646 2.0445, -0.5364 0.9646 2.165, -0.4899 0.9646 2.0452, -0.49 0.9646 2.0456, -0.507 0.9646 2.0451, -0.5188 0.9646 2.0779, -0.5072 0.9646 2.0456, -0.5688 0.9646 2.0775, -0.5808 0.9646 2.0446, -0.5804 0.9646 2.0456, -0.5238 0.9646 2.0914, -0.5641 0.9646 2.0911, -0.5463 0.9646 2.1412, -0.5445 0.9646 2.1496, -0.5454 0.9646 2.1445, -0.5441 0.9646 2.1496, -0.5421 0.9646 2.1412, -0.5431 0.9646 2.1448
            ]
        }
        coordIndex [
            0,1,2,-1,3,4,5,-1,1,6,2,-1,2,6,7,-1,2,7,8,-1,8,7,9,-1,8,9,10,-1,10,11,8,-1,8,11,12,-1,8,12,13,-1,14,13,15,-1,15,13,12,-1,15,12,5,-1,5,12,0,-1,5,0,3,-1,3,0,2,-1,16,8,17,-1,17,8,13,-1,17,13,18,-1,2,8,19,-1,19,8,16,-1,20,3,21,-1,21,3,2,-1,21,2,19,-1,4,3,22,-1,22,3,20,-1,23,5,24,-1,24,5,4,-1,24,4,22,-1,15,5,25,-1,25,5,23,-1,26,14,27,-1,27,14,15,-1,27,15,25,-1,13,14,18,-1,18,14,26,-1,0,12,28,-1,28,12,29,-1,12,11,29,-1,29,11,30,-1,9,31,32,-1,9,32,10,-1,10,32,30,-1,10,30,11,-1,9,7,31,-1,31,7,33,-1,1,34,35,-1,1,35,6,-1,6,35,33,-1,6,33,7,-1,1,0,34,-1,34,0,28,-1,
        ]
    }
}
Shape{
    appearance Appearance {
        material  Material 	{
            diffuseColor 1.0 0.7529411764705882 0.12156862745098039
            specularColor 0.5019607843137255 0.3764705882352941 0.058823529411764705
            ambientIntensity 0.7548
            transparency 0.0
            shininess 0.5
        }
    }
    geometry IndexedFaceSet {
        ccw TRUE
        solid FALSE
        coord DEF co Coordinate {
            point [
                -0.5445 0.9646 2.1496, -0.5441 0.9646 2.1496, -0.5454 0.9646 2.1445, -0.5431 0.9646 2.1448, -0.5463 0.9646 2.1412, -0.5421 0.9646 2.1412, -0.5641 0.9646 2.0911, -0.5238 0.9646 2.0914
            ]
        }
        coordIndex [
            0,1,2,-1,2,1,3,-1,2,3,4,-1,4,3,5,-1,4,5,6,-1,6,5,7,-1,
        ]
    }
}
Shape{
    appearance Appearance {
        material  Material 	{
            diffuseColor 0.0 0.0 0.0
            specularColor 0.0 0.0 0.0
            ambientIntensity 0.0
            transparency 0.0
            shininess 0.5
        }
    }
    geometry IndexedFaceSet {
        ccw TRUE
        solid FALSE
        coord DEF co Coordinate {
            point [
                0.565 0.9646 2.0357, 0.5524 0.9646 2.0199, 0.5722 0.9646 2.1113, 0.2867 0.9646 2.1511, 0.3128 0.9646 2.1965, 0.4277 0.9646 2.1376, 0.487 0.9646 2.1127, 0.479 0.9646 2.1102, 0.586 0.9646 2.2598, 0.5669 0.9646 2.2698, 0.571 0.9646 2.3223, 0.5177 0.9646 2.3244, 0.4917 0.9646 2.2619, 0.4785 0.9646 2.2888, 0.5907 0.9646 2.1229, 0.5842 0.9646 2.0574, 0.5735 0.9646 2.0541, 0.5374 0.9646 2.3262, 0.4719 0.9646 2.1058, 0.4663 0.9646 2.0998, 0.4067 0.9646 2.0888, 0.4623 0.9646 2.0929, 0.4601 0.9646 2.0852, 0.4067 0.9646 2.0802, 0.4598 0.9646 2.0769, 0.5009 0.9646 2.1123, 0.5119 0.9646 2.1647, 0.5084 0.9646 2.1095, 0.5308 0.9646 2.1576, 0.5151 0.9646 2.1048, 0.5484 0.9646 2.1456, 0.5191 0.9646 2.1006, 0.5626 0.9646 2.1296, 0.5235 0.9646 2.0935, 0.5259 0.9646 2.0854, 0.4606 0.9646 2.1611, 0.4811 0.9646 2.1664, 0.4915 0.9646 2.1671, 0.2579 0.9646 2.2354, 0.2511 0.9646 2.2354, 0.2157 0.9646 2.2813, 0.2349 0.9646 2.2333, 0.2115 0.9646 2.2798, 0.22 0.9646 2.2274, 0.1862 0.9646 2.267, 0.1632 0.9646 2.2473, 0.5001 0.9646 2.3447, 0.4592 0.9646 2.3115, 0.4799 0.9646 2.3617, 0.4361 0.9646 2.3281, 0.4557 0.9646 2.3761, 0.5458 0.9646 2.2746, 0.5369 0.9646 2.275, 0.5276 0.9646 2.3256, 0.5169 0.9646 2.2724, 0.4978 0.9646 2.2652, 0.1642 0.9646 2.0879, 0.2037 0.9646 2.1221, 0.1876 0.9646 2.0684, 0.2164 0.9646 2.1118, 0.2137 0.9646 2.0558, 0.2316 0.9646 2.105, 0.2422 0.9646 2.05, 0.2469 0.9646 2.1021, 0.2925 0.9646 2.0504, 0.2853 0.9646 2.1024, 0.2973 0.9646 2.0512, 0.4928 0.9646 2.1133, 0.4425 0.9646 2.1513, 0.2068 0.9646 2.2181, 0.197 0.9646 2.207, 0.146 0.9646 2.2228, 0.1892 0.9646 2.1922, 0.1357 0.9646 2.1967, 0.1853 0.9646 2.1758, 0.132 0.9646 2.1688, 0.185 0.9646 2.1683, 0.1361 0.9646 2.1383, 0.1871 0.9646 2.1517, 0.1471 0.9646 2.1114, 0.1931 0.9646 2.1365, 0.2026 0.9646 2.1233, 0.2614 0.9646 2.349, 0.295 0.9646 2.31, 0.2322 0.9646 2.3144, 0.276 0.9646 2.2869, 0.263 0.9646 2.2593, 0.6202 0.9646 2.2109, 0.6764 0.9646 2.1971, 0.6229 0.9646 2.1902, 0.6767 0.9646 2.1889, 0.6219 0.9646 2.177, 0.6728 0.9646 2.1554, 0.616 0.9646 2.1561, 0.6608 0.9646 2.1235, 0.6059 0.9646 2.1387, 0.6415 0.9646 2.0956, 0.615 0.9646 2.0726, 0.5165 0.9646 2.0565, 0.521 0.9646 2.062, 0.5245 0.9646 2.0691, 0.5262 0.9646 2.0771, 0.416 0.9646 2.3902, 0.4082 0.9646 2.3392, 0.3772 0.9646 2.3943, 0.3767 0.9646 2.343, 0.337 0.9646 2.3891, 0.3478 0.9646 2.3393, 0.2947 0.9646 2.3725, 0.3211 0.9646 2.3288, 0.2972 0.9646 2.312, 0.6027 0.9646 2.3103, 0.63 0.9646 2.2914, 0.6008 0.9646 2.2468, 0.6359 0.9646 2.2859, 0.6127 0.9646 2.2299, 0.6566 0.9646 2.2598, 0.6704 0.9646 2.2291, 0.2896 0.9646 2.1032, 0.3104 0.9646 2.0595, 0.3085 0.9646 2.0574, 0.51 0.9646 2.0514, 0.5358 0.9646 2.0072, 0.5024 0.9646 2.048, 0.5162 0.9646 1.9988, 0.4947 0.9646 2.0467, 0.496 0.9646 1.9955, 0.4932 0.9646 2.0467, 0.4927 0.9646 1.9954, 0.485 0.9646 2.0476, 0.4721 0.9646 1.9978, 0.4776 0.9646 2.0505, 0.453 0.9646 2.005, 0.471 0.9646 2.055, 0.4359 0.9646 2.0167, 0.4655 0.9646 2.0612, 0.4227 0.9646 2.0313, 0.4617 0.9646 2.0686, 0.4124 0.9646 2.0503, 0.4073 0.9646 2.0713, 0.2871 0.9646 2.1027, 0.303 0.9646 2.0535, 0.3171 0.9646 2.077, 0.3163 0.9646 2.0707, 0.3141 0.9646 2.0649, 0.2971 0.9646 2.1025, 0.3029 0.9646 2.1002, 0.3169 0.9646 2.0804, 0.3082 0.9646 2.0966, 0.3118 0.9646 2.0927, 0.3151 0.9646 2.0869, 0.2904 0.9646 2.1033, 0.132 0.9646 2.1688, 0.1357 0.9646 2.1967, 0.138 0.9646 2.2026, 0.146 0.9646 2.2228, 0.1559 0.9646 2.2369, 0.1632 0.9646 2.2473, 0.1862 0.9646 2.267, 0.2115 0.9646 2.2798, 0.2157 0.9646 2.2813, 0.2322 0.9646 2.3144, 0.2614 0.9646 2.349, 0.2755 0.9646 2.359, 0.2947 0.9646 2.3725, 0.337 0.9646 2.3891, 0.3772 0.9646 2.3943, 0.416 0.9646 2.3902, 0.4557 0.9646 2.3761, 0.4799 0.9646 2.3617, 0.5177 0.9646 2.3244, 0.4831 0.9646 2.359, 0.5001 0.9646 2.3447, 0.5276 0.9646 2.3256, 0.5374 0.9646 2.3262, 0.571 0.9646 2.3223, 0.6027 0.9646 2.3103, 0.63 0.9646 2.2914, 0.6359 0.9646 2.2859, 0.6767 0.9646 2.1889, 0.6566 0.9646 2.2598, 0.6669 0.9646 2.2369, 0.6704 0.9646 2.2291, 0.6754 0.9646 2.2026, 0.6764 0.9646 2.1971, 0.6728 0.9646 2.1554, 0.6608 0.9646 2.1235, 0.6415 0.9646 2.0956, 0.615 0.9646 2.0726, 0.5842 0.9646 2.0574, 0.5735 0.9646 2.0541, 0.5696 0.9646 2.0456, 0.557 0.9646 2.0256, 0.565 0.9646 2.0357, 0.5524 0.9646 2.0199, 0.5358 0.9646 2.0072, 0.5162 0.9646 1.9988, 0.496 0.9646 1.9955, 0.4927 0.9646 1.9954, 0.4721 0.9646 1.9978, 0.4149 0.9646 2.0456, 0.453 0.9646 2.005, 0.4359 0.9646 2.0167, 0.4278 0.9646 2.0256, 0.4227 0.9646 2.0313, 0.4124 0.9646 2.0503, 0.4073 0.9646 2.0713, 0.4067 0.9646 2.0802, 0.4067 0.9646 2.0888, 0.2867 0.9646 2.1511, 0.3128 0.9646 2.1965, 0.4277 0.9646 2.1376, 0.4425 0.9646 2.1513, 0.4606 0.9646 2.1611, 0.4811 0.9646 2.1664, 0.4915 0.9646 2.1671, 0.5119 0.9646 2.1647, 0.5308 0.9646 2.1576, 0.5484 0.9646 2.1456, 0.5626 0.9646 2.1296, 0.5722 0.9646 2.1113, 0.5907 0.9646 2.1229, 0.6059 0.9646 2.1387, 0.616 0.9646 2.1561, 0.6219 0.9646 2.177, 0.6229 0.9646 2.1902, 0.6213 0.9646 2.2026, 0.6202 0.9646 2.2109, 0.6127 0.9646 2.2299, 0.6077 0.9646 2.2369, 0.6008 0.9646 2.2468, 0.586 0.9646 2.2598, 0.5669 0.9646 2.2698, 0.5458 0.9646 2.2746, 0.5369 0.9646 2.275, 0.5169 0.9646 2.2724, 0.4978 0.9646 2.2652, 0.4917 0.9646 2.2619, 0.4785 0.9646 2.2888, 0.4592 0.9646 2.3115, 0.4361 0.9646 2.3281, 0.4082 0.9646 2.3392, 0.3767 0.9646 2.343, 0.2579 0.9646 2.2354, 0.2582 0.9646 2.2369, 0.263 0.9646 2.2593, 0.276 0.9646 2.2869, 0.295 0.9646 2.31, 0.2972 0.9646 2.312, 0.3211 0.9646 2.3288, 0.3478 0.9646 2.3393, 0.2511 0.9646 2.2354, 0.2349 0.9646 2.2333, 0.22 0.9646 2.2274, 0.2068 0.9646 2.2181, 0.197 0.9646 2.207, 0.1947 0.9646 2.2026, 0.1892 0.9646 2.1922, 0.1853 0.9646 2.1758, 0.185 0.9646 2.1683, 0.1871 0.9646 2.1517, 0.1931 0.9646 2.1365, 0.2026 0.9646 2.1233, 0.2037 0.9646 2.1221, 0.2164 0.9646 2.1118, 0.2316 0.9646 2.105, 0.2469 0.9646 2.1021, 0.2853 0.9646 2.1024, 0.2871 0.9646 2.1027, 0.2896 0.9646 2.1032, 0.2904 0.9646 2.1033, 0.2971 0.9646 2.1025, 0.3029 0.9646 2.1002, 0.3082 0.9646 2.0966, 0.3118 0.9646 2.0927, 0.3151 0.9646 2.0869, 0.3169 0.9646 2.0804, 0.3171 0.9646 2.077, 0.3163 0.9646 2.0707, 0.3141 0.9646 2.0649, 0.3104 0.9646 2.0595, 0.3085 0.9646 2.0574, 0.303 0.9646 2.0535, 0.2973 0.9646 2.0512, 0.2925 0.9646 2.0504, 0.2422 0.9646 2.05, 0.2137 0.9646 2.0558, 0.1876 0.9646 2.0684, 0.1642 0.9646 2.0879, 0.1471 0.9646 2.1114, 0.1361 0.9646 2.1383, 0.4928 0.9646 2.1133, 0.487 0.9646 2.1127, 0.479 0.9646 2.1102, 0.4719 0.9646 2.1058, 0.4663 0.9646 2.0998, 0.4623 0.9646 2.0929, 0.4601 0.9646 2.0852, 0.4598 0.9646 2.0769, 0.4617 0.9646 2.0686, 0.4655 0.9646 2.0612, 0.471 0.9646 2.055, 0.4776 0.9646 2.0505, 0.485 0.9646 2.0476, 0.4932 0.9646 2.0467, 0.4947 0.9646 2.0467, 0.5024 0.9646 2.048, 0.51 0.9646 2.0514, 0.5165 0.9646 2.0565, 0.521 0.9646 2.062, 0.5245 0.9646 2.0691, 0.5262 0.9646 2.0771, 0.5259 0.9646 2.0854, 0.5235 0.9646 2.0935, 0.5191 0.9646 2.1006, 0.5151 0.9646 2.1048, 0.5084 0.9646 2.1095, 0.5009 0.9646 2.1123
            ]
        }
        coordIndex [
            0,1,2,-1,3,4,5,-1,6,7,3,-1,8,9,10,-1,11,12,13,-1,14,15,2,-1,2,15,16,-1,2,16,0,-1,10,9,17,-1,7,18,3,-1,3,18,19,-1,3,19,20,-1,19,21,20,-1,20,21,22,-1,20,22,23,-1,23,22,24,-1,25,26,27,-1,27,26,28,-1,27,28,29,-1,29,28,30,-1,29,30,31,-1,31,30,32,-1,31,32,33,-1,33,32,2,-1,33,2,34,-1,35,36,25,-1,25,36,37,-1,25,37,26,-1,38,39,40,-1,40,39,41,-1,40,41,42,-1,42,41,43,-1,42,43,44,-1,44,43,45,-1,11,13,46,-1,46,13,47,-1,46,47,48,-1,48,47,49,-1,48,49,50,-1,9,51,17,-1,17,51,52,-1,17,52,53,-1,53,52,54,-1,53,54,11,-1,11,54,55,-1,11,55,12,-1,56,57,58,-1,58,57,59,-1,58,59,60,-1,60,59,61,-1,60,61,62,-1,62,61,63,-1,62,63,64,-1,64,63,65,-1,64,65,66,-1,6,3,67,-1,67,3,5,-1,67,5,25,-1,25,5,68,-1,25,68,35,-1,43,69,45,-1,45,69,70,-1,45,70,71,-1,71,70,72,-1,71,72,73,-1,73,72,74,-1,73,74,75,-1,75,74,76,-1,75,76,77,-1,77,76,78,-1,77,78,79,-1,79,78,80,-1,79,80,56,-1,56,80,81,-1,56,81,57,-1,82,83,84,-1,84,83,85,-1,84,85,40,-1,40,85,86,-1,40,86,38,-1,87,88,89,-1,89,88,90,-1,89,90,91,-1,91,90,92,-1,91,92,93,-1,93,92,94,-1,93,94,95,-1,95,94,96,-1,95,96,14,-1,14,96,97,-1,14,97,15,-1,98,99,1,-1,1,99,100,-1,1,100,2,-1,2,100,101,-1,2,101,34,-1,50,49,102,-1,102,49,103,-1,102,103,104,-1,104,103,105,-1,104,105,106,-1,106,105,107,-1,106,107,108,-1,108,107,109,-1,108,109,82,-1,82,109,110,-1,82,110,83,-1,10,111,8,-1,8,111,112,-1,8,112,113,-1,113,112,114,-1,113,114,115,-1,115,114,116,-1,115,116,87,-1,87,116,117,-1,87,117,88,-1,118,119,120,-1,98,1,121,-1,121,1,122,-1,121,122,123,-1,123,122,124,-1,123,124,125,-1,125,124,126,-1,125,126,127,-1,127,126,128,-1,127,128,129,-1,129,128,130,-1,129,130,131,-1,131,130,132,-1,131,132,133,-1,133,132,134,-1,133,134,135,-1,135,134,136,-1,135,136,137,-1,137,136,138,-1,137,138,24,-1,24,138,139,-1,24,139,23,-1,65,140,66,-1,66,140,118,-1,66,118,141,-1,141,118,120,-1,142,143,118,-1,118,143,144,-1,118,144,119,-1,145,146,147,-1,146,148,147,-1,147,148,149,-1,147,149,150,-1,142,118,147,-1,147,118,151,-1,147,151,145,-1,75,152,153,-1,75,153,73,-1,73,153,154,-1,73,154,71,-1,154,155,71,-1,71,155,156,-1,71,156,45,-1,156,157,45,-1,45,157,158,-1,45,158,44,-1,44,158,159,-1,44,159,42,-1,42,159,160,-1,42,160,40,-1,40,160,161,-1,40,161,84,-1,84,161,162,-1,84,162,82,-1,82,162,163,-1,82,163,108,-1,163,164,108,-1,108,164,165,-1,108,165,106,-1,106,165,166,-1,106,166,104,-1,104,166,167,-1,104,167,102,-1,102,167,168,-1,102,168,50,-1,50,168,169,-1,50,169,48,-1,170,11,46,-1,48,169,171,-1,48,171,46,-1,46,171,172,-1,46,172,170,-1,11,170,173,-1,11,173,53,-1,53,173,174,-1,53,174,17,-1,17,174,175,-1,17,175,10,-1,10,175,176,-1,10,176,111,-1,111,176,177,-1,111,177,112,-1,112,177,178,-1,112,178,114,-1,179,90,88,-1,114,178,180,-1,114,180,116,-1,116,180,181,-1,116,181,117,-1,181,182,117,-1,117,182,183,-1,117,183,88,-1,88,183,184,-1,88,184,179,-1,90,179,185,-1,90,185,92,-1,92,185,186,-1,92,186,94,-1,94,186,187,-1,94,187,96,-1,96,187,188,-1,96,188,97,-1,97,188,189,-1,97,189,15,-1,15,189,190,-1,15,190,16,-1,16,190,191,-1,192,1,0,-1,16,191,0,-1,0,191,193,-1,0,193,192,-1,192,194,1,-1,1,194,195,-1,1,195,122,-1,122,195,196,-1,122,196,124,-1,124,196,197,-1,124,197,126,-1,126,197,198,-1,126,198,128,-1,128,198,199,-1,200,138,136,-1,128,199,130,-1,130,199,201,-1,130,201,132,-1,132,201,202,-1,132,202,134,-1,134,202,203,-1,134,203,136,-1,136,203,204,-1,136,204,200,-1,200,205,138,-1,138,205,206,-1,138,206,139,-1,139,206,207,-1,139,207,23,-1,20,23,208,-1,208,23,207,-1,3,20,209,-1,209,20,208,-1,4,3,210,-1,210,3,209,-1,5,4,211,-1,211,4,210,-1,5,211,212,-1,5,212,68,-1,68,212,213,-1,68,213,35,-1,35,213,214,-1,35,214,36,-1,36,214,215,-1,36,215,37,-1,37,215,216,-1,37,216,26,-1,26,216,217,-1,26,217,28,-1,28,217,218,-1,28,218,30,-1,30,218,219,-1,30,219,32,-1,32,219,220,-1,32,220,2,-1,2,220,221,-1,2,221,14,-1,14,221,222,-1,14,222,95,-1,95,222,223,-1,95,223,93,-1,93,223,224,-1,93,224,91,-1,91,224,225,-1,91,225,89,-1,89,225,226,-1,89,226,87,-1,226,227,87,-1,87,227,228,-1,87,228,115,-1,115,228,229,-1,115,229,113,-1,229,230,113,-1,113,230,231,-1,113,231,8,-1,8,231,232,-1,8,232,9,-1,9,232,233,-1,9,233,51,-1,51,233,234,-1,51,234,52,-1,52,234,235,-1,52,235,54,-1,54,235,236,-1,54,236,55,-1,55,236,237,-1,55,237,12,-1,12,237,238,-1,12,238,13,-1,13,238,239,-1,13,239,47,-1,47,239,240,-1,47,240,49,-1,49,240,241,-1,49,241,103,-1,103,241,242,-1,103,242,105,-1,243,38,244,-1,244,38,86,-1,244,86,245,-1,245,86,85,-1,245,85,246,-1,246,85,83,-1,246,83,247,-1,247,83,110,-1,247,110,248,-1,248,110,109,-1,248,109,249,-1,249,109,107,-1,249,107,250,-1,250,107,105,-1,250,105,242,-1,39,38,251,-1,251,38,243,-1,39,251,252,-1,39,252,41,-1,41,252,253,-1,41,253,43,-1,43,253,254,-1,43,254,69,-1,69,254,255,-1,69,255,70,-1,70,255,256,-1,70,256,72,-1,256,257,72,-1,72,257,258,-1,72,258,74,-1,74,258,259,-1,74,259,76,-1,76,259,260,-1,76,260,78,-1,78,260,261,-1,78,261,80,-1,80,261,262,-1,80,262,81,-1,81,262,263,-1,81,263,57,-1,57,263,264,-1,57,264,59,-1,59,264,265,-1,59,265,61,-1,61,265,266,-1,61,266,63,-1,65,63,267,-1,267,63,266,-1,65,267,268,-1,65,268,140,-1,140,268,269,-1,140,269,118,-1,118,269,270,-1,118,270,151,-1,151,270,271,-1,151,271,145,-1,145,271,272,-1,145,272,146,-1,146,272,273,-1,146,273,148,-1,148,273,274,-1,148,274,149,-1,149,274,275,-1,149,275,150,-1,150,275,276,-1,150,276,147,-1,147,276,277,-1,147,277,142,-1,142,277,278,-1,142,278,143,-1,143,278,279,-1,143,279,144,-1,144,279,280,-1,144,280,119,-1,119,280,281,-1,119,281,120,-1,120,281,282,-1,120,282,141,-1,141,282,283,-1,141,283,66,-1,66,283,284,-1,66,284,64,-1,62,64,285,-1,285,64,284,-1,62,285,286,-1,62,286,60,-1,60,286,287,-1,60,287,58,-1,58,287,288,-1,58,288,56,-1,56,288,289,-1,56,289,79,-1,79,289,290,-1,79,290,77,-1,77,290,152,-1,77,152,75,-1,67,291,292,-1,67,292,6,-1,6,292,293,-1,6,293,7,-1,7,293,294,-1,7,294,18,-1,18,294,295,-1,18,295,19,-1,19,295,296,-1,19,296,21,-1,21,296,297,-1,21,297,22,-1,22,297,298,-1,22,298,24,-1,24,298,299,-1,24,299,137,-1,137,299,300,-1,137,300,135,-1,135,300,301,-1,135,301,133,-1,133,301,302,-1,133,302,131,-1,131,302,303,-1,131,303,129,-1,129,303,304,-1,129,304,127,-1,127,304,305,-1,127,305,125,-1,125,305,306,-1,125,306,123,-1,123,306,307,-1,123,307,121,-1,121,307,308,-1,121,308,98,-1,98,308,309,-1,98,309,99,-1,99,309,310,-1,99,310,100,-1,100,310,311,-1,100,311,101,-1,101,311,312,-1,101,312,34,-1,34,312,313,-1,34,313,33,-1,33,313,314,-1,33,314,31,-1,31,314,315,-1,31,315,29,-1,29,315,316,-1,29,316,27,-1,27,316,317,-1,27,317,25,-1,25,317,291,-1,25,291,67,-1,
        ]
    }
}
Shape{
    appearance Appearance {
        material  Material 	{
            diffuseColor 1.0 0.7529411764705882 0.12156862745098039
            specularColor 0.5019607843137255 0.3764705882352941 0.058823529411764705
            ambientIntensity 0.7548
            transparency 0.0
            shininess 0.5
        }
    }
    geometry IndexedFaceSet {
        ccw TRUE
        solid FALSE
        coord DEF co Coordinate {
            point [
                0.5009 0.9646 2.1123, 0.5084 0.9646 2.1095, 0.4947 0.9646 2.0467, 0.5151 0.9646 2.1048, 0.5191 0.9646 2.1006, 0.487 0.9646 2.1127, 0.4932 0.9646 2.0467, 0.485 0.9646 2.0476, 0.4928 0.9646 2.1133, 0.5245 0.9646 2.0691, 0.521 0.9646 2.062, 0.5165 0.9646 2.0565, 0.471 0.9646 2.055, 0.4663 0.9646 2.0998, 0.4719 0.9646 2.1058, 0.5235 0.9646 2.0935, 0.5259 0.9646 2.0854, 0.5262 0.9646 2.0771, 0.51 0.9646 2.0514, 0.5024 0.9646 2.048, 0.4776 0.9646 2.0505, 0.479 0.9646 2.1102, 0.4617 0.9646 2.0686, 0.4598 0.9646 2.0769, 0.4655 0.9646 2.0612, 0.4601 0.9646 2.0852, 0.4623 0.9646 2.0929
            ]
        }
        coordIndex [
            0,1,2,-1,2,1,3,-1,2,3,4,-1,5,6,7,-1,6,5,2,-1,2,5,8,-1,2,8,0,-1,9,10,4,-1,4,10,11,-1,12,13,14,-1,15,16,4,-1,4,16,17,-1,4,17,9,-1,11,18,4,-1,4,18,19,-1,4,19,2,-1,7,20,5,-1,5,20,12,-1,5,12,21,-1,21,12,14,-1,22,23,24,-1,24,23,25,-1,24,25,12,-1,12,25,26,-1,12,26,13,-1,
        ]
    }
}
Shape{
    appearance Appearance {
        material  Material 	{
            diffuseColor 0.0 0.0 0.0
            specularColor 0.0 0.0 0.0
            ambientIntensity 0.0
            transparency 0.0
            shininess 0.5
        }
    }
    geometry IndexedFaceSet {
        ccw TRUE
        solid FALSE
        coord DEF co Coordinate {
            point [
                -1.2155 -0.7087 0.8066, -1.2155 -0.7087 1.0131, -1.2155 -0.6693 0.8066, -1.2155 -0.6693 1.0131, -1.1855 -0.7087 0.8066, -1.1855 -0.6693 0.8066, -1.1855 -0.7087 1.064, -1.1855 -0.6693 1.064, -1.2035 -0.7087 1.064, -1.2035 -0.6693 1.064, -1.2314 -0.6693 1.0312, -1.2314 -0.7087 1.0312, -1.2648 -0.6693 1.0041, -1.2648 -0.7087 1.0041, -1.2648 -0.7087 0.9757, -1.2648 -0.6693 0.9757, -1.239 -0.6693 0.9929, -1.239 -0.7087 0.9929, -0.0779 -0.7087 0.8066, -0.0779 -0.7087 0.8126, -0.0779 -0.6693 0.8066, -0.0779 -0.6693 0.8126, 0.0733 -0.7087 0.8066, 0.0733 -0.6693 0.8066, 0.0733 -0.7087 0.8335, 0.0733 -0.6693 0.8335, -0.0345 -0.7087 0.8335, -0.0345 -0.6693 0.8335, 0.0363 -0.6693 0.92, 0.0363 -0.7087 0.92, 0.0419 -0.6693 0.9278, 0.0419 -0.7087 0.9278, 0.0633 -0.6693 0.966, 0.0633 -0.7087 0.966, 0.0689 -0.6693 0.9855, 0.0689 -0.7087 0.9855, 0.0698 -0.6693 1.0056, 0.0698 -0.7087 1.0056, 0.0666 -0.6693 1.0221, 0.0666 -0.7087 1.0221, 0.0599 -0.6693 1.036, 0.0599 -0.7087 1.036, 0.0512 -0.6693 1.0473, 0.0512 -0.7087 1.0473, 0.0406 -0.6693 1.0555, 0.0406 -0.7087 1.0555, 0.0259 -0.6693 1.0626, 0.0259 -0.7087 1.0626, 0.011 -0.6693 1.0657, 0.011 -0.7087 1.0657, -0.009 -0.6693 1.0655, -0.009 -0.7087 1.0655, -0.0164 -0.6693 1.0647, -0.0164 -0.7087 1.0647, -0.0339 -0.6693 1.06, -0.0339 -0.7087 1.06, -0.0494 -0.6693 1.0512, -0.0494 -0.7087 1.0512, -0.0597 -0.6693 1.0419, -0.0597 -0.7087 1.0419, -0.072 -0.6693 1.0248, -0.072 -0.7087 1.0248, -0.0839 -0.6693 0.9981, -0.0839 -0.7087 0.9981, -0.0554 -0.7087 0.9936, -0.0554 -0.6693 0.9936, -0.0522 -0.6693 1.0015, -0.0522 -0.7087 1.0015, -0.0452 -0.6693 1.0135, -0.0452 -0.7087 1.0135, -0.036 -0.6693 1.0233, -0.036 -0.7087 1.0233, -0.0234 -0.6693 1.0314, -0.0234 -0.7087 1.0314, -0.0115 -0.6693 1.0357, -0.0115 -0.7087 1.0357, 0.0003 -0.6693 1.0372, 0.0003 -0.7087 1.0372, 0.0092 -0.6693 1.0362, 0.0092 -0.7087 1.0362, 0.016 -0.6693 1.0338, 0.016 -0.7087 1.0338, 0.0243 -0.6693 1.0284, 0.0243 -0.7087 1.0284, 0.0308 -0.6693 1.0217, 0.0308 -0.7087 1.0217, 0.0357 -0.6693 1.0131, 0.0357 -0.7087 1.0131, 0.0382 -0.6693 1.0035, 0.0382 -0.7087 1.0035, 0.0383 -0.6693 0.9931, 0.0383 -0.7087 0.9931, 0.0348 -0.6693 0.9773, 0.0348 -0.7087 0.9773, 0.0221 -0.6693 0.9508, 0.0221 -0.7087 0.9508, -0.0121 -0.6693 0.9033, -0.0121 -0.7087 0.9033, -0.0587 -0.6693 0.8512, -0.0587 -0.7087 0.8512, -0.0694 -0.6693 0.8383, -0.0694 -0.7087 0.8383, -0.0751 -0.6693 0.8264, -0.0751 -0.7087 0.8264, 1.1226 -0.7087 0.8709, 1.1226 -0.6693 0.8709, 1.1245 -0.6693 0.8623, 1.1245 -0.7087 0.8623, 1.1327 -0.6693 0.8412, 1.1327 -0.7087 0.8412, 1.1432 -0.6693 0.8266, 1.1432 -0.7087 0.8266, 1.1563 -0.6693 0.8158, 1.1563 -0.7087 0.8158, 1.173 -0.6693 0.8075, 1.173 -0.7087 0.8075, 1.1929 -0.6693 0.8031, 1.1929 -0.7087 0.8031, 1.2116 -0.6693 0.8035, 1.2116 -0.7087 0.8035, 1.2305 -0.6693 0.8085, 1.2305 -0.7087 0.8085, 1.2477 -0.6693 0.8184, 1.2477 -0.7087 0.8184, 1.2598 -0.6693 0.8297, 1.2598 -0.7087 0.8297, 1.2687 -0.6693 0.843, 1.2687 -0.7087 0.843, 1.2743 -0.6693 0.8584, 1.2743 -0.7087 0.8584, 1.2769 -0.6693 0.8799, 1.2769 -0.7087 0.8799, 1.2752 -0.6693 0.8976, 1.2752 -0.7087 0.8976, 1.2709 -0.6693 0.9099, 1.2709 -0.7087 0.9099, 1.2635 -0.6693 0.9213, 1.2635 -0.7087 0.9213, 1.2522 -0.6693 0.9322, 1.2522 -0.7087 0.9322, 1.2363 -0.6693 0.9413, 1.2363 -0.7087 0.9413, 1.2461 -0.6693 0.9482, 1.2461 -0.7087 0.9482, 1.2598 -0.6693 0.9616, 1.2598 -0.7087 0.9616, 1.2677 -0.6693 0.9744, 1.2677 -0.7087 0.9744, 1.2718 -0.6693 0.9879, 1.2718 -0.7087 0.9879, 1.2732 -0.6693 1.0058, 1.2732 -0.7087 1.0058, 1.2707 -0.6693 1.0207, 1.2707 -0.7087 1.0207, 1.2654 -0.6693 1.0336, 1.2654 -0.7087 1.0336, 1.2578 -0.6693 1.0443, 1.2578 -0.7087 1.0443, 1.2487 -0.6693 1.0522, 1.2487 -0.7087 1.0522, 1.2358 -0.6693 1.059, 1.2358 -0.7087 1.059, 1.2191 -0.6693 1.0637, 1.2191 -0.7087 1.0637, 1.1961 -0.6693 1.0643, 1.1961 -0.7087 1.0643, 1.1766 -0.6693 1.0605, 1.1766 -0.7087 1.0605, 1.1634 -0.6693 1.0542, 1.1634 -0.7087 1.0542, 1.1523 -0.6693 1.0453, 1.1523 -0.7087 1.0453, 1.1384 -0.6693 1.0267, 1.1384 -0.7087 1.0267, 1.1256 -0.6693 0.9981, 1.1256 -0.7087 0.9981, 1.1525 -0.7087 0.9936, 1.1525 -0.6693 0.9936, 1.1606 -0.6693 1.0122, 1.1606 -0.7087 1.0122, 1.1692 -0.6693 1.0245, 1.1692 -0.7087 1.0245, 1.1773 -0.6693 1.0318, 1.1773 -0.7087 1.0318, 1.1849 -0.6693 1.0356, 1.1849 -0.7087 1.0356, 1.1855 -0.6693 1.0358, 1.1855 -0.7087 1.0358, 1.1979 -0.6693 1.0386, 1.1979 -0.7087 1.0386, 1.2083 -0.6693 1.0383, 1.2083 -0.7087 1.0383, 1.2181 -0.6693 1.0355, 1.2181 -0.7087 1.0355, 1.2276 -0.6693 1.0303, 1.2276 -0.7087 1.0303, 1.2334 -0.6693 1.0249, 1.2334 -0.7087 1.0249, 1.2376 -0.6693 1.019, 1.2376 -0.7087 1.019, 1.2408 -0.6693 1.011, 1.2408 -0.7087 1.011, 1.2424 -0.6693 1.0006, 1.2424 -0.7087 1.0006, 1.2418 -0.6693 0.9895, 1.2418 -0.7087 0.9895, 1.2391 -0.6693 0.9803, 1.2391 -0.7087 0.9803, 1.2346 -0.6693 0.9724, 1.2346 -0.7087 0.9724, 1.2273 -0.6693 0.9647, 1.2273 -0.7087 0.9647, 1.2181 -0.6693 0.9588, 1.2181 -0.7087 0.9588, 1.2017 -0.6693 0.9531, 1.2017 -0.7087 0.9531, 1.1839 -0.6693 0.9502, 1.1839 -0.7087 0.9502, 1.1839 -0.7087 0.9308, 1.1839 -0.6693 0.9308, 1.1934 -0.6693 0.9292, 1.1934 -0.7087 0.9292, 1.2169 -0.6693 0.9224, 1.2169 -0.7087 0.9224, 1.2282 -0.6693 0.9161, 1.2282 -0.7087 0.9161, 1.2354 -0.6693 0.9094, 1.2354 -0.7087 0.9094, 1.2406 -0.6693 0.9017, 1.2406 -0.7087 0.9017, 1.2443 -0.6693 0.8907, 1.2443 -0.7087 0.8907, 1.2454 -0.6693 0.8778, 1.2454 -0.7087 0.8778, 1.2438 -0.6693 0.8661, 1.2438 -0.7087 0.8661, 1.2396 -0.6693 0.8551, 1.2396 -0.7087 0.8551, 1.232 -0.6693 0.8443, 1.232 -0.7087 0.8443, 1.2248 -0.6693 0.8381, 1.2248 -0.7087 0.8381, 1.2165 -0.6693 0.8338, 1.2165 -0.7087 0.8338, 1.2068 -0.6693 0.8316, 1.2068 -0.7087 0.8316, 1.1932 -0.6693 0.8317, 1.1932 -0.7087 0.8317, 1.1826 -0.6693 0.8344, 1.1826 -0.7087 0.8344, 1.1737 -0.6693 0.8394, 1.1737 -0.7087 0.8394, 1.1652 -0.6693 0.8471, 1.1652 -0.7087 0.8471, 1.156 -0.6693 0.86, 1.156 -0.7087 0.86, 1.1495 -0.6693 0.8754, 1.1495 -0.7087 0.8754
            ]
        }
        coordIndex [
            0,1,2,-1,2,1,3,-1,4,0,5,-1,5,0,2,-1,6,4,7,-1,7,4,5,-1,8,6,9,-1,9,6,7,-1,8,9,10,-1,8,10,11,-1,11,10,12,-1,11,12,13,-1,14,13,15,-1,15,13,12,-1,14,15,16,-1,14,16,17,-1,17,16,3,-1,17,3,1,-1,0,4,1,-1,1,4,6,-1,6,8,1,-1,1,8,11,-1,1,11,17,-1,17,11,13,-1,17,13,14,-1,18,19,20,-1,20,19,21,-1,22,18,23,-1,23,18,20,-1,24,22,25,-1,25,22,23,-1,26,24,27,-1,27,24,25,-1,26,27,28,-1,26,28,29,-1,29,28,30,-1,29,30,31,-1,31,30,32,-1,31,32,33,-1,33,32,34,-1,33,34,35,-1,35,34,36,-1,35,36,37,-1,37,36,38,-1,37,38,39,-1,39,38,40,-1,39,40,41,-1,41,40,42,-1,41,42,43,-1,43,42,44,-1,43,44,45,-1,45,44,46,-1,45,46,47,-1,47,46,48,-1,47,48,49,-1,49,48,50,-1,49,50,51,-1,51,50,52,-1,51,52,53,-1,53,52,54,-1,53,54,55,-1,55,54,56,-1,55,56,57,-1,57,56,58,-1,57,58,59,-1,59,58,60,-1,59,60,61,-1,61,60,62,-1,61,62,63,-1,64,63,65,-1,65,63,62,-1,64,65,66,-1,64,66,67,-1,67,66,68,-1,67,68,69,-1,69,68,70,-1,69,70,71,-1,71,70,72,-1,71,72,73,-1,73,72,74,-1,73,74,75,-1,75,74,76,-1,75,76,77,-1,77,76,78,-1,77,78,79,-1,79,78,80,-1,79,80,81,-1,81,80,82,-1,81,82,83,-1,83,82,84,-1,83,84,85,-1,85,84,86,-1,85,86,87,-1,87,86,88,-1,87,88,89,-1,89,88,90,-1,89,90,91,-1,91,90,92,-1,91,92,93,-1,93,92,94,-1,93,94,95,-1,95,94,96,-1,95,96,97,-1,97,96,98,-1,97,98,99,-1,99,98,100,-1,99,100,101,-1,101,100,102,-1,101,102,103,-1,103,102,21,-1,103,21,19,-1,22,24,26,-1,22,26,18,-1,61,63,64,-1,64,67,61,-1,61,67,69,-1,61,69,59,-1,59,69,71,-1,59,71,57,-1,57,71,73,-1,57,73,55,-1,55,73,53,-1,53,73,75,-1,53,75,51,-1,51,75,77,-1,51,77,49,-1,49,77,79,-1,49,79,47,-1,47,79,81,-1,47,81,45,-1,45,81,83,-1,45,83,43,-1,43,83,85,-1,43,85,41,-1,41,85,39,-1,39,85,87,-1,39,87,37,-1,37,87,89,-1,37,89,35,-1,35,89,91,-1,35,91,33,-1,33,91,93,-1,33,93,31,-1,31,93,95,-1,31,95,29,-1,29,95,97,-1,29,97,26,-1,26,97,99,-1,26,99,101,-1,101,103,26,-1,26,103,19,-1,26,19,18,-1,104,105,106,-1,104,106,107,-1,107,106,108,-1,107,108,109,-1,109,108,110,-1,109,110,111,-1,111,110,112,-1,111,112,113,-1,113,112,114,-1,113,114,115,-1,115,114,116,-1,115,116,117,-1,117,116,118,-1,117,118,119,-1,119,118,120,-1,119,120,121,-1,121,120,122,-1,121,122,123,-1,123,122,124,-1,123,124,125,-1,125,124,126,-1,125,126,127,-1,127,126,128,-1,127,128,129,-1,129,128,130,-1,129,130,131,-1,131,130,132,-1,131,132,133,-1,133,132,134,-1,133,134,135,-1,135,134,136,-1,135,136,137,-1,137,136,138,-1,137,138,139,-1,139,138,140,-1,139,140,141,-1,141,140,142,-1,141,142,143,-1,143,142,144,-1,143,144,145,-1,145,144,146,-1,145,146,147,-1,147,146,148,-1,147,148,149,-1,149,148,150,-1,149,150,151,-1,151,150,152,-1,151,152,153,-1,153,152,154,-1,153,154,155,-1,155,154,156,-1,155,156,157,-1,157,156,158,-1,157,158,159,-1,159,158,160,-1,159,160,161,-1,161,160,162,-1,161,162,163,-1,163,162,164,-1,163,164,165,-1,165,164,166,-1,165,166,167,-1,167,166,168,-1,167,168,169,-1,169,168,170,-1,169,170,171,-1,171,170,172,-1,171,172,173,-1,173,172,174,-1,173,174,175,-1,176,175,177,-1,177,175,174,-1,176,177,178,-1,176,178,179,-1,179,178,180,-1,179,180,181,-1,181,180,182,-1,181,182,183,-1,183,182,184,-1,183,184,185,-1,185,184,186,-1,185,186,187,-1,187,186,188,-1,187,188,189,-1,189,188,190,-1,189,190,191,-1,191,190,192,-1,191,192,193,-1,193,192,194,-1,193,194,195,-1,195,194,196,-1,195,196,197,-1,197,196,198,-1,197,198,199,-1,199,198,200,-1,199,200,201,-1,201,200,202,-1,201,202,203,-1,203,202,204,-1,203,204,205,-1,205,204,206,-1,205,206,207,-1,207,206,208,-1,207,208,209,-1,209,208,210,-1,209,210,211,-1,211,210,212,-1,211,212,213,-1,213,212,214,-1,213,214,215,-1,215,214,216,-1,215,216,217,-1,218,217,219,-1,219,217,216,-1,218,219,220,-1,218,220,221,-1,221,220,222,-1,221,222,223,-1,223,222,224,-1,223,224,225,-1,225,224,226,-1,225,226,227,-1,227,226,228,-1,227,228,229,-1,229,228,230,-1,229,230,231,-1,231,230,232,-1,231,232,233,-1,233,232,234,-1,233,234,235,-1,235,234,236,-1,235,236,237,-1,237,236,238,-1,237,238,239,-1,239,238,240,-1,239,240,241,-1,241,240,242,-1,241,242,243,-1,243,242,244,-1,243,244,245,-1,245,244,246,-1,245,246,247,-1,247,246,248,-1,247,248,249,-1,249,248,250,-1,249,250,251,-1,251,250,252,-1,251,252,253,-1,253,252,254,-1,253,254,255,-1,255,254,256,-1,255,256,257,-1,104,257,105,-1,105,257,256,-1,141,225,139,-1,139,225,227,-1,139,227,137,-1,137,227,229,-1,137,229,135,-1,175,176,173,-1,173,176,179,-1,173,179,171,-1,171,179,181,-1,171,181,169,-1,169,181,183,-1,169,183,167,-1,218,221,141,-1,141,221,223,-1,141,223,225,-1,135,229,133,-1,133,229,231,-1,133,231,131,-1,131,231,233,-1,131,233,129,-1,129,233,235,-1,129,235,127,-1,127,235,237,-1,127,237,125,-1,125,237,239,-1,125,239,123,-1,123,239,241,-1,123,241,121,-1,121,241,243,-1,121,243,119,-1,119,243,245,-1,119,245,117,-1,117,245,247,-1,117,247,115,-1,115,247,249,-1,115,249,113,-1,113,249,251,-1,113,251,111,-1,111,251,253,-1,111,253,109,-1,109,253,255,-1,109,255,107,-1,107,255,257,-1,107,257,104,-1,183,185,167,-1,167,185,187,-1,167,187,165,-1,165,187,189,-1,165,189,163,-1,163,189,191,-1,163,191,161,-1,161,191,193,-1,161,193,159,-1,159,193,195,-1,159,195,157,-1,157,195,197,-1,157,197,155,-1,155,197,199,-1,155,199,153,-1,153,199,201,-1,153,201,151,-1,151,201,203,-1,151,203,149,-1,149,203,205,-1,149,205,147,-1,147,205,207,-1,147,207,145,-1,145,207,209,-1,145,209,143,-1,143,209,211,-1,143,211,141,-1,141,211,213,-1,141,213,218,-1,218,213,215,-1,218,215,217,-1,
        ]
    }
}